36018 info lifecycle figures@2.0.0~preinstall: figures@2.0.0
36019 silly preinstall css-selector-tokenizer@0.7.3
36020 info lifecycle css-selector-tokenizer@0.7.3~preinstall: css-selector-tokenizer@0.7.3
36021 silly preinstall fastparse@1.1.2
36022 info lifecycle fastparse@1.1.2~preinstall: fastparse@1.1.2
36023 silly preinstall fast-levenshtein@2.0.6
36024 info lifecycle fast-levenshtein@2.0.6~preinstall: fast-levenshtein@2.0.6
36025 silly preinstall fast-json-stable-stringify@2.1.0
36026 info lifecycle fast-json-stable-stringify@2.1.0~preinstall: fast-json-stable-stringify@2.1.0
36027 silly preinstall fast-deep-equal@1.1.0
36028 info lifecycle fast-deep-equal@1.1.0~preinstall: fast-deep-equal@1.1.0
36029 silly preinstall extsprintf@1.3.0
36030 info lifecycle extsprintf@1.3.0~preinstall: extsprintf@1.3.0
36031 silly preinstall extend@3.0.2
36032 info lifecycle extend@3.0.2~preinstall: extend@3.0.2
36033 silly preinstall ext@1.7.0
36034 info lifecycle ext@1.7.0~preinstall: ext@1.7.0
36035 silly preinstall type@2.7.2
36036 info lifecycle type@2.7.2~preinstall: type@2.7.2
36037 silly preinstall safe-buffer@5.2.1
36038 info lifecycle safe-buffer@5.2.1~preinstall: safe-buffer@5.2.1
36039 silly preinstall path-to-regexp@0.1.7
36040 info lifecycle path-to-regexp@0.1.7~preinstall: path-to-regexp@0.1.7
36041 silly preinstall negotiator@0.6.3
36042 info lifecycle negotiator@0.6.3~preinstall: negotiator@0.6.3
36043 silly preinstall cookie@0.5.0
36044 info lifecycle cookie@0.5.0~preinstall: cookie@0.5.0
36045 silly preinstall expand-braces@0.1.2
36046 info lifecycle expand-braces@0.1.2~preinstall: expand-braces@0.1.2
36047 silly preinstall braces@0.1.5
36048 info lifecycle braces@0.1.5~preinstall: braces@0.1.5
36049 silly preinstall expand-range@0.1.1
36050 info lifecycle expand-range@0.1.1~preinstall: expand-range@0.1.1
36051 silly preinstall repeat-string@0.2.2
36052 info lifecycle repeat-string@0.2.2~preinstall: repeat-string@0.2.2
36053 silly preinstall is-number@0.1.1
36054 info lifecycle is-number@0.1.1~preinstall: is-number@0.1.1
36055 silly preinstall events@3.3.0
36056 info lifecycle events@3.3.0~preinstall: events@3.3.0
36057 silly preinstall eventemitter3@4.0.7
36058 info lifecycle eventemitter3@4.0.7~preinstall: eventemitter3@4.0.7
36059 silly preinstall etag@1.8.1
36060 info lifecycle etag@1.8.1~preinstall: etag@1.8.1
36061 silly preinstall doctrine@2.1.0
36062 info lifecycle doctrine@2.1.0~preinstall: doctrine@2.1.0
36063 silly preinstall esutils@2.0.3
36064 info lifecycle esutils@2.0.3~preinstall: esutils@2.0.3
36065 silly preinstall eslint-scope@3.7.1
36066 info lifecycle eslint-scope@3.7.1~preinstall: eslint-scope@3.7.1
36067 silly preinstall estraverse@4.3.0
36068 info lifecycle estraverse@4.3.0~preinstall: estraverse@4.3.0
36069 silly preinstall esrecurse@4.3.0
36070 info lifecycle esrecurse@4.3.0~preinstall: esrecurse@4.3.0
36071 silly preinstall estraverse@5.3.0
36072 info lifecycle estraverse@5.3.0~preinstall: estraverse@5.3.0
36073 silly preinstall esquery@1.5.0
36074 info lifecycle esquery@1.5.0~preinstall: esquery@1.5.0
36075 silly preinstall estraverse@5.3.0
36076 info lifecycle estraverse@5.3.0~preinstall: estraverse@5.3.0
36077 silly preinstall esprima@2.7.3
36078 info lifecycle esprima@2.7.3~preinstall: esprima@2.7.3
36079 silly preinstall espree@3.5.4
36080 info lifecycle espree@3.5.4~preinstall: espree@3.5.4
36081 silly preinstall strip-ansi@4.0.0
36082 info lifecycle strip-ansi@4.0.0~preinstall: strip-ansi@4.0.0
36083 silly preinstall debug@3.2.7
36084 info lifecycle debug@3.2.7~preinstall: debug@3.2.7
36085 silly preinstall ms@2.1.3
36086 info lifecycle ms@2.1.3~preinstall: ms@2.1.3
36087 silly preinstall globals@11.12.0
36088 info lifecycle globals@11.12.0~preinstall: globals@11.12.0
36089 silly preinstall esprima@4.0.1
36090 info lifecycle esprima@4.0.1~preinstall: esprima@4.0.1
36091 silly preinstall ansi-regex@3.0.1
36092 info lifecycle ansi-regex@3.0.1~preinstall: ansi-regex@3.0.1
36093 silly preinstall eslint-visitor-keys@1.3.0
36094 info lifecycle eslint-visitor-keys@1.3.0~preinstall: eslint-visitor-keys@1.3.0
36095 silly preinstall semver@5.3.0
36096 info lifecycle semver@5.3.0~preinstall: semver@5.3.0
36097 silly preinstall semver@6.3.0
36098 info lifecycle semver@6.3.0~preinstall: semver@6.3.0
36099 silly preinstall debug@3.2.7
36100 info lifecycle debug@3.2.7~preinstall: debug@3.2.7
36101 silly preinstall ms@2.1.3
36102 info lifecycle ms@2.1.3~preinstall: ms@2.1.3
36103 silly preinstall is-glob@4.0.3
36104 info lifecycle is-glob@4.0.3~preinstall: is-glob@4.0.3
36105 silly preinstall is-extglob@2.1.1
36106 info lifecycle is-extglob@2.1.1~preinstall: is-extglob@2.1.1
36107 silly preinstall eslint-module-utils@2.8.0
36108 info lifecycle eslint-module-utils@2.8.0~preinstall: eslint-module-utils@2.8.0
36109 silly preinstall debug@3.2.7
36110 info lifecycle debug@3.2.7~preinstall: debug@3.2.7
36111 silly preinstall ms@2.1.3
36112 info lifecycle ms@2.1.3~preinstall: ms@2.1.3
36113 silly preinstall debug@3.2.7
36114 info lifecycle debug@3.2.7~preinstall: debug@3.2.7
36115 silly preinstall ms@2.1.3
36116 info lifecycle ms@2.1.3~preinstall: ms@2.1.3
36117 silly preinstall supports-color@2.0.0
36118 info lifecycle supports-color@2.0.0~preinstall: supports-color@2.0.0
36119 silly preinstall ansi-styles@2.2.1
36120 info lifecycle ansi-styles@2.2.1~preinstall: ansi-styles@2.2.1
36121 silly preinstall source-map@0.2.0
36122 info lifecycle source-map@0.2.0~preinstall: source-map@0.2.0
36123 silly preinstall estraverse@1.9.3
36124 info lifecycle estraverse@1.9.3~preinstall: estraverse@1.9.3
36125 silly preinstall escape-string-regexp@1.0.5
36126 info lifecycle escape-string-regexp@1.0.5~preinstall: escape-string-regexp@1.0.5
36127 silly preinstall escape-html@1.0.3
36128 info lifecycle escape-html@1.0.3~preinstall: escape-html@1.0.3
36129 silly preinstall escalade@3.1.1
36130 info lifecycle escalade@3.1.1~preinstall: escalade@3.1.1
36131 silly preinstall type@2.7.2
36132 info lifecycle type@2.7.2~preinstall: type@2.7.2
36133 silly preinstall es6-promise@4.2.8
36134 info lifecycle es6-promise@4.2.8~preinstall: es6-promise@4.2.8
36135 silly preinstall es-array-method-boxes-properly@1.0.0
36136 info lifecycle es-array-method-boxes-properly@1.0.0~preinstall: es-array-method-boxes-properly@1.0.0
36137 silly preinstall domutils@2.8.0
36138 info lifecycle domutils@2.8.0~preinstall: domutils@2.8.0
36139 silly preinstall dom-serializer@1.4.1
36140 info lifecycle dom-serializer@1.4.1~preinstall: dom-serializer@1.4.1
36141 silly preinstall css-select@2.1.0
36142 info lifecycle css-select@2.1.0~preinstall: css-select@2.1.0
36143 silly preinstall domutils@1.7.0
36144 info lifecycle domutils@1.7.0~preinstall: domutils@1.7.0
36145 silly preinstall dom-serializer@0.2.2
36146 info lifecycle dom-serializer@0.2.2~preinstall: dom-serializer@0.2.2
36147 silly preinstall entities@2.2.0
36148 info lifecycle entities@2.2.0~preinstall: entities@2.2.0
36149 silly preinstall ent@2.2.0
36150 info lifecycle ent@2.2.0~preinstall: ent@2.2.0
36151 silly preinstall debug@2.3.3
36152 info lifecycle debug@2.3.3~preinstall: debug@2.3.3
36153 silly preinstall ms@0.7.2
36154 info lifecycle ms@0.7.2~preinstall: ms@0.7.2
36155 silly preinstall debug@2.3.3
36156 info lifecycle debug@2.3.3~preinstall: debug@2.3.3
36157 silly preinstall ms@0.7.2
36158 info lifecycle ms@0.7.2~preinstall: ms@0.7.2
36159 silly preinstall component-emitter@1.2.1
36160 info lifecycle component-emitter@1.2.1~preinstall: component-emitter@1.2.1
36161 silly preinstall encodeurl@1.0.2
36162 info lifecycle encodeurl@1.0.2~preinstall: encodeurl@1.0.2
36163 silly preinstall emojis-list@3.0.0
36164 info lifecycle emojis-list@3.0.0~preinstall: emojis-list@3.0.0
36165 silly preinstall bn.js@4.12.0
36166 info lifecycle bn.js@4.12.0~preinstall: bn.js@4.12.0
36167 silly preinstall browserslist@1.7.7
36168 info lifecycle browserslist@1.7.7~preinstall: browserslist@1.7.7
36169 silly preinstall browserslist@1.7.7
36170 info lifecycle browserslist@1.7.7~preinstall: browserslist@1.7.7
36171 silly preinstall browserslist@2.11.3
36172 info lifecycle browserslist@2.11.3~preinstall: browserslist@2.11.3
36173 silly preinstall browserslist@3.2.8
36174 info lifecycle browserslist@3.2.8~preinstall: browserslist@3.2.8
36175 silly preinstall electron-to-chromium@1.4.371
36176 info lifecycle electron-to-chromium@1.4.371~preinstall: electron-to-chromium@1.4.371
36177 silly preinstall ejs@2.7.4
36178 info lifecycle ejs@2.7.4~preinstall: ejs@2.7.4
36179 silly preinstall ee-first@1.1.1
36180 info lifecycle ee-first@1.1.1~preinstall: ee-first@1.1.1
36181 silly preinstall duplexer@0.1.2
36182 info lifecycle duplexer@0.1.2~preinstall: duplexer@0.1.2
36183 silly preinstall domhandler@4.3.1
36184 info lifecycle domhandler@4.3.1~preinstall: domhandler@4.3.1
36185 silly preinstall domelementtype@2.3.0
36186 info lifecycle domelementtype@2.3.0~preinstall: domelementtype@2.3.0
36187 silly preinstall domain-browser@1.2.0
36188 info lifecycle domain-browser@1.2.0~preinstall: domain-browser@1.2.0
36189 silly preinstall dns-txt@2.0.2
36190 info lifecycle dns-txt@2.0.2~preinstall: dns-txt@2.0.2
36191 silly preinstall dns-equal@1.0.0
36192 info lifecycle dns-equal@1.0.0~preinstall: dns-equal@1.0.0
36193 silly preinstall bn.js@4.12.0
36194 info lifecycle bn.js@4.12.0~preinstall: bn.js@4.12.0
36195 silly preinstall diff@3.2.0
36196 info lifecycle diff@3.2.0~preinstall: diff@3.2.0
36197 silly preinstall di@0.0.1
36198 info lifecycle di@0.0.1~preinstall: di@0.0.1
36199 silly preinstall detect-node@2.1.0
36200 info lifecycle detect-node@2.1.0~preinstall: detect-node@2.1.0
36201 silly preinstall destroy@1.2.0
36202 info lifecycle destroy@1.2.0~preinstall: destroy@1.2.0
36203 silly preinstall depd@2.0.0
36204 info lifecycle depd@2.0.0~preinstall: depd@2.0.0
36205 silly preinstall combined-stream@1.0.8
36206 info lifecycle combined-stream@1.0.8~preinstall: combined-stream@1.0.8
36207 silly preinstall delayed-stream@1.0.0
36208 info lifecycle delayed-stream@1.0.0~preinstall: delayed-stream@1.0.0
36209 silly preinstall pify@2.3.0
36210 info lifecycle pify@2.3.0~preinstall: pify@2.3.0
36211 silly preinstall defined@1.0.1
36212 info lifecycle defined@1.0.1~preinstall: defined@1.0.1
36213 silly preinstall define-property@2.0.2
36214 info lifecycle define-property@2.0.2~preinstall: define-property@2.0.2
36215 silly preinstall is-descriptor@1.0.2
36216 info lifecycle is-descriptor@1.0.2~preinstall: is-descriptor@1.0.2
36217 silly preinstall is-data-descriptor@1.0.0
36218 info lifecycle is-data-descriptor@1.0.0~preinstall: is-data-descriptor@1.0.0
36219 silly preinstall is-accessor-descriptor@1.0.0
36220 info lifecycle is-accessor-descriptor@1.0.0~preinstall: is-accessor-descriptor@1.0.0
36221 silly preinstall kind-of@6.0.3
36222 info lifecycle kind-of@6.0.3~preinstall: kind-of@6.0.3
36223 silly preinstall isobject@3.0.1
36224 info lifecycle isobject@3.0.1~preinstall: isobject@3.0.1
36225 silly preinstall deepmerge@1.5.2
36226 info lifecycle deepmerge@1.5.2~preinstall: deepmerge@1.5.2
36227 silly preinstall deep-is@0.1.4
36228 info lifecycle deep-is@0.1.4~preinstall: deep-is@0.1.4
36229 silly preinstall decode-uri-component@0.2.2
36230 info lifecycle decode-uri-component@0.2.2~preinstall: decode-uri-component@0.2.2
36231 silly preinstall decamelize@1.2.0
36232 info lifecycle decamelize@1.2.0~preinstall: decamelize@1.2.0
36233 silly preinstall de-indent@1.0.2
36234 info lifecycle de-indent@1.0.2~preinstall: de-indent@1.0.2
36235 silly preinstall dashdash@1.14.1
36236 info lifecycle dashdash@1.14.1~preinstall: dashdash@1.14.1
36237 silly preinstall cyclist@1.0.1
36238 info lifecycle cyclist@1.0.1~preinstall: cyclist@1.0.1
36239 silly preinstall custom-event@1.0.1
36240 info lifecycle custom-event@1.0.1~preinstall: custom-event@1.0.1
36241 silly preinstall currently-unhandled@0.4.1
36242 info lifecycle currently-unhandled@0.4.1~preinstall: currently-unhandled@0.4.1
36243 silly preinstall cuint@0.2.2
36244 info lifecycle cuint@0.2.2~preinstall: cuint@0.2.2
36245 silly preinstall csstype@3.1.2
36246 info lifecycle csstype@3.1.2~preinstall: csstype@3.1.2
36247 silly preinstall source-map@0.5.7
36248 info lifecycle source-map@0.5.7~preinstall: source-map@0.5.7
36249 silly preinstall supports-color@3.2.3
36250 info lifecycle supports-color@3.2.3~preinstall: supports-color@3.2.3
36251 silly preinstall source-map@0.5.7
36252 info lifecycle source-map@0.5.7~preinstall: source-map@0.5.7
36253 silly preinstall has-flag@1.0.0
36254 info lifecycle has-flag@1.0.0~preinstall: has-flag@1.0.0
36255 silly preinstall supports-color@2.0.0
36256 info lifecycle supports-color@2.0.0~preinstall: supports-color@2.0.0
36257 silly preinstall ansi-styles@2.2.1
36258 info lifecycle ansi-styles@2.2.1~preinstall: ansi-styles@2.2.1
36259 silly preinstall cssnano-util-same-parent@4.0.1
36260 info lifecycle cssnano-util-same-parent@4.0.1~preinstall: cssnano-util-same-parent@4.0.1
36261 silly preinstall picocolors@0.2.1
36262 info lifecycle picocolors@0.2.1~preinstall: picocolors@0.2.1
36263 silly preinstall cssnano-util-get-match@4.0.0
36264 info lifecycle cssnano-util-get-match@4.0.0~preinstall: cssnano-util-get-match@4.0.0
36265 silly preinstall cssnano-util-get-arguments@4.0.0
36266 info lifecycle cssnano-util-get-arguments@4.0.0~preinstall: cssnano-util-get-arguments@4.0.0
36267 silly preinstall postcss-value-parser@4.2.0
36268 info lifecycle postcss-value-parser@4.2.0~preinstall: postcss-value-parser@4.2.0
36269 silly preinstall postcss-value-parser@3.3.1
36270 info lifecycle postcss-value-parser@3.3.1~preinstall: postcss-value-parser@3.3.1
36271 silly preinstall postcss-value-parser@3.3.1
36272 info lifecycle postcss-value-parser@3.3.1~preinstall: postcss-value-parser@3.3.1
36273 silly preinstall postcss-value-parser@3.3.1
36274 info lifecycle postcss-value-parser@3.3.1~preinstall: postcss-value-parser@3.3.1
36275 silly preinstall postcss-value-parser@3.3.1
36276 info lifecycle postcss-value-parser@3.3.1~preinstall: postcss-value-parser@3.3.1
36277 silly preinstall postcss-value-parser@3.3.1
36278 info lifecycle postcss-value-parser@3.3.1~preinstall: postcss-value-parser@3.3.1
36279 silly preinstall postcss-value-parser@3.3.1
36280 info lifecycle postcss-value-parser@3.3.1~preinstall: postcss-value-parser@3.3.1
36281 silly preinstall postcss-value-parser@3.3.1
36282 info lifecycle postcss-value-parser@3.3.1~preinstall: postcss-value-parser@3.3.1
36283 silly preinstall postcss-value-parser@3.3.1
36284 info lifecycle postcss-value-parser@3.3.1~preinstall: postcss-value-parser@3.3.1
36285 silly preinstall postcss-value-parser@3.3.1
36286 info lifecycle postcss-value-parser@3.3.1~preinstall: postcss-value-parser@3.3.1
36287 silly preinstall postcss-value-parser@3.3.1
36288 info lifecycle postcss-value-parser@3.3.1~preinstall: postcss-value-parser@3.3.1
36289 silly preinstall picocolors@0.2.1
36290 info lifecycle picocolors@0.2.1~preinstall: picocolors@0.2.1
36291 silly preinstall nth-check@1.0.2
36292 info lifecycle nth-check@1.0.2~preinstall: nth-check@1.0.2
36293 silly preinstall normalize-url@3.3.0
36294 info lifecycle normalize-url@3.3.0~preinstall: normalize-url@3.3.0
36295 silly preinstall mdn-data@2.0.14
36296 info lifecycle mdn-data@2.0.14~preinstall: mdn-data@2.0.14
36297 silly preinstall esprima@4.0.1
36298 info lifecycle esprima@4.0.1~preinstall: esprima@4.0.1
36299 silly preinstall domelementtype@1.3.1
36300 info lifecycle domelementtype@1.3.1~preinstall: domelementtype@1.3.1
36301 silly preinstall domelementtype@2.3.0
36302 info lifecycle domelementtype@2.3.0~preinstall: domelementtype@2.3.0
36303 silly preinstall css-what@3.4.2
36304 info lifecycle css-what@3.4.2~preinstall: css-what@3.4.2
36305 silly preinstall cssesc@3.0.0
36306 info lifecycle cssesc@3.0.0~preinstall: cssesc@3.0.0
36307 silly preinstall css-what@6.1.0
36308 info lifecycle css-what@6.1.0~preinstall: css-what@6.1.0
36309 silly preinstall css-select-base-adapter@0.1.1
36310 info lifecycle css-select-base-adapter@0.1.1~preinstall: css-select-base-adapter@0.1.1
36311 silly preinstall supports-color@3.2.3
36312 info lifecycle supports-color@3.2.3~preinstall: supports-color@3.2.3
36313 silly preinstall source-map@0.5.7
36314 info lifecycle source-map@0.5.7~preinstall: source-map@0.5.7
36315 silly preinstall has-flag@1.0.0
36316 info lifecycle has-flag@1.0.0~preinstall: has-flag@1.0.0
36317 silly preinstall supports-color@2.0.0
36318 info lifecycle supports-color@2.0.0~preinstall: supports-color@2.0.0
36319 silly preinstall ansi-styles@2.2.1
36320 info lifecycle ansi-styles@2.2.1~preinstall: ansi-styles@2.2.1
36321 silly preinstall picocolors@0.2.1
36322 info lifecycle picocolors@0.2.1~preinstall: picocolors@0.2.1
36323 silly preinstall css-color-names@0.0.4
36324 info lifecycle css-color-names@0.0.4~preinstall: css-color-names@0.0.4
36325 silly preinstall bn.js@4.12.0
36326 info lifecycle bn.js@4.12.0~preinstall: bn.js@4.12.0
36327 silly preinstall esprima@4.0.1
36328 info lifecycle esprima@4.0.1~preinstall: esprima@4.0.1
36329 silly preinstall core-util-is@1.0.3
36330 info lifecycle core-util-is@1.0.3~preinstall: core-util-is@1.0.3
36331 silly preinstall core-js@2.6.12
36332 info lifecycle core-js@2.6.12~preinstall: core-js@2.6.12
36333 silly preinstall is-glob@4.0.3
36334 info lifecycle is-glob@4.0.3~preinstall: is-glob@4.0.3
36335 silly preinstall is-extglob@2.1.1
36336 info lifecycle is-extglob@2.1.1~preinstall: is-extglob@2.1.1
36337 silly preinstall copy-descriptor@0.1.1
36338 info lifecycle copy-descriptor@0.1.1~preinstall: copy-descriptor@0.1.1
36339 silly preinstall cookie-signature@1.0.6
36340 info lifecycle cookie-signature@1.0.6~preinstall: cookie-signature@1.0.6
36341 silly preinstall cookie@0.3.1
36342 info lifecycle cookie@0.3.1~preinstall: cookie@0.3.1
36343 silly preinstall convert-source-map@1.9.0
36344 info lifecycle convert-source-map@1.9.0~preinstall: convert-source-map@1.9.0
36345 silly preinstall content-type@1.0.5
36346 info lifecycle content-type@1.0.5~preinstall: content-type@1.0.5
36347 silly preinstall content-disposition@0.5.4
36348 info lifecycle content-disposition@0.5.4~preinstall: content-disposition@0.5.4
36349 silly preinstall safe-buffer@5.2.1
36350 info lifecycle safe-buffer@5.2.1~preinstall: safe-buffer@5.2.1
36351 silly preinstall constants-browserify@1.0.0
36352 info lifecycle constants-browserify@1.0.0~preinstall: constants-browserify@1.0.0
36353 silly preinstall consolidate@0.14.5
36354 info lifecycle consolidate@0.14.5~preinstall: consolidate@0.14.5
36355 silly preinstall console-browserify@1.2.0
36356 info lifecycle console-browserify@1.2.0~preinstall: console-browserify@1.2.0
36357 silly preinstall connect-history-api-fallback@1.6.0
36358 info lifecycle connect-history-api-fallback@1.6.0~preinstall: connect-history-api-fallback@1.6.0
36359 silly preinstall brace-expansion@1.1.11
36360 info lifecycle brace-expansion@1.1.11~preinstall: brace-expansion@1.1.11
36361 silly preinstall concat-map@0.0.1
36362 info lifecycle concat-map@0.0.1~preinstall: concat-map@0.0.1
36363 silly preinstall negotiator@0.6.3
36364 info lifecycle negotiator@0.6.3~preinstall: negotiator@0.6.3
36365 silly preinstall bytes@3.0.0
36366 info lifecycle bytes@3.0.0~preinstall: bytes@3.0.0
36367 silly preinstall component-inherit@0.0.3
36368 info lifecycle component-inherit@0.0.3~preinstall: component-inherit@0.0.3
36369 silly preinstall component-emitter@1.3.0
36370 info lifecycle component-emitter@1.3.0~preinstall: component-emitter@1.3.0
36371 silly preinstall component-bind@1.0.0
36372 info lifecycle component-bind@1.0.0~preinstall: component-bind@1.0.0
36373 silly preinstall commondir@1.0.1
36374 info lifecycle commondir@1.0.1~preinstall: commondir@1.0.1
36375 silly preinstall commander@2.17.1
36376 info lifecycle commander@2.17.1~preinstall: commander@2.17.1
36377 silly preinstall colors@1.1.2
36378 info lifecycle colors@1.1.2~preinstall: colors@1.1.2
36379 silly preinstall color@0.11.4
36380 info lifecycle color@0.11.4~preinstall: color@0.11.4
36381 silly preinstall color-string@0.3.0
36382 info lifecycle color-string@0.3.0~preinstall: color-string@0.3.0
36383 silly preinstall ansi-styles@3.2.1
36384 info lifecycle ansi-styles@3.2.1~preinstall: ansi-styles@3.2.1
36385 silly preinstall color-convert@1.9.3
36386 info lifecycle color-convert@1.9.3~preinstall: color-convert@1.9.3
36387 silly preinstall color-name@1.1.3
36388 info lifecycle color-name@1.1.3~preinstall: color-name@1.1.3
36389 silly preinstall code-point-at@1.1.0
36390 info lifecycle code-point-at@1.1.0~preinstall: code-point-at@1.1.0
36391 silly preinstall coalescy@1.0.0
36392 info lifecycle coalescy@1.0.0~preinstall: coalescy@1.0.0
36393 silly preinstall co@4.6.0
36394 info lifecycle co@4.6.0~preinstall: co@4.6.0
36395 silly preinstall clone@1.0.4
36396 info lifecycle clone@1.0.4~preinstall: clone@1.0.4
36397 silly preinstall wordwrap@0.0.2
36398 info lifecycle wordwrap@0.0.2~preinstall: wordwrap@0.0.2
36399 silly preinstall cli-width@2.2.1
36400 info lifecycle cli-width@2.2.1~preinstall: cli-width@2.2.1
36401 silly preinstall cli-spinners@1.3.1
36402 info lifecycle cli-spinners@1.3.1~preinstall: cli-spinners@1.3.1
36403 silly preinstall isobject@3.0.1
36404 info lifecycle isobject@3.0.1~preinstall: isobject@3.0.1
36405 silly preinstall supports-color@2.0.0
36406 info lifecycle supports-color@2.0.0~preinstall: supports-color@2.0.0
36407 silly preinstall ansi-styles@2.2.1
36408 info lifecycle ansi-styles@2.2.1~preinstall: ansi-styles@2.2.1
36409 silly preinstall circular-json@0.3.3
36410 info lifecycle circular-json@0.3.3~preinstall: circular-json@0.3.3
36411 silly preinstall chownr@1.1.4
36412 info lifecycle chownr@1.1.4~preinstall: chownr@1.1.4
36413 silly preinstall check-types@7.4.0
36414 info lifecycle check-types@7.4.0~preinstall: check-types@7.4.0
36415 silly preinstall check-error@1.0.2
36416 info lifecycle check-error@1.0.2~preinstall: check-error@1.0.2
36417 silly preinstall chardet@0.4.2
36418 info lifecycle chardet@0.4.2~preinstall: chardet@0.4.2
36419 silly preinstall caseless@0.12.0
36420 info lifecycle caseless@0.12.0~preinstall: caseless@0.12.0
36421 silly preinstall caniuse-lite@1.0.30001481
36422 info lifecycle caniuse-lite@1.0.30001481~preinstall: caniuse-lite@1.0.30001481
36423 silly preinstall caniuse-db@1.0.30001481
36424 info lifecycle caniuse-db@1.0.30001481~preinstall: caniuse-db@1.0.30001481
36425 silly preinstall camelcase@2.1.1
36426 info lifecycle camelcase@2.1.1~preinstall: camelcase@2.1.1
36427 silly preinstall caller-path@0.1.0
36428 info lifecycle caller-path@0.1.0~preinstall: caller-path@0.1.0
36429 silly preinstall callsites@0.2.0
36430 info lifecycle callsites@0.2.0~preinstall: callsites@0.2.0
36431 silly preinstall better-assert@1.0.2
36432 info lifecycle better-assert@1.0.2~preinstall: better-assert@1.0.2
36433 silly preinstall callsite@1.0.0
36434 info lifecycle callsite@1.0.0~preinstall: callsite@1.0.0
36435 silly preinstall caller-callsite@2.0.0
36436 info lifecycle caller-callsite@2.0.0~preinstall: caller-callsite@2.0.0
36437 silly preinstall callsites@2.0.0
36438 info lifecycle callsites@2.0.0~preinstall: callsites@2.0.0
36439 silly preinstall isobject@3.0.1
36440 info lifecycle isobject@3.0.1~preinstall: isobject@3.0.1
36441 silly preinstall bytes@3.1.2
36442 info lifecycle bytes@3.1.2~preinstall: bytes@3.1.2
36443 silly preinstall builtin-status-codes@3.0.0
36444 info lifecycle builtin-status-codes@3.0.0~preinstall: builtin-status-codes@3.0.0
36445 silly preinstall buffer-xor@1.0.3
36446 info lifecycle buffer-xor@1.0.3~preinstall: buffer-xor@1.0.3
36447 silly preinstall buffer-indexof@1.1.1
36448 info lifecycle buffer-indexof@1.1.1~preinstall: buffer-indexof@1.1.1
36449 silly preinstall buffer-from@1.1.2
36450 info lifecycle buffer-from@1.1.2~preinstall: buffer-from@1.1.2
36451 silly preinstall buffer-alloc@1.2.0
36452 info lifecycle buffer-alloc@1.2.0~preinstall: buffer-alloc@1.2.0
36453 silly preinstall buffer-fill@1.0.0
36454 info lifecycle buffer-fill@1.0.0~preinstall: buffer-fill@1.0.0
36455 silly preinstall buffer-crc32@0.2.13
36456 info lifecycle buffer-crc32@0.2.13~preinstall: buffer-crc32@0.2.13
36457 silly preinstall buffer-alloc-unsafe@1.1.0
36458 info lifecycle buffer-alloc-unsafe@1.1.0~preinstall: buffer-alloc-unsafe@1.1.0
36459 silly preinstall safe-buffer@5.2.1
36460 info lifecycle safe-buffer@5.2.1~preinstall: safe-buffer@5.2.1
36461 silly preinstall browser-stdout@1.3.0
36462 info lifecycle browser-stdout@1.3.0~preinstall: browser-stdout@1.3.0
36463 silly preinstall brorand@1.1.0
36464 info lifecycle brorand@1.1.0~preinstall: brorand@1.1.0
36465 silly preinstall boolbase@1.0.0
36466 info lifecycle boolbase@1.0.0~preinstall: boolbase@1.0.0
36467 silly preinstall array-flatten@2.1.2
36468 info lifecycle array-flatten@2.1.2~preinstall: array-flatten@2.1.2
36469 silly preinstall bn.js@5.2.1
36470 info lifecycle bn.js@5.2.1~preinstall: bn.js@5.2.1
36471 silly preinstall bluebird@3.7.2
36472 info lifecycle bluebird@3.7.2~preinstall: bluebird@3.7.2
36473 silly preinstall blob@0.0.4
36474 info lifecycle blob@0.0.4~preinstall: blob@0.0.4
36475 silly preinstall binary-extensions@1.13.1
36476 info lifecycle binary-extensions@1.13.1~preinstall: binary-extensions@1.13.1
36477 silly preinstall big.js@5.2.2
36478 info lifecycle big.js@5.2.2~preinstall: big.js@5.2.2
36479 silly preinstall batch@0.6.1
36480 info lifecycle batch@0.6.1~preinstall: batch@0.6.1
36481 silly preinstall base64id@1.0.0
36482 info lifecycle base64id@1.0.0~preinstall: base64id@1.0.0
36483 silly preinstall base64-js@1.5.1
36484 info lifecycle base64-js@1.5.1~preinstall: base64-js@1.5.1
36485 silly preinstall base64-arraybuffer@0.1.5
36486 info lifecycle base64-arraybuffer@0.1.5~preinstall: base64-arraybuffer@0.1.5
36487 silly preinstall define-property@1.0.0
36488 info lifecycle define-property@1.0.0~preinstall: define-property@1.0.0
36489 silly preinstall is-descriptor@1.0.2
36490 info lifecycle is-descriptor@1.0.2~preinstall: is-descriptor@1.0.2
36491 silly preinstall is-data-descriptor@1.0.0
36492 info lifecycle is-data-descriptor@1.0.0~preinstall: is-data-descriptor@1.0.0
36493 silly preinstall is-accessor-descriptor@1.0.0
36494 info lifecycle is-accessor-descriptor@1.0.0~preinstall: is-accessor-descriptor@1.0.0
36495 silly preinstall kind-of@6.0.3
36496 info lifecycle kind-of@6.0.3~preinstall: kind-of@6.0.3
36497 silly preinstall isobject@3.0.1
36498 info lifecycle isobject@3.0.1~preinstall: isobject@3.0.1
36499 silly preinstall balanced-match@1.0.2
36500 info lifecycle balanced-match@1.0.2~preinstall: balanced-match@1.0.2
36501 silly preinstall backo2@1.0.2
36502 info lifecycle backo2@1.0.2~preinstall: backo2@1.0.2
36503 silly preinstall babylon@6.18.0
36504 info lifecycle babylon@6.18.0~preinstall: babylon@6.18.0
36505 silly preinstall babel-plugin-syntax-trailing-function-commas@6.22.0
36506 info lifecycle babel-plugin-syntax-trailing-function-commas@6.22.0~preinstall: babel-plugin-syntax-trailing-function-commas@6.22.0
36507 silly preinstall babel-plugin-syntax-object-rest-spread@6.13.0
36508 info lifecycle babel-plugin-syntax-object-rest-spread@6.13.0~preinstall: babel-plugin-syntax-object-rest-spread@6.13.0
36509 silly preinstall babel-plugin-syntax-exponentiation-operator@6.13.0
36510 info lifecycle babel-plugin-syntax-exponentiation-operator@6.13.0~preinstall: babel-plugin-syntax-exponentiation-operator@6.13.0
36511 silly preinstall babel-plugin-syntax-dynamic-import@6.18.0
36512 info lifecycle babel-plugin-syntax-dynamic-import@6.18.0~preinstall: babel-plugin-syntax-dynamic-import@6.18.0
36513 silly preinstall babel-plugin-syntax-decorators@6.13.0
36514 info lifecycle babel-plugin-syntax-decorators@6.13.0~preinstall: babel-plugin-syntax-decorators@6.13.0
36515 silly preinstall babel-plugin-syntax-class-properties@6.13.0
36516 info lifecycle babel-plugin-syntax-class-properties@6.13.0~preinstall: babel-plugin-syntax-class-properties@6.13.0
36517 silly preinstall babel-plugin-syntax-async-generators@6.13.0
36518 info lifecycle babel-plugin-syntax-async-generators@6.13.0~preinstall: babel-plugin-syntax-async-generators@6.13.0
36519 silly preinstall babel-plugin-syntax-async-functions@6.13.0
36520 info lifecycle babel-plugin-syntax-async-functions@6.13.0~preinstall: babel-plugin-syntax-async-functions@6.13.0
36521 silly preinstall babel-helper-vue-jsx-merge-props@2.0.3
36522 info lifecycle babel-helper-vue-jsx-merge-props@2.0.3~preinstall: babel-helper-vue-jsx-merge-props@2.0.3
36523 silly preinstall source-map@0.5.7
36524 info lifecycle source-map@0.5.7~preinstall: source-map@0.5.7
36525 silly preinstall babylon@7.0.0-beta.44
36526 info lifecycle babylon@7.0.0-beta.44~preinstall: babylon@7.0.0-beta.44
36527 silly preinstall source-map@0.5.7
36528 info lifecycle source-map@0.5.7~preinstall: source-map@0.5.7
36529 silly preinstall supports-color@2.0.0
36530 info lifecycle supports-color@2.0.0~preinstall: supports-color@2.0.0
36531 silly preinstall ansi-styles@2.2.1
36532 info lifecycle ansi-styles@2.2.1~preinstall: ansi-styles@2.2.1
36533 silly preinstall aws4@1.12.0
36534 info lifecycle aws4@1.12.0~preinstall: aws4@1.12.0
36535 timing action:preinstall Completed in 287ms
36536 silly doSerial build 14384
36537 silly build jsesc@2.5.2
36538 info linkStuff jsesc@2.5.2
36539 silly linkStuff jsesc@2.5.2 has D:\software\CodeLibrary\es-vue-project\node_modules\@babel\generator\node_modules as its parent node_modules
36540 verbose linkBins [
36540 verbose linkBins   { jsesc: 'bin/jsesc' },
36540 verbose linkBins   'D:\\software\\CodeLibrary\\es-vue-project\\node_modules\\@babel\\generator\\node_modules\\.bin',
36540 verbose linkBins   false
36540 verbose linkBins ]
36541 silly build source-map@0.5.7
36542 info linkStuff source-map@0.5.7
36543 silly linkStuff source-map@0.5.7 has D:\software\CodeLibrary\es-vue-project\node_modules\@babel\generator\node_modules as its parent node_modules
36544 silly build @babel/parser@7.21.4
36545 info linkStuff @babel/parser@7.21.4
36546 silly linkStuff @babel/parser@7.21.4 has D:\software\CodeLibrary\es-vue-project\node_modules as its parent node_modules
36547 verbose linkBins [
36547 verbose linkBins   { parser: 'bin/babel-parser.js' },
36547 verbose linkBins   'D:\\software\\CodeLibrary\\es-vue-project\\node_modules\\.bin',
36547 verbose linkBins   false
36547 verbose linkBins ]
36548 silly build babylon@7.0.0-beta.44
36549 info linkStuff babylon@7.0.0-beta.44
36550 silly linkStuff babylon@7.0.0-beta.44 has D:\software\CodeLibrary\es-vue-project\node_modules\@babel\template\node_modules as its parent node_modules
36551 verbose linkBins [
36551 verbose linkBins   { babylon: 'bin/babylon.js' },
36551 verbose linkBins   'D:\\software\\CodeLibrary\\es-vue-project\\node_modules\\@babel\\template\\node_modules\\.bin',
36551 verbose linkBins   false
36551 verbose linkBins ]
36552 silly build babylon@7.0.0-beta.44
36553 info linkStuff babylon@7.0.0-beta.44
36554 silly linkStuff babylon@7.0.0-beta.44 has D:\software\CodeLibrary\es-vue-project\node_modules\@babel\traverse\node_modules as its parent node_modules
36555 verbose linkBins [
36555 verbose linkBins   { babylon: 'bin/babylon.js' },
36555 verbose linkBins   'D:\\software\\CodeLibrary\\es-vue-project\\node_modules\\@babel\\traverse\\node_modules\\.bin',
36555 verbose linkBins   false
36555 verbose linkBins ]
36556 silly build globals@11.12.0
36557 info linkStuff globals@11.12.0
36558 silly linkStuff globals@11.12.0 has D:\software\CodeLibrary\es-vue-project\node_modules\@babel\traverse\node_modules as its parent node_modules
36559 silly build ms@2.1.3
36560 info linkStuff ms@2.1.3
36561 silly linkStuff ms@2.1.3 has D:\software\CodeLibrary\es-vue-project\node_modules\@babel\traverse\node_modules as its parent node_modules
36562 silly build debug@3.2.7
36563 info linkStuff debug@3.2.7
36564 silly linkStuff debug@3.2.7 has D:\software\CodeLibrary\es-vue-project\node_modules\@babel\traverse\node_modules as its parent node_modules
36565 silly build to-fast-properties@2.0.0
36566 info linkStuff to-fast-properties@2.0.0
36567 silly linkStuff to-fast-properties@2.0.0 has D:\software\CodeLibrary\es-vue-project\node_modules\@babel\types\node_modules as its parent node_modules
36568 silly build @sinonjs/text-encoding@0.7.2
36569 info linkStuff @sinonjs/text-encoding@0.7.2
36570 silly linkStuff @sinonjs/text-encoding@0.7.2 has D:\software\CodeLibrary\es-vue-project\node_modules as its parent node_modules
36571 silly build @types/json5@0.0.29
36572 info linkStuff @types/json5@0.0.29
36573 silly linkStuff @types/json5@0.0.29 has D:\software\CodeLibrary\es-vue-project\node_modules as its parent node_modules
36574 silly build @types/q@1.5.5
36575 info linkStuff @types/q@1.5.5
36576 silly linkStuff @types/q@1.5.5 has D:\software\CodeLibrary\es-vue-project\node_modules as its parent node_modules
36577 silly build abbrev@1.0.9
36578 info linkStuff abbrev@1.0.9
36579 silly linkStuff abbrev@1.0.9 has D:\software\CodeLibrary\es-vue-project\node_modules as its parent node_modules
36580 silly build acorn@5.7.4
36581 info linkStuff acorn@5.7.4
36582 silly linkStuff acorn@5.7.4 has D:\software\CodeLibrary\es-vue-project\node_modules as its parent node_modules
36583 verbose linkBins [
36583 verbose linkBins   { acorn: 'bin/acorn' },
36583 verbose linkBins   'D:\\software\\CodeLibrary\\es-vue-project\\node_modules\\.bin',
36583 verbose linkBins   false
36583 verbose linkBins ]
36584 silly build acorn@4.0.13
36585 info linkStuff acorn@4.0.13
36586 silly linkStuff acorn@4.0.13 has D:\software\CodeLibrary\es-vue-project\node_modules\acorn-dynamic-import\node_modules as its parent node_modules
36587 verbose linkBins [
36587 verbose linkBins   { acorn: 'bin/acorn' },
36587 verbose linkBins   'D:\\software\\CodeLibrary\\es-vue-project\\node_modules\\acorn-dynamic-import\\node_modules\\.bin',
36587 verbose linkBins   false
36587 verbose linkBins ]
36588 silly build acorn-dynamic-import@2.0.2
36589 info linkStuff acorn-dynamic-import@2.0.2
36590 silly linkStuff acorn-dynamic-import@2.0.2 has D:\software\CodeLibrary\es-vue-project\node_modules as its parent node_modules
36591 silly build acorn@3.3.0
36592 info linkStuff acorn@3.3.0
36593 silly linkStuff acorn@3.3.0 has D:\software\CodeLibrary\es-vue-project\node_modules\acorn-jsx\node_modules as its parent node_modules
36594 verbose linkBins [
36594 verbose linkBins   { acorn: 'bin/acorn' },
36594 verbose linkBins   'D:\\software\\CodeLibrary\\es-vue-project\\node_modules\\acorn-jsx\\node_modules\\.bin',
36594 verbose linkBins   false
36594 verbose linkBins ]
36595 silly build acorn-jsx@3.0.1
36596 info linkStuff acorn-jsx@3.0.1
36597 silly linkStuff acorn-jsx@3.0.1 has D:\software\CodeLibrary\es-vue-project\node_modules as its parent node_modules
36598 silly build after@0.8.2
36599 info linkStuff after@0.8.2
36600 silly linkStuff after@0.8.2 has D:\software\CodeLibrary\es-vue-project\node_modules as its parent node_modules
36601 silly build ajv-keywords@2.1.1
36602 info linkStuff ajv-keywords@2.1.1
36603 silly linkStuff ajv-keywords@2.1.1 has D:\software\CodeLibrary\es-vue-project\node_modules as its parent node_modules
36604 silly build alphanum-sort@1.0.2
36605 info linkStuff alphanum-sort@1.0.2
36606 silly linkStuff alphanum-sort@1.0.2 has D:\software\CodeLibrary\es-vue-project\node_modules as its parent node_modules
36607 silly build amdefine@1.0.1
36608 info linkStuff amdefine@1.0.1
36609 silly linkStuff amdefine@1.0.1 has D:\software\CodeLibrary\es-vue-project\node_modules as its parent node_modules
36610 silly build ansi-escapes@3.2.0
36611 info linkStuff ansi-escapes@3.2.0
36612 silly linkStuff ansi-escapes@3.2.0 has D:\software\CodeLibrary\es-vue-project\node_modules as its parent node_modules
36613 silly build ansi-html@0.0.7
36614 info linkStuff ansi-html@0.0.7
36615 silly linkStuff ansi-html@0.0.7 has D:\software\CodeLibrary\es-vue-project\node_modules as its parent node_modules
36616 verbose linkBins [
36616 verbose linkBins   { 'ansi-html': 'bin/ansi-html' },
36616 verbose linkBins   'D:\\software\\CodeLibrary\\es-vue-project\\node_modules\\.bin',
36616 verbose linkBins   false
36616 verbose linkBins ]
36617 silly build ansi-regex@2.1.1
36618 info linkStuff ansi-regex@2.1.1
36619 silly linkStuff ansi-regex@2.1.1 has D:\software\CodeLibrary\es-vue-project\node_modules as its parent node_modules
36620 silly build aproba@1.2.0
36621 info linkStuff aproba@1.2.0
36622 silly linkStuff aproba@1.2.0 has D:\software\CodeLibrary\es-vue-project\node_modules as its parent node_modules
36623 silly build arr-flatten@1.1.0
36624 info linkStuff arr-flatten@1.1.0
36625 silly linkStuff arr-flatten@1.1.0 has D:\software\CodeLibrary\es-vue-project\node_modules as its parent node_modules
36626 silly build arr-diff@2.0.0
36627 info linkStuff arr-diff@2.0.0
36628 silly linkStuff arr-diff@2.0.0 has D:\software\CodeLibrary\es-vue-project\node_modules as its parent node_modules
36629 silly build arr-union@3.1.0
36630 info linkStuff arr-union@3.1.0
36631 silly linkStuff arr-union@3.1.0 has D:\software\CodeLibrary\es-vue-project\node_modules as its parent node_modules
36632 silly build array-find-index@1.0.2
36633 info linkStuff array-find-index@1.0.2
36634 silly linkStuff array-find-index@1.0.2 has D:\software\CodeLibrary\es-vue-project\node_modules as its parent node_modules
36635 silly build array-flatten@1.1.1
36636 info linkStuff array-flatten@1.1.1
36637 silly linkStuff array-flatten@1.1.1 has D:\software\CodeLibrary\es-vue-project\node_modules as its parent node_modules
36638 silly build array-from@2.1.1
36639 info linkStuff array-from@2.1.1
36640 silly linkStuff array-from@2.1.1 has D:\software\CodeLibrary\es-vue-project\node_modules as its parent node_modules
36641 silly build array-slice@0.2.3
36642 info linkStuff array-slice@0.2.3
36643 silly linkStuff array-slice@0.2.3 has D:\software\CodeLibrary\es-vue-project\node_modules as its parent node_modules
36644 silly build array-uniq@1.0.3
36645 info linkStuff array-uniq@1.0.3
36646 silly linkStuff array-uniq@1.0.3 has D:\software\CodeLibrary\es-vue-project\node_modules as its parent node_modules
36647 silly build array-union@1.0.2
36648 info linkStuff array-union@1.0.2
36649 silly linkStuff array-union@1.0.2 has D:\software\CodeLibrary\es-vue-project\node_modules as its parent node_modules
36650 silly build array-unique@0.2.1
36651 info linkStuff array-unique@0.2.1
36652 silly linkStuff array-unique@0.2.1 has D:\software\CodeLibrary\es-vue-project\node_modules as its parent node_modules
36653 silly build arraybuffer.slice@0.0.6
36654 info linkStuff arraybuffer.slice@0.0.6
36655 silly linkStuff arraybuffer.slice@0.0.6 has D:\software\CodeLibrary\es-vue-project\node_modules as its parent node_modules
36656 silly build arrify@1.0.1
36657 info linkStuff arrify@1.0.1
36658 silly linkStuff arrify@1.0.1 has D:\software\CodeLibrary\es-vue-project\node_modules as its parent node_modules
36659 silly build bn.js@4.12.0
36660 info linkStuff bn.js@4.12.0
36661 silly linkStuff bn.js@4.12.0 has D:\software\CodeLibrary\es-vue-project\node_modules\asn1.js\node_modules as its parent node_modules
36662 silly build assert-plus@1.0.0
36663 info linkStuff assert-plus@1.0.0
36664 silly linkStuff assert-plus@1.0.0 has D:\software\CodeLibrary\es-vue-project\node_modules as its parent node_modules
36665 silly build inherits@2.0.1
36666 info linkStuff inherits@2.0.1
36667 silly linkStuff inherits@2.0.1 has D:\software\CodeLibrary\es-vue-project\node_modules\assert\node_modules as its parent node_modules
36668 silly build util@0.10.3
36669 info linkStuff util@0.10.3
36670 silly linkStuff util@0.10.3 has D:\software\CodeLibrary\es-vue-project\node_modules\assert\node_modules as its parent node_modules
36671 silly build assertion-error@1.1.0
36672 info linkStuff assertion-error@1.1.0
36673 silly linkStuff assertion-error@1.1.0 has D:\software\CodeLibrary\es-vue-project\node_modules as its parent node_modules
36674 silly build assign-symbols@1.0.0
36675 info linkStuff assign-symbols@1.0.0
36676 silly linkStuff assign-symbols@1.0.0 has D:\software\CodeLibrary\es-vue-project\node_modules as its parent node_modules
36677 silly build async-each@1.0.6
36678 info linkStuff async-each@1.0.6
36679 silly linkStuff async-each@1.0.6 has D:\software\CodeLibrary\es-vue-project\node_modules as its parent node_modules
36680 silly build async-limiter@1.0.1
36681 info linkStuff async-limiter@1.0.1
36682 silly linkStuff async-limiter@1.0.1 has D:\software\CodeLibrary\es-vue-project\node_modules as its parent node_modules
36683 silly build asynckit@0.4.0
36684 info linkStuff asynckit@0.4.0
36685 silly linkStuff asynckit@0.4.0 has D:\software\CodeLibrary\es-vue-project\node_modules as its parent node_modules
36686 silly build atob@2.1.2
36687 info linkStuff atob@2.1.2
36688 silly linkStuff atob@2.1.2 has D:\software\CodeLibrary\es-vue-project\node_modules as its parent node_modules
36689 verbose linkBins [
36689 verbose linkBins   { atob: 'bin/atob.js' },
36689 verbose linkBins   'D:\\software\\CodeLibrary\\es-vue-project\\node_modules\\.bin',
36689 verbose linkBins   false
36689 verbose linkBins ]
36690 silly build available-typed-arrays@1.0.5
36691 info linkStuff available-typed-arrays@1.0.5
36692 silly linkStuff available-typed-arrays@1.0.5 has D:\software\CodeLibrary\es-vue-project\node_modules as its parent node_modules
36693 silly build aws-sign2@0.7.0
36694 info linkStuff aws-sign2@0.7.0
36695 silly linkStuff aws-sign2@0.7.0 has D:\software\CodeLibrary\es-vue-project\node_modules as its parent node_modules
36696 silly build aws4@1.12.0
36697 info linkStuff aws4@1.12.0
36698 silly linkStuff aws4@1.12.0 has D:\software\CodeLibrary\es-vue-project\node_modules as its parent node_modules
36699 silly build ansi-styles@2.2.1
36700 info linkStuff ansi-styles@2.2.1
36701 silly linkStuff ansi-styles@2.2.1 has D:\software\CodeLibrary\es-vue-project\node_modules\babel-code-frame\node_modules as its parent node_modules
36702 silly build supports-color@2.0.0
36703 info linkStuff supports-color@2.0.0
36704 silly linkStuff supports-color@2.0.0 has D:\software\CodeLibrary\es-vue-project\node_modules\babel-code-frame\node_modules as its parent node_modules
36705 silly build source-map@0.5.7
36706 info linkStuff source-map@0.5.7
36707 silly linkStuff source-map@0.5.7 has D:\software\CodeLibrary\es-vue-project\node_modules\babel-core\node_modules as its parent node_modules
36708 silly build babylon@7.0.0-beta.44
36709 info linkStuff babylon@7.0.0-beta.44
36710 silly linkStuff babylon@7.0.0-beta.44 has D:\software\CodeLibrary\es-vue-project\node_modules\babel-eslint\node_modules as its parent node_modules
36711 verbose linkBins [
36711 verbose linkBins   { babylon: 'bin/babylon.js' },
36711 verbose linkBins   'D:\\software\\CodeLibrary\\es-vue-project\\node_modules\\babel-eslint\\node_modules\\.bin',
36711 verbose linkBins   false
36711 verbose linkBins ]
36712 silly build source-map@0.5.7
36713 info linkStuff source-map@0.5.7
36714 silly linkStuff source-map@0.5.7 has D:\software\CodeLibrary\es-vue-project\node_modules\babel-generator\node_modules as its parent node_modules
36715 silly build babel-helper-vue-jsx-merge-props@2.0.3
36716 info linkStuff babel-helper-vue-jsx-merge-props@2.0.3
36717 silly linkStuff babel-helper-vue-jsx-merge-props@2.0.3 has D:\software\CodeLibrary\es-vue-project\node_modules as its parent node_modules
36718 silly build babel-plugin-syntax-async-functions@6.13.0
36719 info linkStuff babel-plugin-syntax-async-functions@6.13.0
36720 silly linkStuff babel-plugin-syntax-async-functions@6.13.0 has D:\software\CodeLibrary\es-vue-project\node_modules as its parent node_modules
36721 silly build babel-plugin-syntax-async-generators@6.13.0
36722 info linkStuff babel-plugin-syntax-async-generators@6.13.0
36723 silly linkStuff babel-plugin-syntax-async-generators@6.13.0 has D:\software\CodeLibrary\es-vue-project\node_modules as its parent node_modules
36724 silly build babel-plugin-syntax-class-properties@6.13.0
36725 info linkStuff babel-plugin-syntax-class-properties@6.13.0
36726 silly linkStuff babel-plugin-syntax-class-properties@6.13.0 has D:\software\CodeLibrary\es-vue-project\node_modules as its parent node_modules
36727 silly build babel-plugin-syntax-decorators@6.13.0
36728 info linkStuff babel-plugin-syntax-decorators@6.13.0
36729 silly linkStuff babel-plugin-syntax-decorators@6.13.0 has D:\software\CodeLibrary\es-vue-project\node_modules as its parent node_modules
36730 silly build babel-plugin-syntax-dynamic-import@6.18.0
36731 info linkStuff babel-plugin-syntax-dynamic-import@6.18.0
36732 silly linkStuff babel-plugin-syntax-dynamic-import@6.18.0 has D:\software\CodeLibrary\es-vue-project\node_modules as its parent node_modules
36733 silly build babel-plugin-syntax-exponentiation-operator@6.13.0
36734 info linkStuff babel-plugin-syntax-exponentiation-operator@6.13.0
36735 silly linkStuff babel-plugin-syntax-exponentiation-operator@6.13.0 has D:\software\CodeLibrary\es-vue-project\node_modules as its parent node_modules
36736 silly build babel-plugin-syntax-object-rest-spread@6.13.0
36737 info linkStuff babel-plugin-syntax-object-rest-spread@6.13.0
36738 silly linkStuff babel-plugin-syntax-object-rest-spread@6.13.0 has D:\software\CodeLibrary\es-vue-project\node_modules as its parent node_modules
36739 silly build babel-plugin-syntax-trailing-function-commas@6.22.0
36740 info linkStuff babel-plugin-syntax-trailing-function-commas@6.22.0
36741 silly linkStuff babel-plugin-syntax-trailing-function-commas@6.22.0 has D:\software\CodeLibrary\es-vue-project\node_modules as its parent node_modules
36742 silly build babylon@6.18.0
36743 info linkStuff babylon@6.18.0
36744 silly linkStuff babylon@6.18.0 has D:\software\CodeLibrary\es-vue-project\node_modules as its parent node_modules
36745 verbose linkBins [
36745 verbose linkBins   { babylon: 'bin/babylon.js' },
36745 verbose linkBins   'D:\\software\\CodeLibrary\\es-vue-project\\node_modules\\.bin',
36745 verbose linkBins   false
36745 verbose linkBins ]
36746 silly build backo2@1.0.2
36747 info linkStuff backo2@1.0.2
36748 silly linkStuff backo2@1.0.2 has D:\software\CodeLibrary\es-vue-project\node_modules as its parent node_modules
36749 silly build balanced-match@1.0.2
36750 info linkStuff balanced-match@1.0.2
36751 silly linkStuff balanced-match@1.0.2 has D:\software\CodeLibrary\es-vue-project\node_modules as its parent node_modules
36752 silly build isobject@3.0.1
36753 info linkStuff isobject@3.0.1
36754 silly linkStuff isobject@3.0.1 has D:\software\CodeLibrary\es-vue-project\node_modules\base\node_modules as its parent node_modules
36755 silly build kind-of@6.0.3
36756 info linkStuff kind-of@6.0.3
36757 silly linkStuff kind-of@6.0.3 has D:\software\CodeLibrary\es-vue-project\node_modules\base\node_modules as its parent node_modules
36758 silly build is-accessor-descriptor@1.0.0
36759 info linkStuff is-accessor-descriptor@1.0.0
36760 silly linkStuff is-accessor-descriptor@1.0.0 has D:\software\CodeLibrary\es-vue-project\node_modules\base\node_modules as its parent node_modules
36761 silly build is-data-descriptor@1.0.0
36762 info linkStuff is-data-descriptor@1.0.0
36763 silly linkStuff is-data-descriptor@1.0.0 has D:\software\CodeLibrary\es-vue-project\node_modules\base\node_modules as its parent node_modules
36764 silly build is-descriptor@1.0.2
36765 info linkStuff is-descriptor@1.0.2
36766 silly linkStuff is-descriptor@1.0.2 has D:\software\CodeLibrary\es-vue-project\node_modules\base\node_modules as its parent node_modules
36767 silly build define-property@1.0.0
36768 info linkStuff define-property@1.0.0
36769 silly linkStuff define-property@1.0.0 has D:\software\CodeLibrary\es-vue-project\node_modules\base\node_modules as its parent node_modules
36770 silly build base64-arraybuffer@0.1.5
36771 info linkStuff base64-arraybuffer@0.1.5
36772 silly linkStuff base64-arraybuffer@0.1.5 has D:\software\CodeLibrary\es-vue-project\node_modules as its parent node_modules
36773 silly build base64-js@1.5.1
36774 info linkStuff base64-js@1.5.1
36775 silly linkStuff base64-js@1.5.1 has D:\software\CodeLibrary\es-vue-project\node_modules as its parent node_modules
36776 silly build base64id@1.0.0
36777 info linkStuff base64id@1.0.0
36778 silly linkStuff base64id@1.0.0 has D:\software\CodeLibrary\es-vue-project\node_modules as its parent node_modules
36779 silly build batch@0.6.1
36780 info linkStuff batch@0.6.1
36781 silly linkStuff batch@0.6.1 has D:\software\CodeLibrary\es-vue-project\node_modules as its parent node_modules
36782 silly build big.js@5.2.2
36783 info linkStuff big.js@5.2.2
36784 silly linkStuff big.js@5.2.2 has D:\software\CodeLibrary\es-vue-project\node_modules as its parent node_modules
36785 silly build binary-extensions@1.13.1
36786 info linkStuff binary-extensions@1.13.1
36787 silly linkStuff binary-extensions@1.13.1 has D:\software\CodeLibrary\es-vue-project\node_modules as its parent node_modules
36788 silly build blob@0.0.4
36789 info linkStuff blob@0.0.4
36790 silly linkStuff blob@0.0.4 has D:\software\CodeLibrary\es-vue-project\node_modules as its parent node_modules
36791 silly build bluebird@3.7.2
36792 info linkStuff bluebird@3.7.2
36793 silly linkStuff bluebird@3.7.2 has D:\software\CodeLibrary\es-vue-project\node_modules as its parent node_modules
36794 silly build bn.js@5.2.1
36795 info linkStuff bn.js@5.2.1
36796 silly linkStuff bn.js@5.2.1 has D:\software\CodeLibrary\es-vue-project\node_modules as its parent node_modules
36797 silly build array-flatten@2.1.2
36798 info linkStuff array-flatten@2.1.2
36799 silly linkStuff array-flatten@2.1.2 has D:\software\CodeLibrary\es-vue-project\node_modules\bonjour\node_modules as its parent node_modules
36800 silly build boolbase@1.0.0
36801 info linkStuff boolbase@1.0.0
36802 silly linkStuff boolbase@1.0.0 has D:\software\CodeLibrary\es-vue-project\node_modules as its parent node_modules
36803 silly build brorand@1.1.0
36804 info linkStuff brorand@1.1.0
36805 silly linkStuff brorand@1.1.0 has D:\software\CodeLibrary\es-vue-project\node_modules as its parent node_modules
36806 silly build browser-stdout@1.3.0
36807 info linkStuff browser-stdout@1.3.0
36808 silly linkStuff browser-stdout@1.3.0 has D:\software\CodeLibrary\es-vue-project\node_modules as its parent node_modules
36809 silly build safe-buffer@5.2.1
36810 info linkStuff safe-buffer@5.2.1
36811 silly linkStuff safe-buffer@5.2.1 has D:\software\CodeLibrary\es-vue-project\node_modules\browserify-sign\node_modules as its parent node_modules
36812 silly build buffer-alloc-unsafe@1.1.0
36813 info linkStuff buffer-alloc-unsafe@1.1.0
36814 silly linkStuff buffer-alloc-unsafe@1.1.0 has D:\software\CodeLibrary\es-vue-project\node_modules as its parent node_modules
36815 silly build buffer-crc32@0.2.13
36816 info linkStuff buffer-crc32@0.2.13
36817 silly linkStuff buffer-crc32@0.2.13 has D:\software\CodeLibrary\es-vue-project\node_modules as its parent node_modules
36818 silly build buffer-fill@1.0.0
36819 info linkStuff buffer-fill@1.0.0
36820 silly linkStuff buffer-fill@1.0.0 has D:\software\CodeLibrary\es-vue-project\node_modules as its parent node_modules
36821 silly build buffer-alloc@1.2.0
36822 info linkStuff buffer-alloc@1.2.0
36823 silly linkStuff buffer-alloc@1.2.0 has D:\software\CodeLibrary\es-vue-project\node_modules as its parent node_modules
36824 silly build buffer-from@1.1.2
36825 info linkStuff buffer-from@1.1.2
36826 silly linkStuff buffer-from@1.1.2 has D:\software\CodeLibrary\es-vue-project\node_modules as its parent node_modules
36827 silly build buffer-indexof@1.1.1
36828 info linkStuff buffer-indexof@1.1.1
36829 silly linkStuff buffer-indexof@1.1.1 has D:\software\CodeLibrary\es-vue-project\node_modules as its parent node_modules
36830 silly build buffer-xor@1.0.3
36831 info linkStuff buffer-xor@1.0.3
36832 silly linkStuff buffer-xor@1.0.3 has D:\software\CodeLibrary\es-vue-project\node_modules as its parent node_modules
36833 silly build builtin-status-codes@3.0.0
36834 info linkStuff builtin-status-codes@3.0.0
36835 silly linkStuff builtin-status-codes@3.0.0 has D:\software\CodeLibrary\es-vue-project\node_modules as its parent node_modules
36836 silly build bytes@3.1.2
36837 info linkStuff bytes@3.1.2
36838 silly linkStuff bytes@3.1.2 has D:\software\CodeLibrary\es-vue-project\node_modules as its parent node_modules
36839 silly build isobject@3.0.1
36840 info linkStuff isobject@3.0.1
36841 silly linkStuff isobject@3.0.1 has D:\software\CodeLibrary\es-vue-project\node_modules\cache-base\node_modules as its parent node_modules
36842 silly build callsites@2.0.0
36843 info linkStuff callsites@2.0.0
36844 silly linkStuff callsites@2.0.0 has D:\software\CodeLibrary\es-vue-project\node_modules\caller-callsite\node_modules as its parent node_modules
36845 silly build caller-callsite@2.0.0
36846 info linkStuff caller-callsite@2.0.0
36847 silly linkStuff caller-callsite@2.0.0 has D:\software\CodeLibrary\es-vue-project\node_modules as its parent node_modules
36848 silly build callsite@1.0.0
36849 info linkStuff callsite@1.0.0
36850 silly linkStuff callsite@1.0.0 has D:\software\CodeLibrary\es-vue-project\node_modules as its parent node_modules
36851 silly build better-assert@1.0.2
36852 info linkStuff better-assert@1.0.2
36853 silly linkStuff better-assert@1.0.2 has D:\software\CodeLibrary\es-vue-project\node_modules as its parent node_modules
36854 silly build callsites@0.2.0
36855 info linkStuff callsites@0.2.0
36856 silly linkStuff callsites@0.2.0 has D:\software\CodeLibrary\es-vue-project\node_modules as its parent node_modules
36857 silly build caller-path@0.1.0
36858 info linkStuff caller-path@0.1.0
36859 silly linkStuff caller-path@0.1.0 has D:\software\CodeLibrary\es-vue-project\node_modules as its parent node_modules
36860 silly build camelcase@2.1.1
36861 info linkStuff camelcase@2.1.1
36862 silly linkStuff camelcase@2.1.1 has D:\software\CodeLibrary\es-vue-project\node_modules as its parent node_modules
36863 silly build caniuse-db@1.0.30001481
36864 info linkStuff caniuse-db@1.0.30001481
36865 silly linkStuff caniuse-db@1.0.30001481 has D:\software\CodeLibrary\es-vue-project\node_modules as its parent node_modules
36866 silly build caniuse-lite@1.0.30001481
36867 info linkStuff caniuse-lite@1.0.30001481
36868 silly linkStuff caniuse-lite@1.0.30001481 has D:\software\CodeLibrary\es-vue-project\node_modules as its parent node_modules
36869 silly build caseless@0.12.0
36870 info linkStuff caseless@0.12.0
36871 silly linkStuff caseless@0.12.0 has D:\software\CodeLibrary\es-vue-project\node_modules as its parent node_modules
36872 silly build chardet@0.4.2
36873 info linkStuff chardet@0.4.2
36874 silly linkStuff chardet@0.4.2 has D:\software\CodeLibrary\es-vue-project\node_modules as its parent node_modules
36875 silly build check-error@1.0.2
36876 info linkStuff check-error@1.0.2
36877 silly linkStuff check-error@1.0.2 has D:\software\CodeLibrary\es-vue-project\node_modules as its parent node_modules
36878 silly build check-types@7.4.0
36879 info linkStuff check-types@7.4.0
36880 silly linkStuff check-types@7.4.0 has D:\software\CodeLibrary\es-vue-project\node_modules as its parent node_modules
36881 silly build chownr@1.1.4
36882 info linkStuff chownr@1.1.4
36883 silly linkStuff chownr@1.1.4 has D:\software\CodeLibrary\es-vue-project\node_modules as its parent node_modules
36884 silly build circular-json@0.3.3
36885 info linkStuff circular-json@0.3.3
36886 silly linkStuff circular-json@0.3.3 has D:\software\CodeLibrary\es-vue-project\node_modules as its parent node_modules
36887 silly build ansi-styles@2.2.1
36888 info linkStuff ansi-styles@2.2.1
36889 silly linkStuff ansi-styles@2.2.1 has D:\software\CodeLibrary\es-vue-project\node_modules\clap\node_modules as its parent node_modules
36890 silly build supports-color@2.0.0
36891 info linkStuff supports-color@2.0.0
36892 silly linkStuff supports-color@2.0.0 has D:\software\CodeLibrary\es-vue-project\node_modules\clap\node_modules as its parent node_modules
36893 silly build isobject@3.0.1
36894 info linkStuff isobject@3.0.1
36895 silly linkStuff isobject@3.0.1 has D:\software\CodeLibrary\es-vue-project\node_modules\class-utils\node_modules as its parent node_modules
36896 silly build cli-spinners@1.3.1
36897 info linkStuff cli-spinners@1.3.1
36898 silly linkStuff cli-spinners@1.3.1 has D:\software\CodeLibrary\es-vue-project\node_modules as its parent node_modules
36899 silly build cli-width@2.2.1
36900 info linkStuff cli-width@2.2.1
36901 silly linkStuff cli-width@2.2.1 has D:\software\CodeLibrary\es-vue-project\node_modules as its parent node_modules
36902 silly build wordwrap@0.0.2
36903 info linkStuff wordwrap@0.0.2
36904 silly linkStuff wordwrap@0.0.2 has D:\software\CodeLibrary\es-vue-project\node_modules\cliui\node_modules as its parent node_modules
36905 silly build clone@1.0.4
36906 info linkStuff clone@1.0.4
36907 silly linkStuff clone@1.0.4 has D:\software\CodeLibrary\es-vue-project\node_modules as its parent node_modules
36908 silly build co@4.6.0
36909 info linkStuff co@4.6.0
36910 silly linkStuff co@4.6.0 has D:\software\CodeLibrary\es-vue-project\node_modules as its parent node_modules
36911 silly build coalescy@1.0.0
36912 info linkStuff coalescy@1.0.0
36913 silly linkStuff coalescy@1.0.0 has D:\software\CodeLibrary\es-vue-project\node_modules as its parent node_modules
36914 silly build code-point-at@1.1.0
36915 info linkStuff code-point-at@1.1.0
36916 silly linkStuff code-point-at@1.1.0 has D:\software\CodeLibrary\es-vue-project\node_modules as its parent node_modules
36917 silly build color-name@1.1.3
36918 info linkStuff color-name@1.1.3
36919 silly linkStuff color-name@1.1.3 has D:\software\CodeLibrary\es-vue-project\node_modules as its parent node_modules
36920 silly build color-convert@1.9.3
36921 info linkStuff color-convert@1.9.3
36922 silly linkStuff color-convert@1.9.3 has D:\software\CodeLibrary\es-vue-project\node_modules as its parent node_modules
36923 silly build ansi-styles@3.2.1
36924 info linkStuff ansi-styles@3.2.1
36925 silly linkStuff ansi-styles@3.2.1 has D:\software\CodeLibrary\es-vue-project\node_modules as its parent node_modules
36926 silly build color-string@0.3.0
36927 info linkStuff color-string@0.3.0
36928 silly linkStuff color-string@0.3.0 has D:\software\CodeLibrary\es-vue-project\node_modules as its parent node_modules
36929 silly build color@0.11.4
36930 info linkStuff color@0.11.4
36931 silly linkStuff color@0.11.4 has D:\software\CodeLibrary\es-vue-project\node_modules as its parent node_modules
36932 silly build colors@1.1.2
36933 info linkStuff colors@1.1.2
36934 silly linkStuff colors@1.1.2 has D:\software\CodeLibrary\es-vue-project\node_modules as its parent node_modules
36935 silly build commander@2.17.1
36936 info linkStuff commander@2.17.1
36937 silly linkStuff commander@2.17.1 has D:\software\CodeLibrary\es-vue-project\node_modules as its parent node_modules
36938 silly build commondir@1.0.1
36939 info linkStuff commondir@1.0.1
36940 silly linkStuff commondir@1.0.1 has D:\software\CodeLibrary\es-vue-project\node_modules as its parent node_modules
36941 silly build component-bind@1.0.0
36942 info linkStuff component-bind@1.0.0
36943 silly linkStuff component-bind@1.0.0 has D:\software\CodeLibrary\es-vue-project\node_modules as its parent node_modules
36944 silly build component-emitter@1.3.0
36945 info linkStuff component-emitter@1.3.0
36946 silly linkStuff component-emitter@1.3.0 has D:\software\CodeLibrary\es-vue-project\node_modules as its parent node_modules
36947 silly build component-inherit@0.0.3
36948 info linkStuff component-inherit@0.0.3
36949 silly linkStuff component-inherit@0.0.3 has D:\software\CodeLibrary\es-vue-project\node_modules as its parent node_modules
36950 silly build bytes@3.0.0
36951 info linkStuff bytes@3.0.0
36952 silly linkStuff bytes@3.0.0 has D:\software\CodeLibrary\es-vue-project\node_modules\compression\node_modules as its parent node_modules
36953 silly build negotiator@0.6.3
36954 info linkStuff negotiator@0.6.3
36955 silly linkStuff negotiator@0.6.3 has D:\software\CodeLibrary\es-vue-project\node_modules\compression\node_modules as its parent node_modules
36956 silly build concat-map@0.0.1
36957 info linkStuff concat-map@0.0.1
36958 silly linkStuff concat-map@0.0.1 has D:\software\CodeLibrary\es-vue-project\node_modules as its parent node_modules
36959 silly build brace-expansion@1.1.11
36960 info linkStuff brace-expansion@1.1.11
36961 silly linkStuff brace-expansion@1.1.11 has D:\software\CodeLibrary\es-vue-project\node_modules as its parent node_modules
36962 silly build connect-history-api-fallback@1.6.0
36963 info linkStuff connect-history-api-fallback@1.6.0
36964 silly linkStuff connect-history-api-fallback@1.6.0 has D:\software\CodeLibrary\es-vue-project\node_modules as its parent node_modules
36965 silly build console-browserify@1.2.0
36966 info linkStuff console-browserify@1.2.0
36967 silly linkStuff console-browserify@1.2.0 has D:\software\CodeLibrary\es-vue-project\node_modules as its parent node_modules
36968 silly build consolidate@0.14.5
36969 info linkStuff consolidate@0.14.5
36970 silly linkStuff consolidate@0.14.5 has D:\software\CodeLibrary\es-vue-project\node_modules as its parent node_modules
36971 silly build constants-browserify@1.0.0
36972 info linkStuff constants-browserify@1.0.0
36973 silly linkStuff constants-browserify@1.0.0 has D:\software\CodeLibrary\es-vue-project\node_modules as its parent node_modules
36974 silly build safe-buffer@5.2.1
36975 info linkStuff safe-buffer@5.2.1
36976 silly linkStuff safe-buffer@5.2.1 has D:\software\CodeLibrary\es-vue-project\node_modules\content-disposition\node_modules as its parent node_modules
36977 silly build content-disposition@0.5.4
36978 info linkStuff content-disposition@0.5.4
36979 silly linkStuff content-disposition@0.5.4 has D:\software\CodeLibrary\es-vue-project\node_modules as its parent node_modules
36980 silly build content-type@1.0.5
36981 info linkStuff content-type@1.0.5
36982 silly linkStuff content-type@1.0.5 has D:\software\CodeLibrary\es-vue-project\node_modules as its parent node_modules
36983 silly build convert-source-map@1.9.0
36984 info linkStuff convert-source-map@1.9.0
36985 silly linkStuff convert-source-map@1.9.0 has D:\software\CodeLibrary\es-vue-project\node_modules as its parent node_modules
36986 silly build cookie@0.3.1
36987 info linkStuff cookie@0.3.1
36988 silly linkStuff cookie@0.3.1 has D:\software\CodeLibrary\es-vue-project\node_modules as its parent node_modules
36989 silly build cookie-signature@1.0.6
36990 info linkStuff cookie-signature@1.0.6
36991 silly linkStuff cookie-signature@1.0.6 has D:\software\CodeLibrary\es-vue-project\node_modules as its parent node_modules
36992 silly build copy-descriptor@0.1.1
36993 info linkStuff copy-descriptor@0.1.1
36994 silly linkStuff copy-descriptor@0.1.1 has D:\software\CodeLibrary\es-vue-project\node_modules as its parent node_modules
36995 silly build is-extglob@2.1.1
36996 info linkStuff is-extglob@2.1.1
36997 silly linkStuff is-extglob@2.1.1 has D:\software\CodeLibrary\es-vue-project\node_modules\copy-webpack-plugin\node_modules as its parent node_modules
36998 silly build is-glob@4.0.3
36999 info linkStuff is-glob@4.0.3
37000 silly linkStuff is-glob@4.0.3 has D:\software\CodeLibrary\es-vue-project\node_modules\copy-webpack-plugin\node_modules as its parent node_modules
37001 silly build core-js@2.6.12
37002 info linkStuff core-js@2.6.12
37003 silly linkStuff core-js@2.6.12 has D:\software\CodeLibrary\es-vue-project\node_modules as its parent node_modules
37004 silly build core-util-is@1.0.3
37005 info linkStuff core-util-is@1.0.3
37006 silly linkStuff core-util-is@1.0.3 has D:\software\CodeLibrary\es-vue-project\node_modules as its parent node_modules
37007 silly build esprima@4.0.1
37008 info linkStuff esprima@4.0.1
37009 silly linkStuff esprima@4.0.1 has D:\software\CodeLibrary\es-vue-project\node_modules\cosmiconfig\node_modules as its parent node_modules
37010 verbose linkBins [
37010 verbose linkBins   { esparse: 'bin/esparse.js', esvalidate: 'bin/esvalidate.js' },
37010 verbose linkBins   'D:\\software\\CodeLibrary\\es-vue-project\\node_modules\\cosmiconfig\\node_modules\\.bin',
37010 verbose linkBins   false
37010 verbose linkBins ]
37011 silly build bn.js@4.12.0
37012 info linkStuff bn.js@4.12.0
37013 silly linkStuff bn.js@4.12.0 has D:\software\CodeLibrary\es-vue-project\node_modules\create-ecdh\node_modules as its parent node_modules
37014 silly build css-color-names@0.0.4
37015 info linkStuff css-color-names@0.0.4
37016 silly linkStuff css-color-names@0.0.4 has D:\software\CodeLibrary\es-vue-project\node_modules as its parent node_modules
37017 silly build picocolors@0.2.1
37018 info linkStuff picocolors@0.2.1
37019 silly linkStuff picocolors@0.2.1 has D:\software\CodeLibrary\es-vue-project\node_modules\css-declaration-sorter\node_modules as its parent node_modules
37020 silly build ansi-styles@2.2.1
37021 info linkStuff ansi-styles@2.2.1
37022 silly linkStuff ansi-styles@2.2.1 has D:\software\CodeLibrary\es-vue-project\node_modules\css-loader\node_modules as its parent node_modules
37023 silly build supports-color@2.0.0
37024 info linkStuff supports-color@2.0.0
37025 silly linkStuff supports-color@2.0.0 has D:\software\CodeLibrary\es-vue-project\node_modules\css-loader\node_modules\chalk\node_modules as its parent node_modules
37026 silly build has-flag@1.0.0
37027 info linkStuff has-flag@1.0.0
37028 silly linkStuff has-flag@1.0.0 has D:\software\CodeLibrary\es-vue-project\node_modules\css-loader\node_modules as its parent node_modules
37029 silly build source-map@0.5.7
37030 info linkStuff source-map@0.5.7
37031 silly linkStuff source-map@0.5.7 has D:\software\CodeLibrary\es-vue-project\node_modules\css-loader\node_modules as its parent node_modules
37032 silly build supports-color@3.2.3
37033 info linkStuff supports-color@3.2.3
37034 silly linkStuff supports-color@3.2.3 has D:\software\CodeLibrary\es-vue-project\node_modules\css-loader\node_modules as its parent node_modules
37035 silly build css-select-base-adapter@0.1.1
37036 info linkStuff css-select-base-adapter@0.1.1
37037 silly linkStuff css-select-base-adapter@0.1.1 has D:\software\CodeLibrary\es-vue-project\node_modules as its parent node_modules
37038 silly build css-what@6.1.0
37039 info linkStuff css-what@6.1.0
37040 silly linkStuff css-what@6.1.0 has D:\software\CodeLibrary\es-vue-project\node_modules as its parent node_modules
37041 silly build cssesc@3.0.0
37042 info linkStuff cssesc@3.0.0
37043 silly linkStuff cssesc@3.0.0 has D:\software\CodeLibrary\es-vue-project\node_modules as its parent node_modules
37044 verbose linkBins [
37044 verbose linkBins   { cssesc: 'bin/cssesc' },
37044 verbose linkBins   'D:\\software\\CodeLibrary\\es-vue-project\\node_modules\\.bin',
37044 verbose linkBins   false
37044 verbose linkBins ]
37045 silly build css-what@3.4.2
37046 info linkStuff css-what@3.4.2
37047 silly linkStuff css-what@3.4.2 has D:\software\CodeLibrary\es-vue-project\node_modules\cssnano-preset-default\node_modules as its parent node_modules
37048 silly build domelementtype@2.3.0
37049 info linkStuff domelementtype@2.3.0
37050 silly linkStuff domelementtype@2.3.0 has D:\software\CodeLibrary\es-vue-project\node_modules\cssnano-preset-default\node_modules\dom-serializer\node_modules as its parent node_modules
37051 silly build domelementtype@1.3.1
37052 info linkStuff domelementtype@1.3.1
37053 silly linkStuff domelementtype@1.3.1 has D:\software\CodeLibrary\es-vue-project\node_modules\cssnano-preset-default\node_modules as its parent node_modules
37054 silly build esprima@4.0.1
37055 info linkStuff esprima@4.0.1
37056 silly linkStuff esprima@4.0.1 has D:\software\CodeLibrary\es-vue-project\node_modules\cssnano-preset-default\node_modules as its parent node_modules
37057 verbose linkBins [
37057 verbose linkBins   { esparse: 'bin/esparse.js', esvalidate: 'bin/esvalidate.js' },
37057 verbose linkBins   'D:\\software\\CodeLibrary\\es-vue-project\\node_modules\\cssnano-preset-default\\node_modules\\.bin',
37057 verbose linkBins   false
37057 verbose linkBins ]
37058 silly build mdn-data@2.0.14
37059 info linkStuff mdn-data@2.0.14
37060 silly linkStuff mdn-data@2.0.14 has D:\software\CodeLibrary\es-vue-project\node_modules\cssnano-preset-default\node_modules as its parent node_modules
37061 silly build normalize-url@3.3.0
37062 info linkStuff normalize-url@3.3.0
37063 silly linkStuff normalize-url@3.3.0 has D:\software\CodeLibrary\es-vue-project\node_modules\cssnano-preset-default\node_modules as its parent node_modules
37064 silly build nth-check@1.0.2
37065 info linkStuff nth-check@1.0.2
37066 silly linkStuff nth-check@1.0.2 has D:\software\CodeLibrary\es-vue-project\node_modules\cssnano-preset-default\node_modules as its parent node_modules
37067 silly build picocolors@0.2.1
37068 info linkStuff picocolors@0.2.1
37069 silly linkStuff picocolors@0.2.1 has D:\software\CodeLibrary\es-vue-project\node_modules\cssnano-preset-default\node_modules as its parent node_modules
37070 silly build postcss-value-parser@3.3.1
37071 info linkStuff postcss-value-parser@3.3.1
37072 silly linkStuff postcss-value-parser@3.3.1 has D:\software\CodeLibrary\es-vue-project\node_modules\cssnano-preset-default\node_modules\postcss-colormin\node_modules as its parent node_modules
37073 silly build postcss-value-parser@3.3.1
37074 info linkStuff postcss-value-parser@3.3.1
37075 silly linkStuff postcss-value-parser@3.3.1 has D:\software\CodeLibrary\es-vue-project\node_modules\cssnano-preset-default\node_modules\postcss-convert-values\node_modules as its parent node_modules
37076 silly build postcss-value-parser@3.3.1
37077 info linkStuff postcss-value-parser@3.3.1
37078 silly linkStuff postcss-value-parser@3.3.1 has D:\software\CodeLibrary\es-vue-project\node_modules\cssnano-preset-default\node_modules\postcss-merge-longhand\node_modules as its parent node_modules
37079 silly build postcss-value-parser@3.3.1
37080 info linkStuff postcss-value-parser@3.3.1
37081 silly linkStuff postcss-value-parser@3.3.1 has D:\software\CodeLibrary\es-vue-project\node_modules\cssnano-preset-default\node_modules\postcss-minify-font-values\node_modules as its parent node_modules
37082 silly build postcss-value-parser@3.3.1
37083 info linkStuff postcss-value-parser@3.3.1
37084 silly linkStuff postcss-value-parser@3.3.1 has D:\software\CodeLibrary\es-vue-project\node_modules\cssnano-preset-default\node_modules\postcss-minify-gradients\node_modules as its parent node_modules
37085 silly build postcss-value-parser@3.3.1
37086 info linkStuff postcss-value-parser@3.3.1
37087 silly linkStuff postcss-value-parser@3.3.1 has D:\software\CodeLibrary\es-vue-project\node_modules\cssnano-preset-default\node_modules\postcss-minify-params\node_modules as its parent node_modules
37088 silly build postcss-value-parser@3.3.1
37089 info linkStuff postcss-value-parser@3.3.1
37090 silly linkStuff postcss-value-parser@3.3.1 has D:\software\CodeLibrary\es-vue-project\node_modules\cssnano-preset-default\node_modules\postcss-normalize-url\node_modules as its parent node_modules
37091 silly build postcss-value-parser@3.3.1
37092 info linkStuff postcss-value-parser@3.3.1
37093 silly linkStuff postcss-value-parser@3.3.1 has D:\software\CodeLibrary\es-vue-project\node_modules\cssnano-preset-default\node_modules\postcss-ordered-values\node_modules as its parent node_modules
37094 silly build postcss-value-parser@3.3.1
37095 info linkStuff postcss-value-parser@3.3.1
37096 silly linkStuff postcss-value-parser@3.3.1 has D:\software\CodeLibrary\es-vue-project\node_modules\cssnano-preset-default\node_modules\postcss-reduce-transforms\node_modules as its parent node_modules
37097 silly build postcss-value-parser@3.3.1
37098 info linkStuff postcss-value-parser@3.3.1
37099 silly linkStuff postcss-value-parser@3.3.1 has D:\software\CodeLibrary\es-vue-project\node_modules\cssnano-preset-default\node_modules\postcss-svgo\node_modules as its parent node_modules
37100 silly build postcss-value-parser@4.2.0
37101 info linkStuff postcss-value-parser@4.2.0
37102 silly linkStuff postcss-value-parser@4.2.0 has D:\software\CodeLibrary\es-vue-project\node_modules\cssnano-preset-default\node_modules as its parent node_modules
37103 silly build cssnano-util-get-arguments@4.0.0
37104 info linkStuff cssnano-util-get-arguments@4.0.0
37105 silly linkStuff cssnano-util-get-arguments@4.0.0 has D:\software\CodeLibrary\es-vue-project\node_modules as its parent node_modules
37106 silly build cssnano-util-get-match@4.0.0
37107 info linkStuff cssnano-util-get-match@4.0.0
37108 silly linkStuff cssnano-util-get-match@4.0.0 has D:\software\CodeLibrary\es-vue-project\node_modules as its parent node_modules
37109 silly build picocolors@0.2.1
37110 info linkStuff picocolors@0.2.1
37111 silly linkStuff picocolors@0.2.1 has D:\software\CodeLibrary\es-vue-project\node_modules\cssnano-util-raw-cache\node_modules as its parent node_modules
37112 silly build cssnano-util-same-parent@4.0.1
37113 info linkStuff cssnano-util-same-parent@4.0.1
37114 silly linkStuff cssnano-util-same-parent@4.0.1 has D:\software\CodeLibrary\es-vue-project\node_modules as its parent node_modules
37115 silly build ansi-styles@2.2.1
37116 info linkStuff ansi-styles@2.2.1
37117 silly linkStuff ansi-styles@2.2.1 has D:\software\CodeLibrary\es-vue-project\node_modules\cssnano\node_modules as its parent node_modules
37118 silly build supports-color@2.0.0
37119 info linkStuff supports-color@2.0.0
37120 silly linkStuff supports-color@2.0.0 has D:\software\CodeLibrary\es-vue-project\node_modules\cssnano\node_modules\chalk\node_modules as its parent node_modules
37121 silly build has-flag@1.0.0
37122 info linkStuff has-flag@1.0.0
37123 silly linkStuff has-flag@1.0.0 has D:\software\CodeLibrary\es-vue-project\node_modules\cssnano\node_modules as its parent node_modules
37124 silly build source-map@0.5.7
37125 info linkStuff source-map@0.5.7
37126 silly linkStuff source-map@0.5.7 has D:\software\CodeLibrary\es-vue-project\node_modules\cssnano\node_modules as its parent node_modules
37127 silly build supports-color@3.2.3
37128 info linkStuff supports-color@3.2.3
37129 silly linkStuff supports-color@3.2.3 has D:\software\CodeLibrary\es-vue-project\node_modules\cssnano\node_modules as its parent node_modules
37130 silly build source-map@0.5.7
37131 info linkStuff source-map@0.5.7
37132 silly linkStuff source-map@0.5.7 has D:\software\CodeLibrary\es-vue-project\node_modules\csso\node_modules as its parent node_modules
37133 silly build csstype@3.1.2
37134 info linkStuff csstype@3.1.2
37135 silly linkStuff csstype@3.1.2 has D:\software\CodeLibrary\es-vue-project\node_modules as its parent node_modules
37136 silly build cuint@0.2.2
37137 info linkStuff cuint@0.2.2
37138 silly linkStuff cuint@0.2.2 has D:\software\CodeLibrary\es-vue-project\node_modules as its parent node_modules
37139 silly build currently-unhandled@0.4.1
37140 info linkStuff currently-unhandled@0.4.1
37141 silly linkStuff currently-unhandled@0.4.1 has D:\software\CodeLibrary\es-vue-project\node_modules as its parent node_modules
37142 silly build custom-event@1.0.1
37143 info linkStuff custom-event@1.0.1
37144 silly linkStuff custom-event@1.0.1 has D:\software\CodeLibrary\es-vue-project\node_modules as its parent node_modules
37145 silly build cyclist@1.0.1
37146 info linkStuff cyclist@1.0.1
37147 silly linkStuff cyclist@1.0.1 has D:\software\CodeLibrary\es-vue-project\node_modules as its parent node_modules
37148 silly build dashdash@1.14.1
37149 info linkStuff dashdash@1.14.1
37150 silly linkStuff dashdash@1.14.1 has D:\software\CodeLibrary\es-vue-project\node_modules as its parent node_modules
37151 silly build de-indent@1.0.2
37152 info linkStuff de-indent@1.0.2
37153 silly linkStuff de-indent@1.0.2 has D:\software\CodeLibrary\es-vue-project\node_modules as its parent node_modules
37154 silly build decamelize@1.2.0
37155 info linkStuff decamelize@1.2.0
37156 silly linkStuff decamelize@1.2.0 has D:\software\CodeLibrary\es-vue-project\node_modules as its parent node_modules
37157 silly build decode-uri-component@0.2.2
37158 info linkStuff decode-uri-component@0.2.2
37159 silly linkStuff decode-uri-component@0.2.2 has D:\software\CodeLibrary\es-vue-project\node_modules as its parent node_modules
37160 silly build deep-is@0.1.4
37161 info linkStuff deep-is@0.1.4
37162 silly linkStuff deep-is@0.1.4 has D:\software\CodeLibrary\es-vue-project\node_modules as its parent node_modules
37163 silly build deepmerge@1.5.2
37164 info linkStuff deepmerge@1.5.2
37165 silly linkStuff deepmerge@1.5.2 has D:\software\CodeLibrary\es-vue-project\node_modules as its parent node_modules
37166 silly build isobject@3.0.1
37167 info linkStuff isobject@3.0.1
37168 silly linkStuff isobject@3.0.1 has D:\software\CodeLibrary\es-vue-project\node_modules\define-property\node_modules as its parent node_modules
37169 silly build kind-of@6.0.3
37170 info linkStuff kind-of@6.0.3
37171 silly linkStuff kind-of@6.0.3 has D:\software\CodeLibrary\es-vue-project\node_modules\define-property\node_modules as its parent node_modules
37172 silly build is-accessor-descriptor@1.0.0
37173 info linkStuff is-accessor-descriptor@1.0.0
37174 silly linkStuff is-accessor-descriptor@1.0.0 has D:\software\CodeLibrary\es-vue-project\node_modules\define-property\node_modules as its parent node_modules
37175 silly build is-data-descriptor@1.0.0
37176 info linkStuff is-data-descriptor@1.0.0
37177 silly linkStuff is-data-descriptor@1.0.0 has D:\software\CodeLibrary\es-vue-project\node_modules\define-property\node_modules as its parent node_modules
37178 silly build is-descriptor@1.0.2
37179 info linkStuff is-descriptor@1.0.2
37180 silly linkStuff is-descriptor@1.0.2 has D:\software\CodeLibrary\es-vue-project\node_modules\define-property\node_modules as its parent node_modules
37181 silly build define-property@2.0.2
37182 info linkStuff define-property@2.0.2
37183 silly linkStuff define-property@2.0.2 has D:\software\CodeLibrary\es-vue-project\node_modules as its parent node_modules
37184 silly build defined@1.0.1
37185 info linkStuff defined@1.0.1
37186 silly linkStuff defined@1.0.1 has D:\software\CodeLibrary\es-vue-project\node_modules as its parent node_modules
37187 silly build pify@2.3.0
37188 info linkStuff pify@2.3.0
37189 silly linkStuff pify@2.3.0 has D:\software\CodeLibrary\es-vue-project\node_modules\del\node_modules\globby\node_modules as its parent node_modules
37190 silly build delayed-stream@1.0.0
37191 info linkStuff delayed-stream@1.0.0
37192 silly linkStuff delayed-stream@1.0.0 has D:\software\CodeLibrary\es-vue-project\node_modules as its parent node_modules
37193 silly build combined-stream@1.0.8
37194 info linkStuff combined-stream@1.0.8
37195 silly linkStuff combined-stream@1.0.8 has D:\software\CodeLibrary\es-vue-project\node_modules as its parent node_modules
37196 silly build depd@2.0.0
37197 info linkStuff depd@2.0.0
37198 silly linkStuff depd@2.0.0 has D:\software\CodeLibrary\es-vue-project\node_modules as its parent node_modules
37199 silly build destroy@1.2.0
37200 info linkStuff destroy@1.2.0
37201 silly linkStuff destroy@1.2.0 has D:\software\CodeLibrary\es-vue-project\node_modules as its parent node_modules
37202 silly build detect-node@2.1.0
37203 info linkStuff detect-node@2.1.0
37204 silly linkStuff detect-node@2.1.0 has D:\software\CodeLibrary\es-vue-project\node_modules as its parent node_modules
37205 silly build di@0.0.1
37206 info linkStuff di@0.0.1
37207 silly linkStuff di@0.0.1 has D:\software\CodeLibrary\es-vue-project\node_modules as its parent node_modules
37208 silly build diff@3.2.0
37209 info linkStuff diff@3.2.0
37210 silly linkStuff diff@3.2.0 has D:\software\CodeLibrary\es-vue-project\node_modules as its parent node_modules
37211 silly build bn.js@4.12.0
37212 info linkStuff bn.js@4.12.0
37213 silly linkStuff bn.js@4.12.0 has D:\software\CodeLibrary\es-vue-project\node_modules\diffie-hellman\node_modules as its parent node_modules
37214 silly build dns-equal@1.0.0
37215 info linkStuff dns-equal@1.0.0
37216 silly linkStuff dns-equal@1.0.0 has D:\software\CodeLibrary\es-vue-project\node_modules as its parent node_modules
37217 silly build dns-txt@2.0.2
37218 info linkStuff dns-txt@2.0.2
37219 silly linkStuff dns-txt@2.0.2 has D:\software\CodeLibrary\es-vue-project\node_modules as its parent node_modules
37220 silly build domain-browser@1.2.0
37221 info linkStuff domain-browser@1.2.0
37222 silly linkStuff domain-browser@1.2.0 has D:\software\CodeLibrary\es-vue-project\node_modules as its parent node_modules
37223 silly build domelementtype@2.3.0
37224 info linkStuff domelementtype@2.3.0
37225 silly linkStuff domelementtype@2.3.0 has D:\software\CodeLibrary\es-vue-project\node_modules as its parent node_modules
37226 silly build domhandler@4.3.1
37227 info linkStuff domhandler@4.3.1
37228 silly linkStuff domhandler@4.3.1 has D:\software\CodeLibrary\es-vue-project\node_modules as its parent node_modules
37229 silly build duplexer@0.1.2
37230 info linkStuff duplexer@0.1.2
37231 silly linkStuff duplexer@0.1.2 has D:\software\CodeLibrary\es-vue-project\node_modules as its parent node_modules
37232 silly build ee-first@1.1.1
37233 info linkStuff ee-first@1.1.1
37234 silly linkStuff ee-first@1.1.1 has D:\software\CodeLibrary\es-vue-project\node_modules as its parent node_modules
37235 silly build ejs@2.7.4
37236 info linkStuff ejs@2.7.4
37237 silly linkStuff ejs@2.7.4 has D:\software\CodeLibrary\es-vue-project\node_modules as its parent node_modules
37238 silly build electron-to-chromium@1.4.371
37239 info linkStuff electron-to-chromium@1.4.371
37240 silly linkStuff electron-to-chromium@1.4.371 has D:\software\CodeLibrary\es-vue-project\node_modules as its parent node_modules
37241 silly build browserslist@3.2.8
37242 info linkStuff browserslist@3.2.8
37243 silly linkStuff browserslist@3.2.8 has D:\software\CodeLibrary\es-vue-project\node_modules\babel-preset-env\node_modules as its parent node_modules
37244 verbose linkBins [
37244 verbose linkBins   { browserslist: 'cli.js' },
37244 verbose linkBins   'D:\\software\\CodeLibrary\\es-vue-project\\node_modules\\babel-preset-env\\node_modules\\.bin',
37244 verbose linkBins   false
37244 verbose linkBins ]
37245 silly build browserslist@2.11.3
37246 info linkStuff browserslist@2.11.3
37247 silly linkStuff browserslist@2.11.3 has D:\software\CodeLibrary\es-vue-project\node_modules as its parent node_modules
37248 verbose linkBins [
37248 verbose linkBins   { browserslist: 'cli.js' },
37248 verbose linkBins   'D:\\software\\CodeLibrary\\es-vue-project\\node_modules\\.bin',
37248 verbose linkBins   false
37248 verbose linkBins ]
37249 silly build browserslist@1.7.7
37250 info linkStuff browserslist@1.7.7
37251 silly linkStuff browserslist@1.7.7 has D:\software\CodeLibrary\es-vue-project\node_modules\caniuse-api\node_modules as its parent node_modules
37252 verbose linkBins [
37252 verbose linkBins   { browserslist: 'cli.js' },
37252 verbose linkBins   'D:\\software\\CodeLibrary\\es-vue-project\\node_modules\\caniuse-api\\node_modules\\.bin',
37252 verbose linkBins   false
37252 verbose linkBins ]
37253 silly build browserslist@1.7.7
37254 info linkStuff browserslist@1.7.7
37255 silly linkStuff browserslist@1.7.7 has D:\software\CodeLibrary\es-vue-project\node_modules\cssnano\node_modules as its parent node_modules
37256 verbose linkBins [
37256 verbose linkBins   { browserslist: 'cli.js' },
37256 verbose linkBins   'D:\\software\\CodeLibrary\\es-vue-project\\node_modules\\cssnano\\node_modules\\.bin',
37256 verbose linkBins   false
37256 verbose linkBins ]
37257 silly build bn.js@4.12.0
37258 info linkStuff bn.js@4.12.0
37259 silly linkStuff bn.js@4.12.0 has D:\software\CodeLibrary\es-vue-project\node_modules\elliptic\node_modules as its parent node_modules
37260 silly build emojis-list@3.0.0
37261 info linkStuff emojis-list@3.0.0
37262 silly linkStuff emojis-list@3.0.0 has D:\software\CodeLibrary\es-vue-project\node_modules as its parent node_modules
37263 silly build encodeurl@1.0.2
37264 info linkStuff encodeurl@1.0.2
37265 silly linkStuff encodeurl@1.0.2 has D:\software\CodeLibrary\es-vue-project\node_modules as its parent node_modules
37266 silly build component-emitter@1.2.1
37267 info linkStuff component-emitter@1.2.1
37268 silly linkStuff component-emitter@1.2.1 has D:\software\CodeLibrary\es-vue-project\node_modules\engine.io-client\node_modules as its parent node_modules
37269 silly build ms@0.7.2
37270 info linkStuff ms@0.7.2
37271 silly linkStuff ms@0.7.2 has D:\software\CodeLibrary\es-vue-project\node_modules\engine.io-client\node_modules as its parent node_modules
37272 silly build debug@2.3.3
37273 info linkStuff debug@2.3.3
37274 silly linkStuff debug@2.3.3 has D:\software\CodeLibrary\es-vue-project\node_modules\engine.io-client\node_modules as its parent node_modules
37275 silly build ms@0.7.2
37276 info linkStuff ms@0.7.2
37277 silly linkStuff ms@0.7.2 has D:\software\CodeLibrary\es-vue-project\node_modules\engine.io\node_modules as its parent node_modules
37278 silly build debug@2.3.3
37279 info linkStuff debug@2.3.3
37280 silly linkStuff debug@2.3.3 has D:\software\CodeLibrary\es-vue-project\node_modules\engine.io\node_modules as its parent node_modules
37281 silly build ent@2.2.0
37282 info linkStuff ent@2.2.0
37283 silly linkStuff ent@2.2.0 has D:\software\CodeLibrary\es-vue-project\node_modules as its parent node_modules
37284 silly build entities@2.2.0
37285 info linkStuff entities@2.2.0
37286 silly linkStuff entities@2.2.0 has D:\software\CodeLibrary\es-vue-project\node_modules as its parent node_modules
37287 silly build dom-serializer@0.2.2
37288 info linkStuff dom-serializer@0.2.2
37289 silly linkStuff dom-serializer@0.2.2 has D:\software\CodeLibrary\es-vue-project\node_modules\cssnano-preset-default\node_modules as its parent node_modules
37290 silly build domutils@1.7.0
37291 info linkStuff domutils@1.7.0
37292 silly linkStuff domutils@1.7.0 has D:\software\CodeLibrary\es-vue-project\node_modules\cssnano-preset-default\node_modules as its parent node_modules
37293 silly build css-select@2.1.0
37294 info linkStuff css-select@2.1.0
37295 silly linkStuff css-select@2.1.0 has D:\software\CodeLibrary\es-vue-project\node_modules\cssnano-preset-default\node_modules as its parent node_modules
37296 silly build dom-serializer@1.4.1
37297 info linkStuff dom-serializer@1.4.1
37298 silly linkStuff dom-serializer@1.4.1 has D:\software\CodeLibrary\es-vue-project\node_modules as its parent node_modules
37299 silly build domutils@2.8.0
37300 info linkStuff domutils@2.8.0
37301 silly linkStuff domutils@2.8.0 has D:\software\CodeLibrary\es-vue-project\node_modules as its parent node_modules
37302 silly build es-array-method-boxes-properly@1.0.0
37303 info linkStuff es-array-method-boxes-properly@1.0.0
37304 silly linkStuff es-array-method-boxes-properly@1.0.0 has D:\software\CodeLibrary\es-vue-project\node_modules as its parent node_modules
37305 silly build es6-promise@4.2.8
37306 info linkStuff es6-promise@4.2.8
37307 silly linkStuff es6-promise@4.2.8 has D:\software\CodeLibrary\es-vue-project\node_modules as its parent node_modules
37308 silly build type@2.7.2
37309 info linkStuff type@2.7.2
37310 silly linkStuff type@2.7.2 has D:\software\CodeLibrary\es-vue-project\node_modules\es6-set\node_modules as its parent node_modules
37311 silly build escalade@3.1.1
37312 info linkStuff escalade@3.1.1
37313 silly linkStuff escalade@3.1.1 has D:\software\CodeLibrary\es-vue-project\node_modules as its parent node_modules
37314 silly build escape-html@1.0.3
37315 info linkStuff escape-html@1.0.3
37316 silly linkStuff escape-html@1.0.3 has D:\software\CodeLibrary\es-vue-project\node_modules as its parent node_modules
37317 silly build escape-string-regexp@1.0.5
37318 info linkStuff escape-string-regexp@1.0.5
37319 silly linkStuff escape-string-regexp@1.0.5 has D:\software\CodeLibrary\es-vue-project\node_modules as its parent node_modules
37320 silly build estraverse@1.9.3
37321 info linkStuff estraverse@1.9.3
37322 silly linkStuff estraverse@1.9.3 has D:\software\CodeLibrary\es-vue-project\node_modules\escodegen\node_modules as its parent node_modules
37323 silly build source-map@0.2.0
37324 info linkStuff source-map@0.2.0
37325 silly linkStuff source-map@0.2.0 has D:\software\CodeLibrary\es-vue-project\node_modules\escodegen\node_modules as its parent node_modules
37326 silly build ansi-styles@2.2.1
37327 info linkStuff ansi-styles@2.2.1
37328 silly linkStuff ansi-styles@2.2.1 has D:\software\CodeLibrary\es-vue-project\node_modules\eslint-friendly-formatter\node_modules as its parent node_modules
37329 silly build supports-color@2.0.0
37330 info linkStuff supports-color@2.0.0
37331 silly linkStuff supports-color@2.0.0 has D:\software\CodeLibrary\es-vue-project\node_modules\eslint-friendly-formatter\node_modules as its parent node_modules
37332 silly build ms@2.1.3
37333 info linkStuff ms@2.1.3
37334 silly linkStuff ms@2.1.3 has D:\software\CodeLibrary\es-vue-project\node_modules\eslint-import-resolver-node\node_modules as its parent node_modules
37335 silly build debug@3.2.7
37336 info linkStuff debug@3.2.7
37337 silly linkStuff debug@3.2.7 has D:\software\CodeLibrary\es-vue-project\node_modules\eslint-import-resolver-node\node_modules as its parent node_modules
37338 silly build ms@2.1.3
37339 info linkStuff ms@2.1.3
37340 silly linkStuff ms@2.1.3 has D:\software\CodeLibrary\es-vue-project\node_modules\eslint-module-utils\node_modules as its parent node_modules
37341 silly build debug@3.2.7
37342 info linkStuff debug@3.2.7
37343 silly linkStuff debug@3.2.7 has D:\software\CodeLibrary\es-vue-project\node_modules\eslint-module-utils\node_modules as its parent node_modules
37344 silly build eslint-module-utils@2.8.0
37345 info linkStuff eslint-module-utils@2.8.0
37346 silly linkStuff eslint-module-utils@2.8.0 has D:\software\CodeLibrary\es-vue-project\node_modules as its parent node_modules
37347 silly build is-extglob@2.1.1
37348 info linkStuff is-extglob@2.1.1
37349 silly linkStuff is-extglob@2.1.1 has D:\software\CodeLibrary\es-vue-project\node_modules\eslint-plugin-import\node_modules as its parent node_modules
37350 silly build is-glob@4.0.3
37351 info linkStuff is-glob@4.0.3
37352 silly linkStuff is-glob@4.0.3 has D:\software\CodeLibrary\es-vue-project\node_modules\eslint-plugin-import\node_modules as its parent node_modules
37353 silly build ms@2.1.3
37354 info linkStuff ms@2.1.3
37355 silly linkStuff ms@2.1.3 has D:\software\CodeLibrary\es-vue-project\node_modules\eslint-plugin-import\node_modules as its parent node_modules
37356 silly build debug@3.2.7
37357 info linkStuff debug@3.2.7
37358 silly linkStuff debug@3.2.7 has D:\software\CodeLibrary\es-vue-project\node_modules\eslint-plugin-import\node_modules as its parent node_modules
37359 silly build semver@6.3.0
37360 info linkStuff semver@6.3.0
37361 silly linkStuff semver@6.3.0 has D:\software\CodeLibrary\es-vue-project\node_modules\eslint-plugin-import\node_modules as its parent node_modules
37362 verbose linkBins [
37362 verbose linkBins   { semver: 'bin/semver.js' },
37362 verbose linkBins   'D:\\software\\CodeLibrary\\es-vue-project\\node_modules\\eslint-plugin-import\\node_modules\\.bin',
37362 verbose linkBins   false
37362 verbose linkBins ]
37363 silly build semver@5.3.0
37364 info linkStuff semver@5.3.0
37365 silly linkStuff semver@5.3.0 has D:\software\CodeLibrary\es-vue-project\node_modules\eslint-plugin-node\node_modules as its parent node_modules
37366 verbose linkBins [
37366 verbose linkBins   { semver: 'bin/semver' },
37366 verbose linkBins   'D:\\software\\CodeLibrary\\es-vue-project\\node_modules\\eslint-plugin-node\\node_modules\\.bin',
37366 verbose linkBins   false
37366 verbose linkBins ]
37367 silly build eslint-visitor-keys@1.3.0
37368 info linkStuff eslint-visitor-keys@1.3.0
37369 silly linkStuff eslint-visitor-keys@1.3.0 has D:\software\CodeLibrary\es-vue-project\node_modules as its parent node_modules
37370 silly build ansi-regex@3.0.1
37371 info linkStuff ansi-regex@3.0.1
37372 silly linkStuff ansi-regex@3.0.1 has D:\software\CodeLibrary\es-vue-project\node_modules\eslint\node_modules as its parent node_modules
37373 silly build esprima@4.0.1
37374 info linkStuff esprima@4.0.1
37375 silly linkStuff esprima@4.0.1 has D:\software\CodeLibrary\es-vue-project\node_modules\eslint\node_modules as its parent node_modules
37376 verbose linkBins [
37376 verbose linkBins   { esparse: 'bin/esparse.js', esvalidate: 'bin/esvalidate.js' },
37376 verbose linkBins   'D:\\software\\CodeLibrary\\es-vue-project\\node_modules\\eslint\\node_modules\\.bin',
37376 verbose linkBins   false
37376 verbose linkBins ]
37377 silly build globals@11.12.0
37378 info linkStuff globals@11.12.0
37379 silly linkStuff globals@11.12.0 has D:\software\CodeLibrary\es-vue-project\node_modules\eslint\node_modules as its parent node_modules
37380 silly build ms@2.1.3
37381 info linkStuff ms@2.1.3
37382 silly linkStuff ms@2.1.3 has D:\software\CodeLibrary\es-vue-project\node_modules\eslint\node_modules as its parent node_modules
37383 silly build debug@3.2.7
37384 info linkStuff debug@3.2.7
37385 silly linkStuff debug@3.2.7 has D:\software\CodeLibrary\es-vue-project\node_modules\eslint\node_modules as its parent node_modules
37386 silly build strip-ansi@4.0.0
37387 info linkStuff strip-ansi@4.0.0
37388 silly linkStuff strip-ansi@4.0.0 has D:\software\CodeLibrary\es-vue-project\node_modules\eslint\node_modules as its parent node_modules
37389 silly build espree@3.5.4
37390 info linkStuff espree@3.5.4
37391 silly linkStuff espree@3.5.4 has D:\software\CodeLibrary\es-vue-project\node_modules as its parent node_modules
37392 silly build esprima@2.7.3
37393 info linkStuff esprima@2.7.3
37394 silly linkStuff esprima@2.7.3 has D:\software\CodeLibrary\es-vue-project\node_modules as its parent node_modules
37395 verbose linkBins [
37395 verbose linkBins   { esparse: 'bin/esparse.js', esvalidate: 'bin/esvalidate.js' },
37395 verbose linkBins   'D:\\software\\CodeLibrary\\es-vue-project\\node_modules\\.bin',
37395 verbose linkBins   false
37395 verbose linkBins ]
37396 silly build estraverse@5.3.0
37397 info linkStuff estraverse@5.3.0
37398 silly linkStuff estraverse@5.3.0 has D:\software\CodeLibrary\es-vue-project\node_modules\esquery\node_modules as its parent node_modules
37399 silly build esquery@1.5.0
37400 info linkStuff esquery@1.5.0
37401 silly linkStuff esquery@1.5.0 has D:\software\CodeLibrary\es-vue-project\node_modules as its parent node_modules
37402 silly build estraverse@5.3.0
37403 info linkStuff estraverse@5.3.0
37404 silly linkStuff estraverse@5.3.0 has D:\software\CodeLibrary\es-vue-project\node_modules\esrecurse\node_modules as its parent node_modules
37405 silly build esrecurse@4.3.0
37406 info linkStuff esrecurse@4.3.0
37407 silly linkStuff esrecurse@4.3.0 has D:\software\CodeLibrary\es-vue-project\node_modules as its parent node_modules
37408 silly build estraverse@4.3.0
37409 info linkStuff estraverse@4.3.0
37410 silly linkStuff estraverse@4.3.0 has D:\software\CodeLibrary\es-vue-project\node_modules as its parent node_modules
37411 silly build eslint-scope@3.7.1
37412 info linkStuff eslint-scope@3.7.1
37413 silly linkStuff eslint-scope@3.7.1 has D:\software\CodeLibrary\es-vue-project\node_modules as its parent node_modules
37414 silly build esutils@2.0.3
37415 info linkStuff esutils@2.0.3
37416 silly linkStuff esutils@2.0.3 has D:\software\CodeLibrary\es-vue-project\node_modules as its parent node_modules
37417 silly build doctrine@2.1.0
37418 info linkStuff doctrine@2.1.0
37419 silly linkStuff doctrine@2.1.0 has D:\software\CodeLibrary\es-vue-project\node_modules as its parent node_modules
37420 silly build etag@1.8.1
37421 info linkStuff etag@1.8.1
37422 silly linkStuff etag@1.8.1 has D:\software\CodeLibrary\es-vue-project\node_modules as its parent node_modules
37423 silly build eventemitter3@4.0.7
37424 info linkStuff eventemitter3@4.0.7
37425 silly linkStuff eventemitter3@4.0.7 has D:\software\CodeLibrary\es-vue-project\node_modules as its parent node_modules
37426 silly build events@3.3.0
37427 info linkStuff events@3.3.0
37428 silly linkStuff events@3.3.0 has D:\software\CodeLibrary\es-vue-project\node_modules as its parent node_modules
37429 silly build is-number@0.1.1
37430 info linkStuff is-number@0.1.1
37431 silly linkStuff is-number@0.1.1 has D:\software\CodeLibrary\es-vue-project\node_modules\expand-braces\node_modules as its parent node_modules
37432 silly build repeat-string@0.2.2
37433 info linkStuff repeat-string@0.2.2
37434 silly linkStuff repeat-string@0.2.2 has D:\software\CodeLibrary\es-vue-project\node_modules\expand-braces\node_modules as its parent node_modules
37435 silly build expand-range@0.1.1
37436 info linkStuff expand-range@0.1.1
37437 silly linkStuff expand-range@0.1.1 has D:\software\CodeLibrary\es-vue-project\node_modules\expand-braces\node_modules as its parent node_modules
37438 silly build braces@0.1.5
37439 info linkStuff braces@0.1.5
37440 silly linkStuff braces@0.1.5 has D:\software\CodeLibrary\es-vue-project\node_modules\expand-braces\node_modules as its parent node_modules
37441 silly build expand-braces@0.1.2
37442 info linkStuff expand-braces@0.1.2
37443 silly linkStuff expand-braces@0.1.2 has D:\software\CodeLibrary\es-vue-project\node_modules as its parent node_modules
37444 silly build cookie@0.5.0
37445 info linkStuff cookie@0.5.0
37446 silly linkStuff cookie@0.5.0 has D:\software\CodeLibrary\es-vue-project\node_modules\express\node_modules as its parent node_modules
37447 silly build negotiator@0.6.3
37448 info linkStuff negotiator@0.6.3
37449 silly linkStuff negotiator@0.6.3 has D:\software\CodeLibrary\es-vue-project\node_modules\express\node_modules as its parent node_modules
37450 silly build path-to-regexp@0.1.7
37451 info linkStuff path-to-regexp@0.1.7
37452 silly linkStuff path-to-regexp@0.1.7 has D:\software\CodeLibrary\es-vue-project\node_modules\express\node_modules as its parent node_modules
37453 silly build safe-buffer@5.2.1
37454 info linkStuff safe-buffer@5.2.1
37455 silly linkStuff safe-buffer@5.2.1 has D:\software\CodeLibrary\es-vue-project\node_modules\express\node_modules as its parent node_modules
37456 silly build type@2.7.2
37457 info linkStuff type@2.7.2
37458 silly linkStuff type@2.7.2 has D:\software\CodeLibrary\es-vue-project\node_modules\ext\node_modules as its parent node_modules
37459 silly build ext@1.7.0
37460 info linkStuff ext@1.7.0
37461 silly linkStuff ext@1.7.0 has D:\software\CodeLibrary\es-vue-project\node_modules as its parent node_modules
37462 silly build extend@3.0.2
37463 info linkStuff extend@3.0.2
37464 silly linkStuff extend@3.0.2 has D:\software\CodeLibrary\es-vue-project\node_modules as its parent node_modules
37465 silly build extsprintf@1.3.0
37466 info linkStuff extsprintf@1.3.0
37467 silly linkStuff extsprintf@1.3.0 has D:\software\CodeLibrary\es-vue-project\node_modules as its parent node_modules
37468 silly build fast-deep-equal@1.1.0
37469 info linkStuff fast-deep-equal@1.1.0
37470 silly linkStuff fast-deep-equal@1.1.0 has D:\software\CodeLibrary\es-vue-project\node_modules as its parent node_modules
37471 silly build fast-json-stable-stringify@2.1.0
37472 info linkStuff fast-json-stable-stringify@2.1.0
37473 silly linkStuff fast-json-stable-stringify@2.1.0 has D:\software\CodeLibrary\es-vue-project\node_modules as its parent node_modules
37474 silly build fast-levenshtein@2.0.6
37475 info linkStuff fast-levenshtein@2.0.6
37476 silly linkStuff fast-levenshtein@2.0.6 has D:\software\CodeLibrary\es-vue-project\node_modules as its parent node_modules
37477 silly build fastparse@1.1.2
37478 info linkStuff fastparse@1.1.2
37479 silly linkStuff fastparse@1.1.2 has D:\software\CodeLibrary\es-vue-project\node_modules as its parent node_modules
37480 silly build css-selector-tokenizer@0.7.3
37481 info linkStuff css-selector-tokenizer@0.7.3
37482 silly linkStuff css-selector-tokenizer@0.7.3 has D:\software\CodeLibrary\es-vue-project\node_modules as its parent node_modules
37483 silly build figures@2.0.0
37484 info linkStuff figures@2.0.0
37485 silly linkStuff figures@2.0.0 has D:\software\CodeLibrary\es-vue-project\node_modules as its parent node_modules
37486 silly build ajv-keywords@3.5.2
37487 info linkStuff ajv-keywords@3.5.2
37488 silly linkStuff ajv-keywords@3.5.2 has D:\software\CodeLibrary\es-vue-project\node_modules\file-loader\node_modules as its parent node_modules
37489 silly build fast-deep-equal@3.1.3
37490 info linkStuff fast-deep-equal@3.1.3
37491 silly linkStuff fast-deep-equal@3.1.3 has D:\software\CodeLibrary\es-vue-project\node_modules\file-loader\node_modules as its parent node_modules
37492 silly build json-schema-traverse@0.4.1
37493 info linkStuff json-schema-traverse@0.4.1
37494 silly linkStuff json-schema-traverse@0.4.1 has D:\software\CodeLibrary\es-vue-project\node_modules\file-loader\node_modules as its parent node_modules
37495 silly build file-uri-to-path@1.0.0
37496 info linkStuff file-uri-to-path@1.0.0
37497 silly linkStuff file-uri-to-path@1.0.0 has D:\software\CodeLibrary\es-vue-project\node_modules as its parent node_modules
37498 silly build bindings@1.5.0
37499 info linkStuff bindings@1.5.0
37500 silly linkStuff bindings@1.5.0 has D:\software\CodeLibrary\es-vue-project\node_modules as its parent node_modules
37501 silly build filename-regex@2.0.1
37502 info linkStuff filename-regex@2.0.1
37503 silly linkStuff filename-regex@2.0.1 has D:\software\CodeLibrary\es-vue-project\node_modules as its parent node_modules
37504 silly build filesize@3.6.1
37505 info linkStuff filesize@3.6.1
37506 silly linkStuff filesize@3.6.1 has D:\software\CodeLibrary\es-vue-project\node_modules as its parent node_modules
37507 silly build on-finished@2.3.0
37508 info linkStuff on-finished@2.3.0
37509 silly linkStuff on-finished@2.3.0 has D:\software\CodeLibrary\es-vue-project\node_modules\finalhandler\node_modules as its parent node_modules
37510 silly build statuses@1.5.0
37511 info linkStuff statuses@1.5.0
37512 silly linkStuff statuses@1.5.0 has D:\software\CodeLibrary\es-vue-project\node_modules\finalhandler\node_modules as its parent node_modules
37513 silly build flatten@1.0.3
37514 info linkStuff flatten@1.0.3
37515 silly linkStuff flatten@1.0.3 has D:\software\CodeLibrary\es-vue-project\node_modules as its parent node_modules
37516 silly build follow-redirects@1.15.2
37517 info linkStuff follow-redirects@1.15.2
37518 silly linkStuff follow-redirects@1.15.2 has D:\software\CodeLibrary\es-vue-project\node_modules as its parent node_modules
37519 silly build for-in@1.0.2
37520 info linkStuff for-in@1.0.2
37521 silly linkStuff for-in@1.0.2 has D:\software\CodeLibrary\es-vue-project\node_modules as its parent node_modules
37522 silly build for-own@0.1.5
37523 info linkStuff for-own@0.1.5
37524 silly linkStuff for-own@0.1.5 has D:\software\CodeLibrary\es-vue-project\node_modules as its parent node_modules
37525 silly build forever-agent@0.6.1
37526 info linkStuff forever-agent@0.6.1
37527 silly linkStuff forever-agent@0.6.1 has D:\software\CodeLibrary\es-vue-project\node_modules as its parent node_modules
37528 silly build forwarded@0.2.0
37529 info linkStuff forwarded@0.2.0
37530 silly linkStuff forwarded@0.2.0 has D:\software\CodeLibrary\es-vue-project\node_modules as its parent node_modules
37531 silly build fresh@0.5.2
37532 info linkStuff fresh@0.5.2
37533 silly linkStuff fresh@0.5.2 has D:\software\CodeLibrary\es-vue-project\node_modules as its parent node_modules
37534 silly build ansi-styles@2.2.1
37535 info linkStuff ansi-styles@2.2.1
37536 silly linkStuff ansi-styles@2.2.1 has D:\software\CodeLibrary\es-vue-project\node_modules\friendly-errors-webpack-plugin\node_modules as its parent node_modules
37537 silly build supports-color@2.0.0
37538 info linkStuff supports-color@2.0.0
37539 silly linkStuff supports-color@2.0.0 has D:\software\CodeLibrary\es-vue-project\node_modules\friendly-errors-webpack-plugin\node_modules as its parent node_modules
37540 silly build fs.realpath@1.0.0
37541 info linkStuff fs.realpath@1.0.0
37542 silly linkStuff fs.realpath@1.0.0 has D:\software\CodeLibrary\es-vue-project\node_modules as its parent node_modules
37543 silly build function-bind@1.1.1
37544 info linkStuff function-bind@1.1.1
37545 silly linkStuff function-bind@1.1.1 has D:\software\CodeLibrary\es-vue-project\node_modules as its parent node_modules
37546 silly build functional-red-black-tree@1.0.1
37547 info linkStuff functional-red-black-tree@1.0.1
37548 silly linkStuff functional-red-black-tree@1.0.1 has D:\software\CodeLibrary\es-vue-project\node_modules as its parent node_modules
37549 silly build functions-have-names@1.2.3
37550 info linkStuff functions-have-names@1.2.3
37551 silly linkStuff functions-have-names@1.2.3 has D:\software\CodeLibrary\es-vue-project\node_modules as its parent node_modules
37552 silly build get-caller-file@1.0.3
37553 info linkStuff get-caller-file@1.0.3
37554 silly linkStuff get-caller-file@1.0.3 has D:\software\CodeLibrary\es-vue-project\node_modules as its parent node_modules
37555 silly build get-func-name@2.0.0
37556 info linkStuff get-func-name@2.0.0
37557 silly linkStuff get-func-name@2.0.0 has D:\software\CodeLibrary\es-vue-project\node_modules as its parent node_modules
37558 silly build get-stdin@4.0.1
37559 info linkStuff get-stdin@4.0.1
37560 silly linkStuff get-stdin@4.0.1 has D:\software\CodeLibrary\es-vue-project\node_modules as its parent node_modules
37561 silly build get-stream@3.0.0
37562 info linkStuff get-stream@3.0.0
37563 silly linkStuff get-stream@3.0.0 has D:\software\CodeLibrary\es-vue-project\node_modules as its parent node_modules
37564 silly build get-value@2.0.6
37565 info linkStuff get-value@2.0.6
37566 silly linkStuff get-value@2.0.6 has D:\software\CodeLibrary\es-vue-project\node_modules as its parent node_modules
37567 silly build getpass@0.1.7
37568 info linkStuff getpass@0.1.7
37569 silly linkStuff getpass@0.1.7 has D:\software\CodeLibrary\es-vue-project\node_modules as its parent node_modules
37570 silly build globals@9.18.0
37571 info linkStuff globals@9.18.0
37572 silly linkStuff globals@9.18.0 has D:\software\CodeLibrary\es-vue-project\node_modules as its parent node_modules
37573 silly build graceful-fs@4.2.11
37574 info linkStuff graceful-fs@4.2.11
37575 silly linkStuff graceful-fs@4.2.11 has D:\software\CodeLibrary\es-vue-project\node_modules as its parent node_modules
37576 silly build graceful-readlink@1.0.1
37577 info linkStuff graceful-readlink@1.0.1
37578 silly linkStuff graceful-readlink@1.0.1 has D:\software\CodeLibrary\es-vue-project\node_modules as its parent node_modules
37579 silly build growl@1.9.2
37580 info linkStuff growl@1.9.2
37581 silly linkStuff growl@1.9.2 has D:\software\CodeLibrary\es-vue-project\node_modules as its parent node_modules
37582 silly build growly@1.3.0
37583 info linkStuff growly@1.3.0
37584 silly linkStuff growly@1.3.0 has D:\software\CodeLibrary\es-vue-project\node_modules as its parent node_modules
37585 silly build handle-thing@2.0.1
37586 info linkStuff handle-thing@2.0.1
37587 silly linkStuff handle-thing@2.0.1 has D:\software\CodeLibrary\es-vue-project\node_modules as its parent node_modules
37588 silly build wordwrap@1.0.0
37589 info linkStuff wordwrap@1.0.0
37590 silly linkStuff wordwrap@1.0.0 has D:\software\CodeLibrary\es-vue-project\node_modules\handlebars\node_modules as its parent node_modules
37591 silly build har-schema@2.0.0
37592 info linkStuff har-schema@2.0.0
37593 silly linkStuff har-schema@2.0.0 has D:\software\CodeLibrary\es-vue-project\node_modules as its parent node_modules
37594 silly build fast-deep-equal@3.1.3
37595 info linkStuff fast-deep-equal@3.1.3
37596 silly linkStuff fast-deep-equal@3.1.3 has D:\software\CodeLibrary\es-vue-project\node_modules\har-validator\node_modules as its parent node_modules
37597 silly build json-schema-traverse@0.4.1
37598 info linkStuff json-schema-traverse@0.4.1
37599 silly linkStuff json-schema-traverse@0.4.1 has D:\software\CodeLibrary\es-vue-project\node_modules\har-validator\node_modules as its parent node_modules
37600 silly build has@1.0.3
37601 info linkStuff has@1.0.3
37602 silly linkStuff has@1.0.3 has D:\software\CodeLibrary\es-vue-project\node_modules as its parent node_modules
37603 silly build colormin@1.1.2
37604 info linkStuff colormin@1.1.2
37605 silly linkStuff colormin@1.1.2 has D:\software\CodeLibrary\es-vue-project\node_modules as its parent node_modules
37606 silly build es-shim-unscopables@1.0.0
37607 info linkStuff es-shim-unscopables@1.0.0
37608 silly linkStuff es-shim-unscopables@1.0.0 has D:\software\CodeLibrary\es-vue-project\node_modules as its parent node_modules
37609 silly build has-ansi@2.0.0
37610 info linkStuff has-ansi@2.0.0
37611 silly linkStuff has-ansi@2.0.0 has D:\software\CodeLibrary\es-vue-project\node_modules as its parent node_modules
37612 silly build has-bigints@1.0.2
37613 info linkStuff has-bigints@1.0.2
37614 silly linkStuff has-bigints@1.0.2 has D:\software\CodeLibrary\es-vue-project\node_modules as its parent node_modules
37615 silly build isarray@0.0.1
37616 info linkStuff isarray@0.0.1
37617 silly linkStuff isarray@0.0.1 has D:\software\CodeLibrary\es-vue-project\node_modules\has-binary\node_modules as its parent node_modules
37618 silly build has-binary@0.1.7
37619 info linkStuff has-binary@0.1.7
37620 silly linkStuff has-binary@0.1.7 has D:\software\CodeLibrary\es-vue-project\node_modules as its parent node_modules
37621 silly build has-cors@1.1.0
37622 info linkStuff has-cors@1.1.0
37623 silly linkStuff has-cors@1.1.0 has D:\software\CodeLibrary\es-vue-project\node_modules as its parent node_modules
37624 silly build has-flag@3.0.0
37625 info linkStuff has-flag@3.0.0
37626 silly linkStuff has-flag@3.0.0 has D:\software\CodeLibrary\es-vue-project\node_modules as its parent node_modules
37627 silly build has-proto@1.0.1
37628 info linkStuff has-proto@1.0.1
37629 silly linkStuff has-proto@1.0.1 has D:\software\CodeLibrary\es-vue-project\node_modules as its parent node_modules
37630 silly build has-symbols@1.0.3
37631 info linkStuff has-symbols@1.0.3
37632 silly linkStuff has-symbols@1.0.3 has D:\software\CodeLibrary\es-vue-project\node_modules as its parent node_modules
37633 silly build get-intrinsic@1.2.0
37634 info linkStuff get-intrinsic@1.2.0
37635 silly linkStuff get-intrinsic@1.2.0 has D:\software\CodeLibrary\es-vue-project\node_modules as its parent node_modules
37636 silly build call-bind@1.0.2
37637 info linkStuff call-bind@1.0.2
37638 silly linkStuff call-bind@1.0.2 has D:\software\CodeLibrary\es-vue-project\node_modules as its parent node_modules
37639 silly build get-symbol-description@1.0.0
37640 info linkStuff get-symbol-description@1.0.0
37641 silly linkStuff get-symbol-description@1.0.0 has D:\software\CodeLibrary\es-vue-project\node_modules as its parent node_modules
37642 silly build gopd@1.0.1
37643 info linkStuff gopd@1.0.1
37644 silly linkStuff gopd@1.0.1 has D:\software\CodeLibrary\es-vue-project\node_modules as its parent node_modules
37645 silly build has-property-descriptors@1.0.0
37646 info linkStuff has-property-descriptors@1.0.0
37647 silly linkStuff has-property-descriptors@1.0.0 has D:\software\CodeLibrary\es-vue-project\node_modules as its parent node_modules
37648 silly build has-tostringtag@1.0.0
37649 info linkStuff has-tostringtag@1.0.0
37650 silly linkStuff has-tostringtag@1.0.0 has D:\software\CodeLibrary\es-vue-project\node_modules as its parent node_modules
37651 silly build es-set-tostringtag@2.0.1
37652 info linkStuff es-set-tostringtag@2.0.1
37653 silly linkStuff es-set-tostringtag@2.0.1 has D:\software\CodeLibrary\es-vue-project\node_modules as its parent node_modules
37654 silly build isobject@3.0.1
37655 info linkStuff isobject@3.0.1
37656 silly linkStuff isobject@3.0.1 has D:\software\CodeLibrary\es-vue-project\node_modules\has-value\node_modules as its parent node_modules
37657 silly build safe-buffer@5.2.1
37658 info linkStuff safe-buffer@5.2.1
37659 silly linkStuff safe-buffer@5.2.1 has D:\software\CodeLibrary\es-vue-project\node_modules\hash-base\node_modules as its parent node_modules
37660 silly build hash-sum@1.0.2
37661 info linkStuff hash-sum@1.0.2
37662 silly linkStuff hash-sum@1.0.2 has D:\software\CodeLibrary\es-vue-project\node_modules as its parent node_modules
37663 silly build he@1.2.0
37664 info linkStuff he@1.2.0
37665 silly linkStuff he@1.2.0 has D:\software\CodeLibrary\es-vue-project\node_modules as its parent node_modules
37666 verbose linkBins [
37666 verbose linkBins   { he: 'bin/he' },
37666 verbose linkBins   'D:\\software\\CodeLibrary\\es-vue-project\\node_modules\\.bin',
37666 verbose linkBins   false
37666 verbose linkBins ]
37667 silly build hex-color-regex@1.1.0
37668 info linkStuff hex-color-regex@1.1.0
37669 silly linkStuff hex-color-regex@1.1.0 has D:\software\CodeLibrary\es-vue-project\node_modules as its parent node_modules
37670 silly build hosted-git-info@2.8.9
37671 info linkStuff hosted-git-info@2.8.9
37672 silly linkStuff hosted-git-info@2.8.9 has D:\software\CodeLibrary\es-vue-project\node_modules as its parent node_modules
37673 silly build hsl-regex@1.0.0
37674 info linkStuff hsl-regex@1.0.0
37675 silly linkStuff hsl-regex@1.0.0 has D:\software\CodeLibrary\es-vue-project\node_modules as its parent node_modules
37676 silly build hsla-regex@1.0.0
37677 info linkStuff hsla-regex@1.0.0
37678 silly linkStuff hsla-regex@1.0.0 has D:\software\CodeLibrary\es-vue-project\node_modules as its parent node_modules
37679 silly build html-comment-regex@1.1.2
37680 info linkStuff html-comment-regex@1.1.2
37681 silly linkStuff html-comment-regex@1.1.2 has D:\software\CodeLibrary\es-vue-project\node_modules as its parent node_modules
37682 silly build html-entities@1.4.0
37683 info linkStuff html-entities@1.4.0
37684 silly linkStuff html-entities@1.4.0 has D:\software\CodeLibrary\es-vue-project\node_modules as its parent node_modules
37685 silly build big.js@3.2.0
37686 info linkStuff big.js@3.2.0
37687 silly linkStuff big.js@3.2.0 has D:\software\CodeLibrary\es-vue-project\node_modules\html-webpack-plugin\node_modules as its parent node_modules
37688 silly build emojis-list@2.1.0
37689 info linkStuff emojis-list@2.1.0
37690 silly linkStuff emojis-list@2.1.0 has D:\software\CodeLibrary\es-vue-project\node_modules\html-webpack-plugin\node_modules as its parent node_modules
37691 silly build htmlparser2@6.1.0
37692 info linkStuff htmlparser2@6.1.0
37693 silly linkStuff htmlparser2@6.1.0 has D:\software\CodeLibrary\es-vue-project\node_modules as its parent node_modules
37694 silly build http-deceiver@1.2.7
37695 info linkStuff http-deceiver@1.2.7
37696 silly linkStuff http-deceiver@1.2.7 has D:\software\CodeLibrary\es-vue-project\node_modules as its parent node_modules
37697 silly build http-parser-js@0.5.8
37698 info linkStuff http-parser-js@0.5.8
37699 silly linkStuff http-parser-js@0.5.8 has D:\software\CodeLibrary\es-vue-project\node_modules as its parent node_modules
37700 silly build arr-diff@4.0.0
37701 info linkStuff arr-diff@4.0.0
37702 silly linkStuff arr-diff@4.0.0 has D:\software\CodeLibrary\es-vue-project\node_modules\http-proxy-middleware\node_modules as its parent node_modules
37703 silly build array-unique@0.3.2
37704 info linkStuff array-unique@0.3.2
37705 silly linkStuff array-unique@0.3.2 has D:\software\CodeLibrary\es-vue-project\node_modules\http-proxy-middleware\node_modules as its parent node_modules
37706 silly build kind-of@5.1.0
37707 info linkStuff kind-of@5.1.0
37708 silly linkStuff kind-of@5.1.0 has D:\software\CodeLibrary\es-vue-project\node_modules\http-proxy-middleware\node_modules\expand-brackets\node_modules as its parent node_modules
37709 silly build is-extglob@2.1.1
37710 info linkStuff is-extglob@2.1.1
37711 silly linkStuff is-extglob@2.1.1 has D:\software\CodeLibrary\es-vue-project\node_modules\http-proxy-middleware\node_modules as its parent node_modules
37712 silly build is-glob@4.0.3
37713 info linkStuff is-glob@4.0.3
37714 silly linkStuff is-glob@4.0.3 has D:\software\CodeLibrary\es-vue-project\node_modules\http-proxy-middleware\node_modules as its parent node_modules
37715 silly build isobject@3.0.1
37716 info linkStuff isobject@3.0.1
37717 silly linkStuff isobject@3.0.1 has D:\software\CodeLibrary\es-vue-project\node_modules\http-proxy-middleware\node_modules as its parent node_modules
37718 silly build kind-of@6.0.3
37719 info linkStuff kind-of@6.0.3
37720 silly linkStuff kind-of@6.0.3 has D:\software\CodeLibrary\es-vue-project\node_modules\http-proxy-middleware\node_modules as its parent node_modules
37721 silly build is-accessor-descriptor@1.0.0
37722 info linkStuff is-accessor-descriptor@1.0.0
37723 silly linkStuff is-accessor-descriptor@1.0.0 has D:\software\CodeLibrary\es-vue-project\node_modules\http-proxy-middleware\node_modules as its parent node_modules
37724 silly build is-data-descriptor@1.0.0
37725 info linkStuff is-data-descriptor@1.0.0
37726 silly linkStuff is-data-descriptor@1.0.0 has D:\software\CodeLibrary\es-vue-project\node_modules\http-proxy-middleware\node_modules as its parent node_modules
37727 silly build is-descriptor@1.0.2
37728 info linkStuff is-descriptor@1.0.2
37729 silly linkStuff is-descriptor@1.0.2 has D:\software\CodeLibrary\es-vue-project\node_modules\http-proxy-middleware\node_modules as its parent node_modules
37730 silly build define-property@1.0.0
37731 info linkStuff define-property@1.0.0
37732 silly linkStuff define-property@1.0.0 has D:\software\CodeLibrary\es-vue-project\node_modules\http-proxy-middleware\node_modules\extglob\node_modules as its parent node_modules
37733 silly build https-browserify@1.0.0
37734 info linkStuff https-browserify@1.0.0
37735 silly linkStuff https-browserify@1.0.0 has D:\software\CodeLibrary\es-vue-project\node_modules as its parent node_modules
37736 silly build icss-replace-symbols@1.1.0
37737 info linkStuff icss-replace-symbols@1.1.0
37738 silly linkStuff icss-replace-symbols@1.1.0 has D:\software\CodeLibrary\es-vue-project\node_modules as its parent node_modules
37739 silly build ieee754@1.2.1
37740 info linkStuff ieee754@1.2.1
37741 silly linkStuff ieee754@1.2.1 has D:\software\CodeLibrary\es-vue-project\node_modules as its parent node_modules
37742 silly build iferr@0.1.5
37743 info linkStuff iferr@0.1.5
37744 silly linkStuff iferr@0.1.5 has D:\software\CodeLibrary\es-vue-project\node_modules as its parent node_modules
37745 silly build ignore@3.3.10
37746 info linkStuff ignore@3.3.10
37747 silly linkStuff ignore@3.3.10 has D:\software\CodeLibrary\es-vue-project\node_modules as its parent node_modules
37748 silly build caller-path@2.0.0
37749 info linkStuff caller-path@2.0.0
37750 silly linkStuff caller-path@2.0.0 has D:\software\CodeLibrary\es-vue-project\node_modules\import-fresh\node_modules as its parent node_modules
37751 silly build resolve-from@3.0.0
37752 info linkStuff resolve-from@3.0.0
37753 silly linkStuff resolve-from@3.0.0 has D:\software\CodeLibrary\es-vue-project\node_modules\import-fresh\node_modules as its parent node_modules
37754 silly build import-fresh@2.0.0
37755 info linkStuff import-fresh@2.0.0
37756 silly linkStuff import-fresh@2.0.0 has D:\software\CodeLibrary\es-vue-project\node_modules as its parent node_modules
37757 silly build resolve-from@3.0.0
37758 info linkStuff resolve-from@3.0.0
37759 silly linkStuff resolve-from@3.0.0 has D:\software\CodeLibrary\es-vue-project\node_modules\import-from\node_modules as its parent node_modules
37760 silly build import-from@2.1.0
37761 info linkStuff import-from@2.1.0
37762 silly linkStuff import-from@2.1.0 has D:\software\CodeLibrary\es-vue-project\node_modules as its parent node_modules
37763 silly build import-cwd@2.1.0
37764 info linkStuff import-cwd@2.1.0
37765 silly linkStuff import-cwd@2.1.0 has D:\software\CodeLibrary\es-vue-project\node_modules as its parent node_modules
37766 silly build imurmurhash@0.1.4
37767 info linkStuff imurmurhash@0.1.4
37768 silly linkStuff imurmurhash@0.1.4 has D:\software\CodeLibrary\es-vue-project\node_modules as its parent node_modules
37769 silly build indexes-of@1.0.1
37770 info linkStuff indexes-of@1.0.1
37771 silly linkStuff indexes-of@1.0.1 has D:\software\CodeLibrary\es-vue-project\node_modules as its parent node_modules
37772 silly build indexof@0.0.1
37773 info linkStuff indexof@0.0.1
37774 silly linkStuff indexof@0.0.1 has D:\software\CodeLibrary\es-vue-project\node_modules as its parent node_modules
37775 silly build inherits@2.0.4
37776 info linkStuff inherits@2.0.4
37777 silly linkStuff inherits@2.0.4 has D:\software\CodeLibrary\es-vue-project\node_modules as its parent node_modules
37778 silly build ansi-regex@3.0.1
37779 info linkStuff ansi-regex@3.0.1
37780 silly linkStuff ansi-regex@3.0.1 has D:\software\CodeLibrary\es-vue-project\node_modules\inquirer\node_modules as its parent node_modules
37781 silly build strip-ansi@4.0.0
37782 info linkStuff strip-ansi@4.0.0
37783 silly linkStuff strip-ansi@4.0.0 has D:\software\CodeLibrary\es-vue-project\node_modules\inquirer\node_modules as its parent node_modules
37784 silly build interpret@1.4.0
37785 info linkStuff interpret@1.4.0
37786 silly linkStuff interpret@1.4.0 has D:\software\CodeLibrary\es-vue-project\node_modules as its parent node_modules
37787 silly build invert-kv@1.0.0
37788 info linkStuff invert-kv@1.0.0
37789 silly linkStuff invert-kv@1.0.0 has D:\software\CodeLibrary\es-vue-project\node_modules as its parent node_modules
37790 silly build ip@1.1.8
37791 info linkStuff ip@1.1.8
37792 silly linkStuff ip@1.1.8 has D:\software\CodeLibrary\es-vue-project\node_modules as its parent node_modules
37793 silly build ipaddr.js@1.9.1
37794 info linkStuff ipaddr.js@1.9.1
37795 silly linkStuff ipaddr.js@1.9.1 has D:\software\CodeLibrary\es-vue-project\node_modules as its parent node_modules
37796 silly build is-absolute-url@2.1.0
37797 info linkStuff is-absolute-url@2.1.0
37798 silly linkStuff is-absolute-url@2.1.0 has D:\software\CodeLibrary\es-vue-project\node_modules as its parent node_modules
37799 silly build is-arguments@1.1.1
37800 info linkStuff is-arguments@1.1.1
37801 silly linkStuff is-arguments@1.1.1 has D:\software\CodeLibrary\es-vue-project\node_modules as its parent node_modules
37802 silly build is-arrayish@0.2.1
37803 info linkStuff is-arrayish@0.2.1
37804 silly linkStuff is-arrayish@0.2.1 has D:\software\CodeLibrary\es-vue-project\node_modules as its parent node_modules
37805 silly build error-ex@1.3.2
37806 info linkStuff error-ex@1.3.2
37807 silly linkStuff error-ex@1.3.2 has D:\software\CodeLibrary\es-vue-project\node_modules as its parent node_modules
37808 silly build is-bigint@1.0.4
37809 info linkStuff is-bigint@1.0.4
37810 silly linkStuff is-bigint@1.0.4 has D:\software\CodeLibrary\es-vue-project\node_modules as its parent node_modules
37811 silly build is-binary-path@1.0.1
37812 info linkStuff is-binary-path@1.0.1
37813 silly linkStuff is-binary-path@1.0.1 has D:\software\CodeLibrary\es-vue-project\node_modules as its parent node_modules
37814 silly build is-boolean-object@1.1.2
37815 info linkStuff is-boolean-object@1.1.2
37816 silly linkStuff is-boolean-object@1.1.2 has D:\software\CodeLibrary\es-vue-project\node_modules as its parent node_modules
37817 silly build is-buffer@1.1.6
37818 info linkStuff is-buffer@1.1.6
37819 silly linkStuff is-buffer@1.1.6 has D:\software\CodeLibrary\es-vue-project\node_modules as its parent node_modules
37820 silly build kind-of@3.2.2
37821 info linkStuff kind-of@3.2.2
37822 silly linkStuff kind-of@3.2.2 has D:\software\CodeLibrary\es-vue-project\node_modules\has-values\node_modules\is-number\node_modules as its parent node_modules
37823 silly build is-number@3.0.0
37824 info linkStuff is-number@3.0.0
37825 silly linkStuff is-number@3.0.0 has D:\software\CodeLibrary\es-vue-project\node_modules\has-values\node_modules as its parent node_modules
37826 silly build kind-of@4.0.0
37827 info linkStuff kind-of@4.0.0
37828 silly linkStuff kind-of@4.0.0 has D:\software\CodeLibrary\es-vue-project\node_modules\has-values\node_modules as its parent node_modules
37829 silly build has-values@1.0.0
37830 info linkStuff has-values@1.0.0
37831 silly linkStuff has-values@1.0.0 has D:\software\CodeLibrary\es-vue-project\node_modules as its parent node_modules
37832 silly build has-value@1.0.0
37833 info linkStuff has-value@1.0.0
37834 silly linkStuff has-value@1.0.0 has D:\software\CodeLibrary\es-vue-project\node_modules as its parent node_modules
37835 silly build kind-of@3.2.2
37836 info linkStuff kind-of@3.2.2
37837 silly linkStuff kind-of@3.2.2 has D:\software\CodeLibrary\es-vue-project\node_modules\http-proxy-middleware\node_modules\expand-brackets\node_modules\is-accessor-descriptor\node_modules as its parent node_modules
37838 silly build is-accessor-descriptor@0.1.6
37839 info linkStuff is-accessor-descriptor@0.1.6
37840 silly linkStuff is-accessor-descriptor@0.1.6 has D:\software\CodeLibrary\es-vue-project\node_modules\http-proxy-middleware\node_modules\expand-brackets\node_modules as its parent node_modules
37841 silly build kind-of@3.2.2
37842 info linkStuff kind-of@3.2.2
37843 silly linkStuff kind-of@3.2.2 has D:\software\CodeLibrary\es-vue-project\node_modules\http-proxy-middleware\node_modules\expand-brackets\node_modules\is-data-descriptor\node_modules as its parent node_modules
37844 silly build is-data-descriptor@0.1.4
37845 info linkStuff is-data-descriptor@0.1.4
37846 silly linkStuff is-data-descriptor@0.1.4 has D:\software\CodeLibrary\es-vue-project\node_modules\http-proxy-middleware\node_modules\expand-brackets\node_modules as its parent node_modules
37847 silly build is-descriptor@0.1.6
37848 info linkStuff is-descriptor@0.1.6
37849 silly linkStuff is-descriptor@0.1.6 has D:\software\CodeLibrary\es-vue-project\node_modules\http-proxy-middleware\node_modules\expand-brackets\node_modules as its parent node_modules
37850 silly build define-property@0.2.5
37851 info linkStuff define-property@0.2.5
37852 silly linkStuff define-property@0.2.5 has D:\software\CodeLibrary\es-vue-project\node_modules\http-proxy-middleware\node_modules\expand-brackets\node_modules as its parent node_modules
37853 silly build kind-of@3.2.2
37854 info linkStuff kind-of@3.2.2
37855 silly linkStuff kind-of@3.2.2 has D:\software\CodeLibrary\es-vue-project\node_modules\http-proxy-middleware\node_modules\is-number\node_modules as its parent node_modules
37856 silly build is-number@3.0.0
37857 info linkStuff is-number@3.0.0
37858 silly linkStuff is-number@3.0.0 has D:\software\CodeLibrary\es-vue-project\node_modules\http-proxy-middleware\node_modules as its parent node_modules
37859 silly build is-callable@1.2.7
37860 info linkStuff is-callable@1.2.7
37861 silly linkStuff is-callable@1.2.7 has D:\software\CodeLibrary\es-vue-project\node_modules as its parent node_modules
37862 silly build for-each@0.3.3
37863 info linkStuff for-each@0.3.3
37864 silly linkStuff for-each@0.3.3 has D:\software\CodeLibrary\es-vue-project\node_modules as its parent node_modules
37865 silly build is-core-module@2.12.0
37866 info linkStuff is-core-module@2.12.0
37867 silly linkStuff is-core-module@2.12.0 has D:\software\CodeLibrary\es-vue-project\node_modules as its parent node_modules
37868 silly build is-date-object@1.0.5
37869 info linkStuff is-date-object@1.0.5
37870 silly linkStuff is-date-object@1.0.5 has D:\software\CodeLibrary\es-vue-project\node_modules as its parent node_modules
37871 silly build kind-of@5.1.0
37872 info linkStuff kind-of@5.1.0
37873 silly linkStuff kind-of@5.1.0 has D:\software\CodeLibrary\es-vue-project\node_modules\is-descriptor\node_modules as its parent node_modules
37874 silly build is-directory@0.3.1
37875 info linkStuff is-directory@0.3.1
37876 silly linkStuff is-directory@0.3.1 has D:\software\CodeLibrary\es-vue-project\node_modules as its parent node_modules
37877 silly build is-dotfile@1.0.3
37878 info linkStuff is-dotfile@1.0.3
37879 silly linkStuff is-dotfile@1.0.3 has D:\software\CodeLibrary\es-vue-project\node_modules as its parent node_modules
37880 silly build is-extendable@0.1.1
37881 info linkStuff is-extendable@0.1.1
37882 silly linkStuff is-extendable@0.1.1 has D:\software\CodeLibrary\es-vue-project\node_modules as its parent node_modules
37883 silly build extend-shallow@2.0.1
37884 info linkStuff extend-shallow@2.0.1
37885 silly linkStuff extend-shallow@2.0.1 has D:\software\CodeLibrary\es-vue-project\node_modules\http-proxy-middleware\node_modules\braces\node_modules as its parent node_modules
37886 silly build extend-shallow@2.0.1
37887 info linkStuff extend-shallow@2.0.1
37888 silly linkStuff extend-shallow@2.0.1 has D:\software\CodeLibrary\es-vue-project\node_modules\http-proxy-middleware\node_modules\expand-brackets\node_modules as its parent node_modules
37889 silly build extend-shallow@2.0.1
37890 info linkStuff extend-shallow@2.0.1
37891 silly linkStuff extend-shallow@2.0.1 has D:\software\CodeLibrary\es-vue-project\node_modules\http-proxy-middleware\node_modules\extglob\node_modules as its parent node_modules
37892 silly build extend-shallow@2.0.1
37893 info linkStuff extend-shallow@2.0.1
37894 silly linkStuff extend-shallow@2.0.1 has D:\software\CodeLibrary\es-vue-project\node_modules\http-proxy-middleware\node_modules\fill-range\node_modules as its parent node_modules
37895 silly build is-extglob@1.0.0
37896 info linkStuff is-extglob@1.0.0
37897 silly linkStuff is-extglob@1.0.0 has D:\software\CodeLibrary\es-vue-project\node_modules as its parent node_modules
37898 silly build extglob@0.3.2
37899 info linkStuff extglob@0.3.2
37900 silly linkStuff extglob@0.3.2 has D:\software\CodeLibrary\es-vue-project\node_modules as its parent node_modules
37901 silly build is-finite@1.1.0
37902 info linkStuff is-finite@1.1.0
37903 silly linkStuff is-finite@1.1.0 has D:\software\CodeLibrary\es-vue-project\node_modules as its parent node_modules
37904 silly build is-fullwidth-code-point@2.0.0
37905 info linkStuff is-fullwidth-code-point@2.0.0
37906 silly linkStuff is-fullwidth-code-point@2.0.0 has D:\software\CodeLibrary\es-vue-project\node_modules as its parent node_modules
37907 silly build is-glob@2.0.1
37908 info linkStuff is-glob@2.0.1
37909 silly linkStuff is-glob@2.0.1 has D:\software\CodeLibrary\es-vue-project\node_modules as its parent node_modules
37910 silly build glob-parent@2.0.0
37911 info linkStuff glob-parent@2.0.0
37912 silly linkStuff glob-parent@2.0.0 has D:\software\CodeLibrary\es-vue-project\node_modules as its parent node_modules
37913 silly build glob-base@0.3.0
37914 info linkStuff glob-base@0.3.0
37915 silly linkStuff glob-base@0.3.0 has D:\software\CodeLibrary\es-vue-project\node_modules as its parent node_modules
37916 silly build is-negative-zero@2.0.2
37917 info linkStuff is-negative-zero@2.0.2
37918 silly linkStuff is-negative-zero@2.0.2 has D:\software\CodeLibrary\es-vue-project\node_modules as its parent node_modules
37919 silly build is-number-object@1.0.7
37920 info linkStuff is-number-object@1.0.7
37921 silly linkStuff is-number-object@1.0.7 has D:\software\CodeLibrary\es-vue-project\node_modules as its parent node_modules
37922 silly build is-obj@2.0.0
37923 info linkStuff is-obj@2.0.0
37924 silly linkStuff is-obj@2.0.0 has D:\software\CodeLibrary\es-vue-project\node_modules as its parent node_modules
37925 silly build dot-prop@5.3.0
37926 info linkStuff dot-prop@5.3.0
37927 silly linkStuff dot-prop@5.3.0 has D:\software\CodeLibrary\es-vue-project\node_modules as its parent node_modules
37928 silly build is-path-cwd@1.0.0
37929 info linkStuff is-path-cwd@1.0.0
37930 silly linkStuff is-path-cwd@1.0.0 has D:\software\CodeLibrary\es-vue-project\node_modules as its parent node_modules
37931 silly build is-plain-obj@1.1.0
37932 info linkStuff is-plain-obj@1.1.0
37933 silly linkStuff is-plain-obj@1.1.0 has D:\software\CodeLibrary\es-vue-project\node_modules as its parent node_modules
37934 silly build isobject@3.0.1
37935 info linkStuff isobject@3.0.1
37936 silly linkStuff isobject@3.0.1 has D:\software\CodeLibrary\es-vue-project\node_modules\is-plain-object\node_modules as its parent node_modules
37937 silly build is-plain-object@2.0.4
37938 info linkStuff is-plain-object@2.0.4
37939 silly linkStuff is-plain-object@2.0.4 has D:\software\CodeLibrary\es-vue-project\node_modules as its parent node_modules
37940 silly build is-extendable@1.0.1
37941 info linkStuff is-extendable@1.0.1
37942 silly linkStuff is-extendable@1.0.1 has D:\software\CodeLibrary\es-vue-project\node_modules\extend-shallow\node_modules as its parent node_modules
37943 silly build extend-shallow@3.0.2
37944 info linkStuff extend-shallow@3.0.2
37945 silly linkStuff extend-shallow@3.0.2 has D:\software\CodeLibrary\es-vue-project\node_modules as its parent node_modules
37946 silly build is-posix-bracket@0.1.1
37947 info linkStuff is-posix-bracket@0.1.1
37948 silly linkStuff is-posix-bracket@0.1.1 has D:\software\CodeLibrary\es-vue-project\node_modules as its parent node_modules
37949 silly build expand-brackets@0.1.5
37950 info linkStuff expand-brackets@0.1.5
37951 silly linkStuff expand-brackets@0.1.5 has D:\software\CodeLibrary\es-vue-project\node_modules as its parent node_modules
37952 silly build is-primitive@2.0.0
37953 info linkStuff is-primitive@2.0.0
37954 silly linkStuff is-primitive@2.0.0 has D:\software\CodeLibrary\es-vue-project\node_modules as its parent node_modules
37955 silly build is-equal-shallow@0.1.3
37956 info linkStuff is-equal-shallow@0.1.3
37957 silly linkStuff is-equal-shallow@0.1.3 has D:\software\CodeLibrary\es-vue-project\node_modules as its parent node_modules
37958 silly build is-regex@1.1.4
37959 info linkStuff is-regex@1.1.4
37960 silly linkStuff is-regex@1.1.4 has D:\software\CodeLibrary\es-vue-project\node_modules as its parent node_modules
37961 silly build is-resolvable@1.1.0
37962 info linkStuff is-resolvable@1.1.0
37963 silly linkStuff is-resolvable@1.1.0 has D:\software\CodeLibrary\es-vue-project\node_modules as its parent node_modules
37964 silly build is-shared-array-buffer@1.0.2
37965 info linkStuff is-shared-array-buffer@1.0.2
37966 silly linkStuff is-shared-array-buffer@1.0.2 has D:\software\CodeLibrary\es-vue-project\node_modules as its parent node_modules
37967 silly build is-stream@1.1.0
37968 info linkStuff is-stream@1.1.0
37969 silly linkStuff is-stream@1.1.0 has D:\software\CodeLibrary\es-vue-project\node_modules as its parent node_modules
37970 silly build is-string@1.0.7
37971 info linkStuff is-string@1.0.7
37972 silly linkStuff is-string@1.0.7 has D:\software\CodeLibrary\es-vue-project\node_modules as its parent node_modules
37973 silly build is-svg@2.1.0
37974 info linkStuff is-svg@2.1.0
37975 silly linkStuff is-svg@2.1.0 has D:\software\CodeLibrary\es-vue-project\node_modules as its parent node_modules
37976 silly build is-symbol@1.0.4
37977 info linkStuff is-symbol@1.0.4
37978 silly linkStuff is-symbol@1.0.4 has D:\software\CodeLibrary\es-vue-project\node_modules as its parent node_modules
37979 silly build es-to-primitive@1.2.1
37980 info linkStuff es-to-primitive@1.2.1
37981 silly linkStuff es-to-primitive@1.2.1 has D:\software\CodeLibrary\es-vue-project\node_modules as its parent node_modules
37982 silly build is-typed-array@1.1.10
37983 info linkStuff is-typed-array@1.1.10
37984 silly linkStuff is-typed-array@1.1.10 has D:\software\CodeLibrary\es-vue-project\node_modules as its parent node_modules
37985 silly build is-array-buffer@3.0.2
37986 info linkStuff is-array-buffer@3.0.2
37987 silly linkStuff is-array-buffer@3.0.2 has D:\software\CodeLibrary\es-vue-project\node_modules as its parent node_modules
37988 silly build array-buffer-byte-length@1.0.0
37989 info linkStuff array-buffer-byte-length@1.0.0
37990 silly linkStuff array-buffer-byte-length@1.0.0 has D:\software\CodeLibrary\es-vue-project\node_modules as its parent node_modules
37991 silly build is-typedarray@1.0.0
37992 info linkStuff is-typedarray@1.0.0
37993 silly linkStuff is-typedarray@1.0.0 has D:\software\CodeLibrary\es-vue-project\node_modules as its parent node_modules
37994 silly build is-utf8@0.2.1
37995 info linkStuff is-utf8@0.2.1
37996 silly linkStuff is-utf8@0.2.1 has D:\software\CodeLibrary\es-vue-project\node_modules as its parent node_modules
37997 silly build is-weakref@1.0.2
37998 info linkStuff is-weakref@1.0.2
37999 silly linkStuff is-weakref@1.0.2 has D:\software\CodeLibrary\es-vue-project\node_modules as its parent node_modules
38000 silly build is-windows@1.0.2
38001 info linkStuff is-windows@1.0.2
38002 silly linkStuff is-windows@1.0.2 has D:\software\CodeLibrary\es-vue-project\node_modules as its parent node_modules
38003 silly build is-wsl@1.1.0
38004 info linkStuff is-wsl@1.1.0
38005 silly linkStuff is-wsl@1.1.0 has D:\software\CodeLibrary\es-vue-project\node_modules as its parent node_modules
38006 silly build isarray@1.0.0
38007 info linkStuff isarray@1.0.0
38008 silly linkStuff isarray@1.0.0 has D:\software\CodeLibrary\es-vue-project\node_modules as its parent node_modules
38009 silly build buffer@4.9.2
38010 info linkStuff buffer@4.9.2
38011 silly linkStuff buffer@4.9.2 has D:\software\CodeLibrary\es-vue-project\node_modules as its parent node_modules
38012 silly build isbinaryfile@3.0.3
38013 info linkStuff isbinaryfile@3.0.3
38014 silly linkStuff isbinaryfile@3.0.3 has D:\software\CodeLibrary\es-vue-project\node_modules as its parent node_modules
38015 silly build isexe@2.0.0
38016 info linkStuff isexe@2.0.0
38017 silly linkStuff isexe@2.0.0 has D:\software\CodeLibrary\es-vue-project\node_modules as its parent node_modules
38018 silly build isobject@2.1.0
38019 info linkStuff isobject@2.1.0
38020 silly linkStuff isobject@2.1.0 has D:\software\CodeLibrary\es-vue-project\node_modules as its parent node_modules
38021 silly build isstream@0.1.2
38022 info linkStuff isstream@0.1.2
38023 silly linkStuff isstream@0.1.2 has D:\software\CodeLibrary\es-vue-project\node_modules as its parent node_modules
38024 silly build istanbul-lib-coverage@1.2.1
38025 info linkStuff istanbul-lib-coverage@1.2.1
38026 silly linkStuff istanbul-lib-coverage@1.2.1 has D:\software\CodeLibrary\es-vue-project\node_modules as its parent node_modules
38027 silly build async@1.5.2
38028 info linkStuff async@1.5.2
38029 silly linkStuff async@1.5.2 has D:\software\CodeLibrary\es-vue-project\node_modules\istanbul\node_modules as its parent node_modules
38030 silly build has-flag@1.0.0
38031 info linkStuff has-flag@1.0.0
38032 silly linkStuff has-flag@1.0.0 has D:\software\CodeLibrary\es-vue-project\node_modules\istanbul\node_modules as its parent node_modules
38033 silly build resolve@1.1.7
38034 info linkStuff resolve@1.1.7
38035 silly linkStuff resolve@1.1.7 has D:\software\CodeLibrary\es-vue-project\node_modules\istanbul\node_modules as its parent node_modules
38036 silly build supports-color@3.2.3
38037 info linkStuff supports-color@3.2.3
38038 silly linkStuff supports-color@3.2.3 has D:\software\CodeLibrary\es-vue-project\node_modules\istanbul\node_modules as its parent node_modules
38039 silly build wordwrap@1.0.0
38040 info linkStuff wordwrap@1.0.0
38041 silly linkStuff wordwrap@1.0.0 has D:\software\CodeLibrary\es-vue-project\node_modules\istanbul\node_modules as its parent node_modules
38042 silly build js-base64@2.6.4
38043 info linkStuff js-base64@2.6.4
38044 silly linkStuff js-base64@2.6.4 has D:\software\CodeLibrary\es-vue-project\node_modules as its parent node_modules
38045 silly build js-tokens@3.0.2
38046 info linkStuff js-tokens@3.0.2
38047 silly linkStuff js-tokens@3.0.2 has D:\software\CodeLibrary\es-vue-project\node_modules as its parent node_modules
38048 silly build jsbn@0.1.1
38049 info linkStuff jsbn@0.1.1
38050 silly linkStuff jsbn@0.1.1 has D:\software\CodeLibrary\es-vue-project\node_modules as its parent node_modules
38051 silly build jsesc@1.3.0
38052 info linkStuff jsesc@1.3.0
38053 silly linkStuff jsesc@1.3.0 has D:\software\CodeLibrary\es-vue-project\node_modules as its parent node_modules
38054 verbose linkBins [
38054 verbose linkBins   { jsesc: 'bin/jsesc' },
38054 verbose linkBins   'D:\\software\\CodeLibrary\\es-vue-project\\node_modules\\.bin',
38054 verbose linkBins   false
38054 verbose linkBins ]
38055 silly build json-loader@0.5.7
38056 info linkStuff json-loader@0.5.7
38057 silly linkStuff json-loader@0.5.7 has D:\software\CodeLibrary\es-vue-project\node_modules as its parent node_modules
38058 silly build json-parse-better-errors@1.0.2
38059 info linkStuff json-parse-better-errors@1.0.2
38060 silly linkStuff json-parse-better-errors@1.0.2 has D:\software\CodeLibrary\es-vue-project\node_modules as its parent node_modules
38061 silly build parse-json@4.0.0
38062 info linkStuff parse-json@4.0.0
38063 silly linkStuff parse-json@4.0.0 has D:\software\CodeLibrary\es-vue-project\node_modules\cosmiconfig\node_modules as its parent node_modules
38064 silly build json-schema@0.4.0
38065 info linkStuff json-schema@0.4.0
38066 silly linkStuff json-schema@0.4.0 has D:\software\CodeLibrary\es-vue-project\node_modules as its parent node_modules
38067 silly build json-schema-traverse@0.3.1
38068 info linkStuff json-schema-traverse@0.3.1
38069 silly linkStuff json-schema-traverse@0.3.1 has D:\software\CodeLibrary\es-vue-project\node_modules as its parent node_modules
38070 silly build ajv@5.5.2
38071 info linkStuff ajv@5.5.2
38072 silly linkStuff ajv@5.5.2 has D:\software\CodeLibrary\es-vue-project\node_modules as its parent node_modules
38073 silly build json-stable-stringify-without-jsonify@1.0.1
38074 info linkStuff json-stable-stringify-without-jsonify@1.0.1
38075 silly linkStuff json-stable-stringify-without-jsonify@1.0.1 has D:\software\CodeLibrary\es-vue-project\node_modules as its parent node_modules
38076 silly build json-stringify-safe@5.0.1
38077 info linkStuff json-stringify-safe@5.0.1
38078 silly linkStuff json-stringify-safe@5.0.1 has D:\software\CodeLibrary\es-vue-project\node_modules as its parent node_modules
38079 silly build json3@3.3.2
38080 info linkStuff json3@3.3.2
38081 silly linkStuff json3@3.3.2 has D:\software\CodeLibrary\es-vue-project\node_modules as its parent node_modules
38082 silly build json5@0.5.1
38083 info linkStuff json5@0.5.1
38084 silly linkStuff json5@0.5.1 has D:\software\CodeLibrary\es-vue-project\node_modules as its parent node_modules
38085 verbose linkBins [
38085 verbose linkBins   { json5: 'lib/cli.js' },
38085 verbose linkBins   'D:\\software\\CodeLibrary\\es-vue-project\\node_modules\\.bin',
38085 verbose linkBins   false
38085 verbose linkBins ]
38086 silly build jsonfile@2.4.0
38087 info linkStuff jsonfile@2.4.0
38088 silly linkStuff jsonfile@2.4.0 has D:\software\CodeLibrary\es-vue-project\node_modules as its parent node_modules
38089 silly build just-extend@4.2.1
38090 info linkStuff just-extend@4.2.1
38091 silly linkStuff just-extend@4.2.1 has D:\software\CodeLibrary\es-vue-project\node_modules as its parent node_modules
38092 silly build source-map@0.5.7
38093 info linkStuff source-map@0.5.7
38094 silly linkStuff source-map@0.5.7 has D:\software\CodeLibrary\es-vue-project\node_modules\karma-coverage\node_modules as its parent node_modules
38095 silly build minimist@1.2.0
38096 info linkStuff minimist@1.2.0
38097 silly linkStuff minimist@1.2.0 has D:\software\CodeLibrary\es-vue-project\node_modules\karma-mocha\node_modules as its parent node_modules
38098 silly build source-map@0.5.7
38099 info linkStuff source-map@0.5.7
38100 silly linkStuff source-map@0.5.7 has D:\software\CodeLibrary\es-vue-project\node_modules\karma-webpack\node_modules as its parent node_modules
38101 silly build lodash@3.10.1
38102 info linkStuff lodash@3.10.1
38103 silly linkStuff lodash@3.10.1 has D:\software\CodeLibrary\es-vue-project\node_modules\karma\node_modules as its parent node_modules
38104 silly build source-map@0.5.7
38105 info linkStuff source-map@0.5.7
38106 silly linkStuff source-map@0.5.7 has D:\software\CodeLibrary\es-vue-project\node_modules\karma\node_modules as its parent node_modules
38107 silly build kew@0.7.0
38108 info linkStuff kew@0.7.0
38109 silly linkStuff kew@0.7.0 has D:\software\CodeLibrary\es-vue-project\node_modules as its parent node_modules
38110 silly build killable@1.0.1
38111 info linkStuff killable@1.0.1
38112 silly linkStuff killable@1.0.1 has D:\software\CodeLibrary\es-vue-project\node_modules as its parent node_modules
38113 silly build kind-of@3.2.2
38114 info linkStuff kind-of@3.2.2
38115 silly linkStuff kind-of@3.2.2 has D:\software\CodeLibrary\es-vue-project\node_modules as its parent node_modules
38116 silly build is-accessor-descriptor@0.1.6
38117 info linkStuff is-accessor-descriptor@0.1.6
38118 silly linkStuff is-accessor-descriptor@0.1.6 has D:\software\CodeLibrary\es-vue-project\node_modules as its parent node_modules
38119 silly build is-data-descriptor@0.1.4
38120 info linkStuff is-data-descriptor@0.1.4
38121 silly linkStuff is-data-descriptor@0.1.4 has D:\software\CodeLibrary\es-vue-project\node_modules as its parent node_modules
38122 silly build is-descriptor@0.1.6
38123 info linkStuff is-descriptor@0.1.6
38124 silly linkStuff is-descriptor@0.1.6 has D:\software\CodeLibrary\es-vue-project\node_modules as its parent node_modules
38125 silly build define-property@0.2.5
38126 info linkStuff define-property@0.2.5
38127 silly linkStuff define-property@0.2.5 has D:\software\CodeLibrary\es-vue-project\node_modules\class-utils\node_modules as its parent node_modules
38128 silly build is-number@2.1.0
38129 info linkStuff is-number@2.1.0
38130 silly linkStuff is-number@2.1.0 has D:\software\CodeLibrary\es-vue-project\node_modules as its parent node_modules
38131 silly build klaw@1.3.1
38132 info linkStuff klaw@1.3.1
38133 silly linkStuff klaw@1.3.1 has D:\software\CodeLibrary\es-vue-project\node_modules as its parent node_modules
38134 silly build fs-extra@1.0.0
38135 info linkStuff fs-extra@1.0.0
38136 silly linkStuff fs-extra@1.0.0 has D:\software\CodeLibrary\es-vue-project\node_modules as its parent node_modules
38137 silly build lazy-cache@1.0.4
38138 info linkStuff lazy-cache@1.0.4
38139 silly linkStuff lazy-cache@1.0.4 has D:\software\CodeLibrary\es-vue-project\node_modules as its parent node_modules
38140 silly build lcid@1.0.0
38141 info linkStuff lcid@1.0.0
38142 silly linkStuff lcid@1.0.0 has D:\software\CodeLibrary\es-vue-project\node_modules as its parent node_modules
38143 silly build pify@2.3.0
38144 info linkStuff pify@2.3.0
38145 silly linkStuff pify@2.3.0 has D:\software\CodeLibrary\es-vue-project\node_modules\load-json-file\node_modules as its parent node_modules
38146 silly build loader-runner@2.4.0
38147 info linkStuff loader-runner@2.4.0
38148 silly linkStuff loader-runner@2.4.0 has D:\software\CodeLibrary\es-vue-project\node_modules as its parent node_modules
38149 silly build lodash@4.17.21
38150 info linkStuff lodash@4.17.21
38151 silly linkStuff lodash@4.17.21 has D:\software\CodeLibrary\es-vue-project\node_modules as its parent node_modules
38152 silly build @babel/types@7.0.0-beta.44
38153 info linkStuff @babel/types@7.0.0-beta.44
38154 silly linkStuff @babel/types@7.0.0-beta.44 has D:\software\CodeLibrary\es-vue-project\node_modules as its parent node_modules
38155 silly build @babel/helper-get-function-arity@7.0.0-beta.44
38156 info linkStuff @babel/helper-get-function-arity@7.0.0-beta.44
38157 silly linkStuff @babel/helper-get-function-arity@7.0.0-beta.44 has D:\software\CodeLibrary\es-vue-project\node_modules as its parent node_modules
38158 silly build @babel/helper-split-export-declaration@7.0.0-beta.44
38159 info linkStuff @babel/helper-split-export-declaration@7.0.0-beta.44
38160 silly linkStuff @babel/helper-split-export-declaration@7.0.0-beta.44 has D:\software\CodeLibrary\es-vue-project\node_modules as its parent node_modules
38161 silly build async@2.6.4
38162 info linkStuff async@2.6.4
38163 silly linkStuff async@2.6.4 has D:\software\CodeLibrary\es-vue-project\node_modules as its parent node_modules
38164 silly build combine-lists@1.0.1
38165 info linkStuff combine-lists@1.0.1
38166 silly linkStuff combine-lists@1.0.1 has D:\software\CodeLibrary\es-vue-project\node_modules as its parent node_modules
38167 silly build lodash._basecopy@3.0.1
38168 info linkStuff lodash._basecopy@3.0.1
38169 silly linkStuff lodash._basecopy@3.0.1 has D:\software\CodeLibrary\es-vue-project\node_modules as its parent node_modules
38170 silly build lodash._basecreate@3.0.3
38171 info linkStuff lodash._basecreate@3.0.3
38172 silly linkStuff lodash._basecreate@3.0.3 has D:\software\CodeLibrary\es-vue-project\node_modules as its parent node_modules
38173 silly build lodash._getnative@3.9.1
38174 info linkStuff lodash._getnative@3.9.1
38175 silly linkStuff lodash._getnative@3.9.1 has D:\software\CodeLibrary\es-vue-project\node_modules as its parent node_modules
38176 silly build lodash._isiterateecall@3.0.9
38177 info linkStuff lodash._isiterateecall@3.0.9
38178 silly linkStuff lodash._isiterateecall@3.0.9 has D:\software\CodeLibrary\es-vue-project\node_modules as its parent node_modules
38179 silly build lodash.camelcase@4.3.0
38180 info linkStuff lodash.camelcase@4.3.0
38181 silly linkStuff lodash.camelcase@4.3.0 has D:\software\CodeLibrary\es-vue-project\node_modules as its parent node_modules
38182 silly build lodash.get@4.4.2
38183 info linkStuff lodash.get@4.4.2
38184 silly linkStuff lodash.get@4.4.2 has D:\software\CodeLibrary\es-vue-project\node_modules as its parent node_modules
38185 silly build lodash.isarguments@3.1.0
38186 info linkStuff lodash.isarguments@3.1.0
38187 silly linkStuff lodash.isarguments@3.1.0 has D:\software\CodeLibrary\es-vue-project\node_modules as its parent node_modules
38188 silly build lodash.isarray@3.0.4
38189 info linkStuff lodash.isarray@3.0.4
38190 silly linkStuff lodash.isarray@3.0.4 has D:\software\CodeLibrary\es-vue-project\node_modules as its parent node_modules
38191 silly build lodash.keys@3.1.2
38192 info linkStuff lodash.keys@3.1.2
38193 silly linkStuff lodash.keys@3.1.2 has D:\software\CodeLibrary\es-vue-project\node_modules as its parent node_modules
38194 silly build lodash._baseassign@3.2.0
38195 info linkStuff lodash._baseassign@3.2.0
38196 silly linkStuff lodash._baseassign@3.2.0 has D:\software\CodeLibrary\es-vue-project\node_modules as its parent node_modules
38197 silly build lodash.create@3.1.1
38198 info linkStuff lodash.create@3.1.1
38199 silly linkStuff lodash.create@3.1.1 has D:\software\CodeLibrary\es-vue-project\node_modules as its parent node_modules
38200 silly build lodash.memoize@4.1.2
38201 info linkStuff lodash.memoize@4.1.2
38202 silly linkStuff lodash.memoize@4.1.2 has D:\software\CodeLibrary\es-vue-project\node_modules as its parent node_modules
38203 silly build lodash.uniq@4.5.0
38204 info linkStuff lodash.uniq@4.5.0
38205 silly linkStuff lodash.uniq@4.5.0 has D:\software\CodeLibrary\es-vue-project\node_modules as its parent node_modules
38206 silly build caniuse-api@1.6.1
38207 info linkStuff caniuse-api@1.6.1
38208 silly linkStuff caniuse-api@1.6.1 has D:\software\CodeLibrary\es-vue-project\node_modules as its parent node_modules
38209 silly build isarray@0.0.1
38210 info linkStuff isarray@0.0.1
38211 silly linkStuff isarray@0.0.1 has D:\software\CodeLibrary\es-vue-project\node_modules\log4js\node_modules as its parent node_modules
38212 silly build semver@4.3.6
38213 info linkStuff semver@4.3.6
38214 silly linkStuff semver@4.3.6 has D:\software\CodeLibrary\es-vue-project\node_modules\log4js\node_modules as its parent node_modules
38215 verbose linkBins [
38215 verbose linkBins   { semver: 'bin/semver' },
38215 verbose linkBins   'D:\\software\\CodeLibrary\\es-vue-project\\node_modules\\log4js\\node_modules\\.bin',
38215 verbose linkBins   false
38215 verbose linkBins ]
38216 silly build string_decoder@0.10.31
38217 info linkStuff string_decoder@0.10.31
38218 silly linkStuff string_decoder@0.10.31 has D:\software\CodeLibrary\es-vue-project\node_modules\log4js\node_modules as its parent node_modules
38219 silly build readable-stream@1.0.34
38220 info linkStuff readable-stream@1.0.34
38221 silly linkStuff readable-stream@1.0.34 has D:\software\CodeLibrary\es-vue-project\node_modules\log4js\node_modules as its parent node_modules
38222 silly build log4js@0.6.38
38223 info linkStuff log4js@0.6.38
38224 silly linkStuff log4js@0.6.38 has D:\software\CodeLibrary\es-vue-project\node_modules as its parent node_modules
38225 silly build loglevel@1.8.1
38226 info linkStuff loglevel@1.8.1
38227 silly linkStuff loglevel@1.8.1 has D:\software\CodeLibrary\es-vue-project\node_modules as its parent node_modules
38228 silly build lolex@1.6.0
38229 info linkStuff lolex@1.6.0
38230 silly linkStuff lolex@1.6.0 has D:\software\CodeLibrary\es-vue-project\node_modules as its parent node_modules
38231 silly build longest@1.0.1
38232 info linkStuff longest@1.0.1
38233 silly linkStuff longest@1.0.1 has D:\software\CodeLibrary\es-vue-project\node_modules as its parent node_modules
38234 silly build loose-envify@1.4.0
38235 info linkStuff loose-envify@1.4.0
38236 silly linkStuff loose-envify@1.4.0 has D:\software\CodeLibrary\es-vue-project\node_modules as its parent node_modules
38237 verbose linkBins [
38237 verbose linkBins   { 'loose-envify': 'cli.js' },
38237 verbose linkBins   'D:\\software\\CodeLibrary\\es-vue-project\\node_modules\\.bin',
38237 verbose linkBins   false
38237 verbose linkBins ]
38238 silly build invariant@2.2.4
38239 info linkStuff invariant@2.2.4
38240 silly linkStuff invariant@2.2.4 has D:\software\CodeLibrary\es-vue-project\node_modules as its parent node_modules
38241 silly build loupe@2.3.6
38242 info linkStuff loupe@2.3.6
38243 silly linkStuff loupe@2.3.6 has D:\software\CodeLibrary\es-vue-project\node_modules as its parent node_modules
38244 silly build lower-case@1.1.4
38245 info linkStuff lower-case@1.1.4
38246 silly linkStuff lower-case@1.1.4 has D:\software\CodeLibrary\es-vue-project\node_modules as its parent node_modules
38247 silly build map-cache@0.2.2
38248 info linkStuff map-cache@0.2.2
38249 silly linkStuff map-cache@0.2.2 has D:\software\CodeLibrary\es-vue-project\node_modules as its parent node_modules
38250 silly build fragment-cache@0.2.1
38251 info linkStuff fragment-cache@0.2.1
38252 silly linkStuff fragment-cache@0.2.1 has D:\software\CodeLibrary\es-vue-project\node_modules as its parent node_modules
38253 silly build map-obj@1.0.1
38254 info linkStuff map-obj@1.0.1
38255 silly linkStuff map-obj@1.0.1 has D:\software\CodeLibrary\es-vue-project\node_modules as its parent node_modules
38256 silly build camelcase-keys@2.1.0
38257 info linkStuff camelcase-keys@2.1.0
38258 silly linkStuff camelcase-keys@2.1.0 has D:\software\CodeLibrary\es-vue-project\node_modules as its parent node_modules
38259 silly build math-expression-evaluator@1.4.0
38260 info linkStuff math-expression-evaluator@1.4.0
38261 silly linkStuff math-expression-evaluator@1.4.0 has D:\software\CodeLibrary\es-vue-project\node_modules as its parent node_modules
38262 silly build math-random@1.0.4
38263 info linkStuff math-random@1.0.4
38264 silly linkStuff math-random@1.0.4 has D:\software\CodeLibrary\es-vue-project\node_modules as its parent node_modules
38265 silly build mdn-data@2.0.4
38266 info linkStuff mdn-data@2.0.4
38267 silly linkStuff mdn-data@2.0.4 has D:\software\CodeLibrary\es-vue-project\node_modules as its parent node_modules
38268 silly build media-typer@0.3.0
38269 info linkStuff media-typer@0.3.0
38270 silly linkStuff media-typer@0.3.0 has D:\software\CodeLibrary\es-vue-project\node_modules as its parent node_modules
38271 silly build merge-descriptors@1.0.1
38272 info linkStuff merge-descriptors@1.0.1
38273 silly linkStuff merge-descriptors@1.0.1 has D:\software\CodeLibrary\es-vue-project\node_modules as its parent node_modules
38274 silly build methods@1.1.2
38275 info linkStuff methods@1.1.2
38276 silly linkStuff methods@1.1.2 has D:\software\CodeLibrary\es-vue-project\node_modules as its parent node_modules
38277 silly build bn.js@4.12.0
38278 info linkStuff bn.js@4.12.0
38279 silly linkStuff bn.js@4.12.0 has D:\software\CodeLibrary\es-vue-project\node_modules\miller-rabin\node_modules as its parent node_modules
38280 silly build miller-rabin@4.0.1
38281 info linkStuff miller-rabin@4.0.1
38282 silly linkStuff miller-rabin@4.0.1 has D:\software\CodeLibrary\es-vue-project\node_modules as its parent node_modules
38283 verbose linkBins [
38283 verbose linkBins   { 'miller-rabin': 'bin/miller-rabin' },
38283 verbose linkBins   'D:\\software\\CodeLibrary\\es-vue-project\\node_modules\\.bin',
38283 verbose linkBins   false
38283 verbose linkBins ]
38284 silly build mime@1.6.0
38285 info linkStuff mime@1.6.0
38286 silly linkStuff mime@1.6.0 has D:\software\CodeLibrary\es-vue-project\node_modules as its parent node_modules
38287 verbose linkBins [
38287 verbose linkBins   { mime: 'cli.js' },
38287 verbose linkBins   'D:\\software\\CodeLibrary\\es-vue-project\\node_modules\\.bin',
38287 verbose linkBins   false
38287 verbose linkBins ]
38288 silly build mime-db@1.52.0
38289 info linkStuff mime-db@1.52.0
38290 silly linkStuff mime-db@1.52.0 has D:\software\CodeLibrary\es-vue-project\node_modules as its parent node_modules
38291 silly build compressible@2.0.18
38292 info linkStuff compressible@2.0.18
38293 silly linkStuff compressible@2.0.18 has D:\software\CodeLibrary\es-vue-project\node_modules as its parent node_modules
38294 silly build mime-types@2.1.35
38295 info linkStuff mime-types@2.1.35
38296 silly linkStuff mime-types@2.1.35 has D:\software\CodeLibrary\es-vue-project\node_modules as its parent node_modules
38297 silly build accepts@1.3.8
38298 info linkStuff accepts@1.3.8
38299 silly linkStuff accepts@1.3.8 has D:\software\CodeLibrary\es-vue-project\node_modules\compression\node_modules as its parent node_modules
38300 silly build accepts@1.3.8
38301 info linkStuff accepts@1.3.8
38302 silly linkStuff accepts@1.3.8 has D:\software\CodeLibrary\es-vue-project\node_modules\express\node_modules as its parent node_modules
38303 silly build form-data@2.3.3
38304 info linkStuff form-data@2.3.3
38305 silly linkStuff form-data@2.3.3 has D:\software\CodeLibrary\es-vue-project\node_modules as its parent node_modules
38306 silly build mimic-fn@1.2.0
38307 info linkStuff mimic-fn@1.2.0
38308 silly linkStuff mimic-fn@1.2.0 has D:\software\CodeLibrary\es-vue-project\node_modules as its parent node_modules
38309 silly build mem@1.1.0
38310 info linkStuff mem@1.1.0
38311 silly linkStuff mem@1.1.0 has D:\software\CodeLibrary\es-vue-project\node_modules as its parent node_modules
38312 silly build minimalistic-assert@1.0.1
38313 info linkStuff minimalistic-assert@1.0.1
38314 silly linkStuff minimalistic-assert@1.0.1 has D:\software\CodeLibrary\es-vue-project\node_modules as its parent node_modules
38315 silly build des.js@1.0.1
38316 info linkStuff des.js@1.0.1
38317 silly linkStuff des.js@1.0.1 has D:\software\CodeLibrary\es-vue-project\node_modules as its parent node_modules
38318 silly build hash.js@1.1.7
38319 info linkStuff hash.js@1.1.7
38320 silly linkStuff hash.js@1.1.7 has D:\software\CodeLibrary\es-vue-project\node_modules as its parent node_modules
38321 silly build minimalistic-crypto-utils@1.0.1
38322 info linkStuff minimalistic-crypto-utils@1.0.1
38323 silly linkStuff minimalistic-crypto-utils@1.0.1 has D:\software\CodeLibrary\es-vue-project\node_modules as its parent node_modules
38324 silly build hmac-drbg@1.0.1
38325 info linkStuff hmac-drbg@1.0.1
38326 silly linkStuff hmac-drbg@1.0.1 has D:\software\CodeLibrary\es-vue-project\node_modules as its parent node_modules
38327 silly build elliptic@6.5.4
38328 info linkStuff elliptic@6.5.4
38329 silly linkStuff elliptic@6.5.4 has D:\software\CodeLibrary\es-vue-project\node_modules as its parent node_modules
38330 silly build create-ecdh@4.0.4
38331 info linkStuff create-ecdh@4.0.4
38332 silly linkStuff create-ecdh@4.0.4 has D:\software\CodeLibrary\es-vue-project\node_modules as its parent node_modules
38333 silly build minimatch@3.1.2
38334 info linkStuff minimatch@3.1.2
38335 silly linkStuff minimatch@3.1.2 has D:\software\CodeLibrary\es-vue-project\node_modules as its parent node_modules
38336 silly build minimist@1.2.8
38337 info linkStuff minimist@1.2.8
38338 silly linkStuff minimist@1.2.8 has D:\software\CodeLibrary\es-vue-project\node_modules as its parent node_modules
38339 silly build json5@1.0.2
38340 info linkStuff json5@1.0.2
38341 silly linkStuff json5@1.0.2 has D:\software\CodeLibrary\es-vue-project\node_modules\loader-utils\node_modules as its parent node_modules
38342 verbose linkBins [
38342 verbose linkBins   { json5: 'lib/cli.js' },
38342 verbose linkBins   'D:\\software\\CodeLibrary\\es-vue-project\\node_modules\\loader-utils\\node_modules\\.bin',
38342 verbose linkBins   false
38342 verbose linkBins ]
38343 silly build loader-utils@1.4.2
38344 info linkStuff loader-utils@1.4.2
38345 silly linkStuff loader-utils@1.4.2 has D:\software\CodeLibrary\es-vue-project\node_modules as its parent node_modules
38346 silly build is-extendable@1.0.1
38347 info linkStuff is-extendable@1.0.1
38348 silly linkStuff is-extendable@1.0.1 has D:\software\CodeLibrary\es-vue-project\node_modules\mixin-deep\node_modules as its parent node_modules
38349 silly build mixin-deep@1.3.2
38350 info linkStuff mixin-deep@1.3.2
38351 silly linkStuff mixin-deep@1.3.2 has D:\software\CodeLibrary\es-vue-project\node_modules as its parent node_modules
38352 silly build mkdirp@0.5.6
38353 info linkStuff mkdirp@0.5.6
38354 silly linkStuff mkdirp@0.5.6 has D:\software\CodeLibrary\es-vue-project\node_modules as its parent node_modules
38355 verbose linkBins [
38355 verbose linkBins   { mkdirp: 'bin/cmd.js' },
38355 verbose linkBins   'D:\\software\\CodeLibrary\\es-vue-project\\node_modules\\.bin',
38355 verbose linkBins   false
38355 verbose linkBins ]
38356 silly build commander@2.9.0
38357 info linkStuff commander@2.9.0
38358 silly linkStuff commander@2.9.0 has D:\software\CodeLibrary\es-vue-project\node_modules\mocha\node_modules as its parent node_modules
38359 silly build has-flag@1.0.0
38360 info linkStuff has-flag@1.0.0
38361 silly linkStuff has-flag@1.0.0 has D:\software\CodeLibrary\es-vue-project\node_modules\mocha\node_modules as its parent node_modules
38362 silly build he@1.1.1
38363 info linkStuff he@1.1.1
38364 silly linkStuff he@1.1.1 has D:\software\CodeLibrary\es-vue-project\node_modules\mocha\node_modules as its parent node_modules
38365 verbose linkBins [
38365 verbose linkBins   { he: 'bin/he' },
38365 verbose linkBins   'D:\\software\\CodeLibrary\\es-vue-project\\node_modules\\mocha\\node_modules\\.bin',
38365 verbose linkBins   false
38365 verbose linkBins ]
38366 silly build minimist@0.0.8
38367 info linkStuff minimist@0.0.8
38368 silly linkStuff minimist@0.0.8 has D:\software\CodeLibrary\es-vue-project\node_modules\mocha\node_modules as its parent node_modules
38369 silly build mkdirp@0.5.1
38370 info linkStuff mkdirp@0.5.1
38371 silly linkStuff mkdirp@0.5.1 has D:\software\CodeLibrary\es-vue-project\node_modules\mocha\node_modules as its parent node_modules
38372 verbose linkBins [
38372 verbose linkBins   { mkdirp: 'bin/cmd.js' },
38372 verbose linkBins   'D:\\software\\CodeLibrary\\es-vue-project\\node_modules\\mocha\\node_modules\\.bin',
38372 verbose linkBins   false
38372 verbose linkBins ]
38373 silly build supports-color@3.1.2
38374 info linkStuff supports-color@3.1.2
38375 silly linkStuff supports-color@3.1.2 has D:\software\CodeLibrary\es-vue-project\node_modules\mocha\node_modules as its parent node_modules
38376 silly build ms@2.0.0
38377 info linkStuff ms@2.0.0
38378 silly linkStuff ms@2.0.0 has D:\software\CodeLibrary\es-vue-project\node_modules as its parent node_modules
38379 silly build debug@2.6.9
38380 info linkStuff debug@2.6.9
38381 silly linkStuff debug@2.6.9 has D:\software\CodeLibrary\es-vue-project\node_modules as its parent node_modules
38382 silly build debug@2.6.8
38383 info linkStuff debug@2.6.8
38384 silly linkStuff debug@2.6.8 has D:\software\CodeLibrary\es-vue-project\node_modules\mocha\node_modules as its parent node_modules
38385 silly build multicast-dns-service-types@1.1.0
38386 info linkStuff multicast-dns-service-types@1.1.0
38387 silly linkStuff multicast-dns-service-types@1.1.0 has D:\software\CodeLibrary\es-vue-project\node_modules as its parent node_modules
38388 silly build mute-stream@0.0.7
38389 info linkStuff mute-stream@0.0.7
38390 silly linkStuff mute-stream@0.0.7 has D:\software\CodeLibrary\es-vue-project\node_modules as its parent node_modules
38391 silly build nan@2.17.0
38392 info linkStuff nan@2.17.0
38393 silly linkStuff nan@2.17.0 has D:\software\CodeLibrary\es-vue-project\node_modules as its parent node_modules
38394 silly build nanoid@3.3.6
38395 info linkStuff nanoid@3.3.6
38396 silly linkStuff nanoid@3.3.6 has D:\software\CodeLibrary\es-vue-project\node_modules as its parent node_modules
38397 verbose linkBins [
38397 verbose linkBins   { nanoid: 'bin/nanoid.cjs' },
38397 verbose linkBins   'D:\\software\\CodeLibrary\\es-vue-project\\node_modules\\.bin',
38397 verbose linkBins   false
38397 verbose linkBins ]
38398 silly build arr-diff@4.0.0
38399 info linkStuff arr-diff@4.0.0
38400 silly linkStuff arr-diff@4.0.0 has D:\software\CodeLibrary\es-vue-project\node_modules\nanomatch\node_modules as its parent node_modules
38401 silly build array-unique@0.3.2
38402 info linkStuff array-unique@0.3.2
38403 silly linkStuff array-unique@0.3.2 has D:\software\CodeLibrary\es-vue-project\node_modules\nanomatch\node_modules as its parent node_modules
38404 silly build kind-of@6.0.3
38405 info linkStuff kind-of@6.0.3
38406 silly linkStuff kind-of@6.0.3 has D:\software\CodeLibrary\es-vue-project\node_modules\nanomatch\node_modules as its parent node_modules
38407 silly build natural-compare@1.4.0
38408 info linkStuff natural-compare@1.4.0
38409 silly linkStuff natural-compare@1.4.0 has D:\software\CodeLibrary\es-vue-project\node_modules as its parent node_modules
38410 silly build negotiator@0.6.1
38411 info linkStuff negotiator@0.6.1
38412 silly linkStuff negotiator@0.6.1 has D:\software\CodeLibrary\es-vue-project\node_modules as its parent node_modules
38413 silly build accepts@1.3.3
38414 info linkStuff accepts@1.3.3
38415 silly linkStuff accepts@1.3.3 has D:\software\CodeLibrary\es-vue-project\node_modules as its parent node_modules
38416 silly build neo-async@2.6.2
38417 info linkStuff neo-async@2.6.2
38418 silly linkStuff neo-async@2.6.2 has D:\software\CodeLibrary\es-vue-project\node_modules as its parent node_modules
38419 silly build next-tick@1.1.0
38420 info linkStuff next-tick@1.1.0
38421 silly linkStuff next-tick@1.1.0 has D:\software\CodeLibrary\es-vue-project\node_modules as its parent node_modules
38422 silly build nice-try@1.0.5
38423 info linkStuff nice-try@1.0.5
38424 silly linkStuff nice-try@1.0.5 has D:\software\CodeLibrary\es-vue-project\node_modules as its parent node_modules
38425 silly build no-case@2.3.2
38426 info linkStuff no-case@2.3.2
38427 silly linkStuff no-case@2.3.2 has D:\software\CodeLibrary\es-vue-project\node_modules as its parent node_modules
38428 silly build node-forge@0.10.0
38429 info linkStuff node-forge@0.10.0
38430 silly linkStuff node-forge@0.10.0 has D:\software\CodeLibrary\es-vue-project\node_modules as its parent node_modules
38431 silly build punycode@1.4.1
38432 info linkStuff punycode@1.4.1
38433 silly linkStuff punycode@1.4.1 has D:\software\CodeLibrary\es-vue-project\node_modules\node-libs-browser\node_modules as its parent node_modules
38434 silly build node-releases@2.0.10
38435 info linkStuff node-releases@2.0.10
38436 silly linkStuff node-releases@2.0.10 has D:\software\CodeLibrary\es-vue-project\node_modules as its parent node_modules
38437 silly build nopt@3.0.6
38438 info linkStuff nopt@3.0.6
38439 silly linkStuff nopt@3.0.6 has D:\software\CodeLibrary\es-vue-project\node_modules as its parent node_modules
38440 verbose linkBins [
38440 verbose linkBins   { nopt: 'bin/nopt.js' },
38440 verbose linkBins   'D:\\software\\CodeLibrary\\es-vue-project\\node_modules\\.bin',
38440 verbose linkBins   false
38440 verbose linkBins ]
38441 silly build normalize-range@0.1.2
38442 info linkStuff normalize-range@0.1.2
38443 silly linkStuff normalize-range@0.1.2 has D:\software\CodeLibrary\es-vue-project\node_modules as its parent node_modules
38444 silly build normalize-wheel@1.0.1
38445 info linkStuff normalize-wheel@1.0.1
38446 silly linkStuff normalize-wheel@1.0.1 has D:\software\CodeLibrary\es-vue-project\node_modules as its parent node_modules
38447 silly build nth-check@2.1.1
38448 info linkStuff nth-check@2.1.1
38449 silly linkStuff nth-check@2.1.1 has D:\software\CodeLibrary\es-vue-project\node_modules as its parent node_modules
38450 silly build css-select@4.3.0
38451 info linkStuff css-select@4.3.0
38452 silly linkStuff css-select@4.3.0 has D:\software\CodeLibrary\es-vue-project\node_modules as its parent node_modules
38453 silly build num2fraction@1.2.2
38454 info linkStuff num2fraction@1.2.2
38455 silly linkStuff num2fraction@1.2.2 has D:\software\CodeLibrary\es-vue-project\node_modules as its parent node_modules
38456 silly build number-is-nan@1.0.1
38457 info linkStuff number-is-nan@1.0.1
38458 silly linkStuff number-is-nan@1.0.1 has D:\software\CodeLibrary\es-vue-project\node_modules as its parent node_modules
38459 silly build oauth-sign@0.9.0
38460 info linkStuff oauth-sign@0.9.0
38461 silly linkStuff oauth-sign@0.9.0 has D:\software\CodeLibrary\es-vue-project\node_modules as its parent node_modules
38462 silly build object-assign@4.1.1
38463 info linkStuff object-assign@4.1.1
38464 silly linkStuff object-assign@4.1.1 has D:\software\CodeLibrary\es-vue-project\node_modules as its parent node_modules
38465 silly build assert@1.5.0
38466 info linkStuff assert@1.5.0
38467 silly linkStuff assert@1.5.0 has D:\software\CodeLibrary\es-vue-project\node_modules as its parent node_modules
38468 silly build loader-utils@0.2.17
38469 info linkStuff loader-utils@0.2.17
38470 silly linkStuff loader-utils@0.2.17 has D:\software\CodeLibrary\es-vue-project\node_modules\html-webpack-plugin\node_modules as its parent node_modules
38471 silly build object-component@0.0.3
38472 info linkStuff object-component@0.0.3
38473 silly linkStuff object-component@0.0.3 has D:\software\CodeLibrary\es-vue-project\node_modules as its parent node_modules
38474 silly build define-property@0.2.5
38475 info linkStuff define-property@0.2.5
38476 silly linkStuff define-property@0.2.5 has D:\software\CodeLibrary\es-vue-project\node_modules\object-copy\node_modules as its parent node_modules
38477 silly build object-copy@0.1.0
38478 info linkStuff object-copy@0.1.0
38479 silly linkStuff object-copy@0.1.0 has D:\software\CodeLibrary\es-vue-project\node_modules as its parent node_modules
38480 silly build object-hash@1.3.1
38481 info linkStuff object-hash@1.3.1
38482 silly linkStuff object-hash@1.3.1 has D:\software\CodeLibrary\es-vue-project\node_modules as its parent node_modules
38483 silly build object-inspect@1.12.3
38484 info linkStuff object-inspect@1.12.3
38485 silly linkStuff object-inspect@1.12.3 has D:\software\CodeLibrary\es-vue-project\node_modules as its parent node_modules
38486 silly build object-keys@1.1.1
38487 info linkStuff object-keys@1.1.1
38488 silly linkStuff object-keys@1.1.1 has D:\software\CodeLibrary\es-vue-project\node_modules as its parent node_modules
38489 silly build define-properties@1.2.0
38490 info linkStuff define-properties@1.2.0
38491 silly linkStuff define-properties@1.2.0 has D:\software\CodeLibrary\es-vue-project\node_modules as its parent node_modules
38492 silly build globalthis@1.0.3
38493 info linkStuff globalthis@1.0.3
38494 silly linkStuff globalthis@1.0.3 has D:\software\CodeLibrary\es-vue-project\node_modules as its parent node_modules
38495 silly build object-is@1.1.5
38496 info linkStuff object-is@1.1.5
38497 silly linkStuff object-is@1.1.5 has D:\software\CodeLibrary\es-vue-project\node_modules as its parent node_modules
38498 silly build isobject@3.0.1
38499 info linkStuff isobject@3.0.1
38500 silly linkStuff isobject@3.0.1 has D:\software\CodeLibrary\es-vue-project\node_modules\object-visit\node_modules as its parent node_modules
38501 silly build object-visit@1.0.1
38502 info linkStuff object-visit@1.0.1
38503 silly linkStuff object-visit@1.0.1 has D:\software\CodeLibrary\es-vue-project\node_modules as its parent node_modules
38504 silly build map-visit@1.0.0
38505 info linkStuff map-visit@1.0.0
38506 silly linkStuff map-visit@1.0.0 has D:\software\CodeLibrary\es-vue-project\node_modules as its parent node_modules
38507 silly build collection-visit@1.0.0
38508 info linkStuff collection-visit@1.0.0
38509 silly linkStuff collection-visit@1.0.0 has D:\software\CodeLibrary\es-vue-project\node_modules as its parent node_modules
38510 silly build object.assign@4.1.4
38511 info linkStuff object.assign@4.1.4
38512 silly linkStuff object.assign@4.1.4 has D:\software\CodeLibrary\es-vue-project\node_modules as its parent node_modules
38513 silly build object.omit@2.0.1
38514 info linkStuff object.omit@2.0.1
38515 silly linkStuff object.omit@2.0.1 has D:\software\CodeLibrary\es-vue-project\node_modules as its parent node_modules
38516 silly build isobject@3.0.1
38517 info linkStuff isobject@3.0.1
38518 silly linkStuff isobject@3.0.1 has D:\software\CodeLibrary\es-vue-project\node_modules\object.pick\node_modules as its parent node_modules
38519 silly build object.pick@1.3.0
38520 info linkStuff object.pick@1.3.0
38521 silly linkStuff object.pick@1.3.0 has D:\software\CodeLibrary\es-vue-project\node_modules as its parent node_modules
38522 silly build obuf@1.1.2
38523 info linkStuff obuf@1.1.2
38524 silly linkStuff obuf@1.1.2 has D:\software\CodeLibrary\es-vue-project\node_modules as its parent node_modules
38525 silly build on-finished@2.4.1
38526 info linkStuff on-finished@2.4.1
38527 silly linkStuff on-finished@2.4.1 has D:\software\CodeLibrary\es-vue-project\node_modules as its parent node_modules
38528 silly build on-headers@1.0.2
38529 info linkStuff on-headers@1.0.2
38530 silly linkStuff on-headers@1.0.2 has D:\software\CodeLibrary\es-vue-project\node_modules as its parent node_modules
38531 silly build onetime@2.0.1
38532 info linkStuff onetime@2.0.1
38533 silly linkStuff onetime@2.0.1 has D:\software\CodeLibrary\es-vue-project\node_modules as its parent node_modules
38534 silly build opener@1.5.2
38535 info linkStuff opener@1.5.2
38536 silly linkStuff opener@1.5.2 has D:\software\CodeLibrary\es-vue-project\node_modules as its parent node_modules
38537 verbose linkBins [
38537 verbose linkBins   { opener: 'bin/opener-bin.js' },
38537 verbose linkBins   'D:\\software\\CodeLibrary\\es-vue-project\\node_modules\\.bin',
38537 verbose linkBins   false
38537 verbose linkBins ]
38538 silly build opn@5.5.0
38539 info linkStuff opn@5.5.0
38540 silly linkStuff opn@5.5.0 has D:\software\CodeLibrary\es-vue-project\node_modules as its parent node_modules
38541 silly build minimist@0.0.10
38542 info linkStuff minimist@0.0.10
38543 silly linkStuff minimist@0.0.10 has D:\software\CodeLibrary\es-vue-project\node_modules\optimist\node_modules as its parent node_modules
38544 silly build picocolors@0.2.1
38545 info linkStuff picocolors@0.2.1
38546 silly linkStuff picocolors@0.2.1 has D:\software\CodeLibrary\es-vue-project\node_modules\optimize-css-assets-webpack-plugin\node_modules as its parent node_modules
38547 silly build options@0.0.6
38548 info linkStuff options@0.0.6
38549 silly linkStuff options@0.0.6 has D:\software\CodeLibrary\es-vue-project\node_modules as its parent node_modules
38550 silly build os-browserify@0.3.0
38551 info linkStuff os-browserify@0.3.0
38552 silly linkStuff os-browserify@0.3.0 has D:\software\CodeLibrary\es-vue-project\node_modules as its parent node_modules
38553 silly build os-homedir@1.0.2
38554 info linkStuff os-homedir@1.0.2
38555 silly linkStuff os-homedir@1.0.2 has D:\software\CodeLibrary\es-vue-project\node_modules as its parent node_modules
38556 silly build os-tmpdir@1.0.2
38557 info linkStuff os-tmpdir@1.0.2
38558 silly linkStuff os-tmpdir@1.0.2 has D:\software\CodeLibrary\es-vue-project\node_modules as its parent node_modules
38559 silly build home-or-tmp@2.0.0
38560 info linkStuff home-or-tmp@2.0.0
38561 silly linkStuff home-or-tmp@2.0.0 has D:\software\CodeLibrary\es-vue-project\node_modules as its parent node_modules
38562 silly build tmp@0.0.31
38563 info linkStuff tmp@0.0.31
38564 silly linkStuff tmp@0.0.31 has D:\software\CodeLibrary\es-vue-project\node_modules\karma\node_modules as its parent node_modules
38565 silly build p-finally@1.0.0
38566 info linkStuff p-finally@1.0.0
38567 silly linkStuff p-finally@1.0.0 has D:\software\CodeLibrary\es-vue-project\node_modules as its parent node_modules
38568 silly build p-map@1.2.0
38569 info linkStuff p-map@1.2.0
38570 silly linkStuff p-map@1.2.0 has D:\software\CodeLibrary\es-vue-project\node_modules as its parent node_modules
38571 silly build p-try@1.0.0
38572 info linkStuff p-try@1.0.0
38573 silly linkStuff p-try@1.0.0 has D:\software\CodeLibrary\es-vue-project\node_modules as its parent node_modules
38574 silly build p-limit@1.3.0
38575 info linkStuff p-limit@1.3.0
38576 silly linkStuff p-limit@1.3.0 has D:\software\CodeLibrary\es-vue-project\node_modules as its parent node_modules
38577 silly build p-locate@2.0.0
38578 info linkStuff p-locate@2.0.0
38579 silly linkStuff p-locate@2.0.0 has D:\software\CodeLibrary\es-vue-project\node_modules as its parent node_modules
38580 silly build pako@1.0.11
38581 info linkStuff pako@1.0.11
38582 silly linkStuff pako@1.0.11 has D:\software\CodeLibrary\es-vue-project\node_modules as its parent node_modules
38583 silly build browserify-zlib@0.2.0
38584 info linkStuff browserify-zlib@0.2.0
38585 silly linkStuff browserify-zlib@0.2.0 has D:\software\CodeLibrary\es-vue-project\node_modules as its parent node_modules
38586 silly build param-case@2.1.1
38587 info linkStuff param-case@2.1.1
38588 silly linkStuff param-case@2.1.1 has D:\software\CodeLibrary\es-vue-project\node_modules as its parent node_modules
38589 silly build parse-glob@3.0.4
38590 info linkStuff parse-glob@3.0.4
38591 silly linkStuff parse-glob@3.0.4 has D:\software\CodeLibrary\es-vue-project\node_modules as its parent node_modules
38592 silly build parse-json@2.2.0
38593 info linkStuff parse-json@2.2.0
38594 silly linkStuff parse-json@2.2.0 has D:\software\CodeLibrary\es-vue-project\node_modules as its parent node_modules
38595 silly build parsejson@0.0.3
38596 info linkStuff parsejson@0.0.3
38597 silly linkStuff parsejson@0.0.3 has D:\software\CodeLibrary\es-vue-project\node_modules as its parent node_modules
38598 silly build parseqs@0.0.5
38599 info linkStuff parseqs@0.0.5
38600 silly linkStuff parseqs@0.0.5 has D:\software\CodeLibrary\es-vue-project\node_modules as its parent node_modules
38601 silly build parseuri@0.0.5
38602 info linkStuff parseuri@0.0.5
38603 silly linkStuff parseuri@0.0.5 has D:\software\CodeLibrary\es-vue-project\node_modules as its parent node_modules
38604 silly build parseurl@1.3.3
38605 info linkStuff parseurl@1.3.3
38606 silly linkStuff parseurl@1.3.3 has D:\software\CodeLibrary\es-vue-project\node_modules as its parent node_modules
38607 silly build pascalcase@0.1.1
38608 info linkStuff pascalcase@0.1.1
38609 silly linkStuff pascalcase@0.1.1 has D:\software\CodeLibrary\es-vue-project\node_modules as its parent node_modules
38610 silly build path-browserify@0.0.1
38611 info linkStuff path-browserify@0.0.1
38612 silly linkStuff path-browserify@0.0.1 has D:\software\CodeLibrary\es-vue-project\node_modules as its parent node_modules
38613 silly build path-dirname@1.0.2
38614 info linkStuff path-dirname@1.0.2
38615 silly linkStuff path-dirname@1.0.2 has D:\software\CodeLibrary\es-vue-project\node_modules as its parent node_modules
38616 silly build path-exists@3.0.0
38617 info linkStuff path-exists@3.0.0
38618 silly linkStuff path-exists@3.0.0 has D:\software\CodeLibrary\es-vue-project\node_modules as its parent node_modules
38619 silly build locate-path@2.0.0
38620 info linkStuff locate-path@2.0.0
38621 silly linkStuff locate-path@2.0.0 has D:\software\CodeLibrary\es-vue-project\node_modules as its parent node_modules
38622 silly build find-up@2.1.0
38623 info linkStuff find-up@2.1.0
38624 silly linkStuff find-up@2.1.0 has D:\software\CodeLibrary\es-vue-project\node_modules as its parent node_modules
38625 silly build path-is-absolute@1.0.1
38626 info linkStuff path-is-absolute@1.0.1
38627 silly linkStuff path-is-absolute@1.0.1 has D:\software\CodeLibrary\es-vue-project\node_modules as its parent node_modules
38628 silly build path-is-inside@1.0.2
38629 info linkStuff path-is-inside@1.0.2
38630 silly linkStuff path-is-inside@1.0.2 has D:\software\CodeLibrary\es-vue-project\node_modules as its parent node_modules
38631 silly build is-path-inside@1.0.1
38632 info linkStuff is-path-inside@1.0.1
38633 silly linkStuff is-path-inside@1.0.1 has D:\software\CodeLibrary\es-vue-project\node_modules as its parent node_modules
38634 silly build is-path-in-cwd@1.0.1
38635 info linkStuff is-path-in-cwd@1.0.1
38636 silly linkStuff is-path-in-cwd@1.0.1 has D:\software\CodeLibrary\es-vue-project\node_modules as its parent node_modules
38637 silly build path-key@2.0.1
38638 info linkStuff path-key@2.0.1
38639 silly linkStuff path-key@2.0.1 has D:\software\CodeLibrary\es-vue-project\node_modules as its parent node_modules
38640 silly build npm-run-path@2.0.2
38641 info linkStuff npm-run-path@2.0.2
38642 silly linkStuff npm-run-path@2.0.2 has D:\software\CodeLibrary\es-vue-project\node_modules as its parent node_modules
38643 silly build path-parse@1.0.7
38644 info linkStuff path-parse@1.0.7
38645 silly linkStuff path-parse@1.0.7 has D:\software\CodeLibrary\es-vue-project\node_modules as its parent node_modules
38646 silly build isarray@0.0.1
38647 info linkStuff isarray@0.0.1
38648 silly linkStuff isarray@0.0.1 has D:\software\CodeLibrary\es-vue-project\node_modules\path-to-regexp\node_modules as its parent node_modules
38649 silly build path-to-regexp@1.8.0
38650 info linkStuff path-to-regexp@1.8.0
38651 silly linkStuff path-to-regexp@1.8.0 has D:\software\CodeLibrary\es-vue-project\node_modules as its parent node_modules
38652 silly build pify@2.3.0
38653 info linkStuff pify@2.3.0
38654 silly linkStuff pify@2.3.0 has D:\software\CodeLibrary\es-vue-project\node_modules\path-type\node_modules as its parent node_modules
38655 silly build pathval@1.1.1
38656 info linkStuff pathval@1.1.1
38657 silly linkStuff pathval@1.1.1 has D:\software\CodeLibrary\es-vue-project\node_modules as its parent node_modules
38658 silly build pend@1.2.0
38659 info linkStuff pend@1.2.0
38660 silly linkStuff pend@1.2.0 has D:\software\CodeLibrary\es-vue-project\node_modules as its parent node_modules
38661 silly build fd-slicer@1.1.0
38662 info linkStuff fd-slicer@1.1.0
38663 silly linkStuff fd-slicer@1.1.0 has D:\software\CodeLibrary\es-vue-project\node_modules as its parent node_modules
38664 silly build performance-now@2.1.0
38665 info linkStuff performance-now@2.1.0
38666 silly linkStuff performance-now@2.1.0 has D:\software\CodeLibrary\es-vue-project\node_modules as its parent node_modules
38667 silly build progress@1.1.8
38668 info linkStuff progress@1.1.8
38669 silly linkStuff progress@1.1.8 has D:\software\CodeLibrary\es-vue-project\node_modules\phantomjs-prebuilt\node_modules as its parent node_modules
38670 silly build picocolors@1.0.0
38671 info linkStuff picocolors@1.0.0
38672 silly linkStuff picocolors@1.0.0 has D:\software\CodeLibrary\es-vue-project\node_modules as its parent node_modules
38673 silly build picomatch@2.3.1
38674 info linkStuff picomatch@2.3.1
38675 silly linkStuff picomatch@2.3.1 has D:\software\CodeLibrary\es-vue-project\node_modules as its parent node_modules
38676 silly build pify@3.0.0
38677 info linkStuff pify@3.0.0
38678 silly linkStuff pify@3.0.0 has D:\software\CodeLibrary\es-vue-project\node_modules as its parent node_modules
38679 silly build path-type@3.0.0
38680 info linkStuff path-type@3.0.0
38681 silly linkStuff path-type@3.0.0 has D:\software\CodeLibrary\es-vue-project\node_modules\dir-glob\node_modules as its parent node_modules
38682 silly build dir-glob@2.2.2
38683 info linkStuff dir-glob@2.2.2
38684 silly linkStuff dir-glob@2.2.2 has D:\software\CodeLibrary\es-vue-project\node_modules as its parent node_modules
38685 silly build gzip-size@4.1.0
38686 info linkStuff gzip-size@4.1.0
38687 silly linkStuff gzip-size@4.1.0 has D:\software\CodeLibrary\es-vue-project\node_modules as its parent node_modules
38688 silly build make-dir@1.3.0
38689 info linkStuff make-dir@1.3.0
38690 silly linkStuff make-dir@1.3.0 has D:\software\CodeLibrary\es-vue-project\node_modules as its parent node_modules
38691 silly build pinkie@2.0.4
38692 info linkStuff pinkie@2.0.4
38693 silly linkStuff pinkie@2.0.4 has D:\software\CodeLibrary\es-vue-project\node_modules as its parent node_modules
38694 silly build pinkie-promise@2.0.1
38695 info linkStuff pinkie-promise@2.0.1
38696 silly linkStuff pinkie-promise@2.0.1 has D:\software\CodeLibrary\es-vue-project\node_modules as its parent node_modules
38697 silly build hasha@2.2.0
38698 info linkStuff hasha@2.2.0
38699 silly linkStuff hasha@2.2.0 has D:\software\CodeLibrary\es-vue-project\node_modules as its parent node_modules
38700 silly build path-exists@2.1.0
38701 info linkStuff path-exists@2.1.0
38702 silly linkStuff path-exists@2.1.0 has D:\software\CodeLibrary\es-vue-project\node_modules\loader-fs-cache\node_modules as its parent node_modules
38703 silly build find-up@1.1.2
38704 info linkStuff find-up@1.1.2
38705 silly linkStuff find-up@1.1.2 has D:\software\CodeLibrary\es-vue-project\node_modules\loader-fs-cache\node_modules as its parent node_modules
38706 silly build pkg-dir@1.0.0
38707 info linkStuff pkg-dir@1.0.0
38708 silly linkStuff pkg-dir@1.0.0 has D:\software\CodeLibrary\es-vue-project\node_modules\loader-fs-cache\node_modules as its parent node_modules
38709 silly build find-cache-dir@0.1.1
38710 info linkStuff find-cache-dir@0.1.1
38711 silly linkStuff find-cache-dir@0.1.1 has D:\software\CodeLibrary\es-vue-project\node_modules\loader-fs-cache\node_modules as its parent node_modules
38712 silly build loader-fs-cache@1.0.3
38713 info linkStuff loader-fs-cache@1.0.3
38714 silly linkStuff loader-fs-cache@1.0.3 has D:\software\CodeLibrary\es-vue-project\node_modules as its parent node_modules
38715 silly build path-type@1.1.0
38716 info linkStuff path-type@1.1.0
38717 silly linkStuff path-type@1.1.0 has D:\software\CodeLibrary\es-vue-project\node_modules as its parent node_modules
38718 silly build pkg-dir@2.0.0
38719 info linkStuff pkg-dir@2.0.0
38720 silly linkStuff pkg-dir@2.0.0 has D:\software\CodeLibrary\es-vue-project\node_modules as its parent node_modules
38721 silly build find-cache-dir@1.0.0
38722 info linkStuff find-cache-dir@1.0.0
38723 silly linkStuff find-cache-dir@1.0.0 has D:\software\CodeLibrary\es-vue-project\node_modules as its parent node_modules
38724 silly build pluralize@7.0.0
38725 info linkStuff pluralize@7.0.0
38726 silly linkStuff pluralize@7.0.0 has D:\software\CodeLibrary\es-vue-project\node_modules as its parent node_modules
38727 silly build ms@2.1.3
38728 info linkStuff ms@2.1.3
38729 silly linkStuff ms@2.1.3 has D:\software\CodeLibrary\es-vue-project\node_modules\portfinder\node_modules as its parent node_modules
38730 silly build debug@3.2.7
38731 info linkStuff debug@3.2.7
38732 silly linkStuff debug@3.2.7 has D:\software\CodeLibrary\es-vue-project\node_modules\portfinder\node_modules as its parent node_modules
38733 silly build portfinder@1.0.32
38734 info linkStuff portfinder@1.0.32
38735 silly linkStuff portfinder@1.0.32 has D:\software\CodeLibrary\es-vue-project\node_modules as its parent node_modules
38736 silly build posix-character-classes@0.1.1
38737 info linkStuff posix-character-classes@0.1.1
38738 silly linkStuff posix-character-classes@0.1.1 has D:\software\CodeLibrary\es-vue-project\node_modules as its parent node_modules
38739 silly build ansi-styles@2.2.1
38740 info linkStuff ansi-styles@2.2.1
38741 silly linkStuff ansi-styles@2.2.1 has D:\software\CodeLibrary\es-vue-project\node_modules\postcss-calc\node_modules as its parent node_modules
38742 silly build supports-color@2.0.0
38743 info linkStuff supports-color@2.0.0
38744 silly linkStuff supports-color@2.0.0 has D:\software\CodeLibrary\es-vue-project\node_modules\postcss-calc\node_modules\chalk\node_modules as its parent node_modules
38745 silly build has-flag@1.0.0
38746 info linkStuff has-flag@1.0.0
38747 silly linkStuff has-flag@1.0.0 has D:\software\CodeLibrary\es-vue-project\node_modules\postcss-calc\node_modules as its parent node_modules
38748 silly build source-map@0.5.7
38749 info linkStuff source-map@0.5.7
38750 silly linkStuff source-map@0.5.7 has D:\software\CodeLibrary\es-vue-project\node_modules\postcss-calc\node_modules as its parent node_modules
38751 silly build supports-color@3.2.3
38752 info linkStuff supports-color@3.2.3
38753 silly linkStuff supports-color@3.2.3 has D:\software\CodeLibrary\es-vue-project\node_modules\postcss-calc\node_modules as its parent node_modules
38754 silly build ansi-styles@2.2.1
38755 info linkStuff ansi-styles@2.2.1
38756 silly linkStuff ansi-styles@2.2.1 has D:\software\CodeLibrary\es-vue-project\node_modules\postcss-colormin\node_modules as its parent node_modules
38757 silly build supports-color@2.0.0
38758 info linkStuff supports-color@2.0.0
38759 silly linkStuff supports-color@2.0.0 has D:\software\CodeLibrary\es-vue-project\node_modules\postcss-colormin\node_modules\chalk\node_modules as its parent node_modules
38760 silly build has-flag@1.0.0
38761 info linkStuff has-flag@1.0.0
38762 silly linkStuff has-flag@1.0.0 has D:\software\CodeLibrary\es-vue-project\node_modules\postcss-colormin\node_modules as its parent node_modules
38763 silly build source-map@0.5.7
38764 info linkStuff source-map@0.5.7
38765 silly linkStuff source-map@0.5.7 has D:\software\CodeLibrary\es-vue-project\node_modules\postcss-colormin\node_modules as its parent node_modules
38766 silly build supports-color@3.2.3
38767 info linkStuff supports-color@3.2.3
38768 silly linkStuff supports-color@3.2.3 has D:\software\CodeLibrary\es-vue-project\node_modules\postcss-colormin\node_modules as its parent node_modules
38769 silly build ansi-styles@2.2.1
38770 info linkStuff ansi-styles@2.2.1
38771 silly linkStuff ansi-styles@2.2.1 has D:\software\CodeLibrary\es-vue-project\node_modules\postcss-convert-values\node_modules as its parent node_modules
38772 silly build supports-color@2.0.0
38773 info linkStuff supports-color@2.0.0
38774 silly linkStuff supports-color@2.0.0 has D:\software\CodeLibrary\es-vue-project\node_modules\postcss-convert-values\node_modules\chalk\node_modules as its parent node_modules
38775 silly build has-flag@1.0.0
38776 info linkStuff has-flag@1.0.0
38777 silly linkStuff has-flag@1.0.0 has D:\software\CodeLibrary\es-vue-project\node_modules\postcss-convert-values\node_modules as its parent node_modules
38778 silly build source-map@0.5.7
38779 info linkStuff source-map@0.5.7
38780 silly linkStuff source-map@0.5.7 has D:\software\CodeLibrary\es-vue-project\node_modules\postcss-convert-values\node_modules as its parent node_modules
38781 silly build supports-color@3.2.3
38782 info linkStuff supports-color@3.2.3
38783 silly linkStuff supports-color@3.2.3 has D:\software\CodeLibrary\es-vue-project\node_modules\postcss-convert-values\node_modules as its parent node_modules
38784 silly build ansi-styles@2.2.1
38785 info linkStuff ansi-styles@2.2.1
38786 silly linkStuff ansi-styles@2.2.1 has D:\software\CodeLibrary\es-vue-project\node_modules\postcss-discard-comments\node_modules as its parent node_modules
38787 silly build supports-color@2.0.0
38788 info linkStuff supports-color@2.0.0
38789 silly linkStuff supports-color@2.0.0 has D:\software\CodeLibrary\es-vue-project\node_modules\postcss-discard-comments\node_modules\chalk\node_modules as its parent node_modules
38790 silly build has-flag@1.0.0
38791 info linkStuff has-flag@1.0.0
38792 silly linkStuff has-flag@1.0.0 has D:\software\CodeLibrary\es-vue-project\node_modules\postcss-discard-comments\node_modules as its parent node_modules
38793 silly build source-map@0.5.7
38794 info linkStuff source-map@0.5.7
38795 silly linkStuff source-map@0.5.7 has D:\software\CodeLibrary\es-vue-project\node_modules\postcss-discard-comments\node_modules as its parent node_modules
38796 silly build supports-color@3.2.3
38797 info linkStuff supports-color@3.2.3
38798 silly linkStuff supports-color@3.2.3 has D:\software\CodeLibrary\es-vue-project\node_modules\postcss-discard-comments\node_modules as its parent node_modules
38799 silly build ansi-styles@2.2.1
38800 info linkStuff ansi-styles@2.2.1
38801 silly linkStuff ansi-styles@2.2.1 has D:\software\CodeLibrary\es-vue-project\node_modules\postcss-discard-duplicates\node_modules as its parent node_modules
38802 silly build supports-color@2.0.0
38803 info linkStuff supports-color@2.0.0
38804 silly linkStuff supports-color@2.0.0 has D:\software\CodeLibrary\es-vue-project\node_modules\postcss-discard-duplicates\node_modules\chalk\node_modules as its parent node_modules
38805 silly build has-flag@1.0.0
38806 info linkStuff has-flag@1.0.0
38807 silly linkStuff has-flag@1.0.0 has D:\software\CodeLibrary\es-vue-project\node_modules\postcss-discard-duplicates\node_modules as its parent node_modules
38808 silly build source-map@0.5.7
38809 info linkStuff source-map@0.5.7
38810 silly linkStuff source-map@0.5.7 has D:\software\CodeLibrary\es-vue-project\node_modules\postcss-discard-duplicates\node_modules as its parent node_modules
38811 silly build supports-color@3.2.3
38812 info linkStuff supports-color@3.2.3
38813 silly linkStuff supports-color@3.2.3 has D:\software\CodeLibrary\es-vue-project\node_modules\postcss-discard-duplicates\node_modules as its parent node_modules
38814 silly build ansi-styles@2.2.1
38815 info linkStuff ansi-styles@2.2.1
38816 silly linkStuff ansi-styles@2.2.1 has D:\software\CodeLibrary\es-vue-project\node_modules\postcss-discard-empty\node_modules as its parent node_modules
38817 silly build supports-color@2.0.0
38818 info linkStuff supports-color@2.0.0
38819 silly linkStuff supports-color@2.0.0 has D:\software\CodeLibrary\es-vue-project\node_modules\postcss-discard-empty\node_modules\chalk\node_modules as its parent node_modules
38820 silly build has-flag@1.0.0
38821 info linkStuff has-flag@1.0.0
38822 silly linkStuff has-flag@1.0.0 has D:\software\CodeLibrary\es-vue-project\node_modules\postcss-discard-empty\node_modules as its parent node_modules
38823 silly build source-map@0.5.7
38824 info linkStuff source-map@0.5.7
38825 silly linkStuff source-map@0.5.7 has D:\software\CodeLibrary\es-vue-project\node_modules\postcss-discard-empty\node_modules as its parent node_modules
38826 silly build supports-color@3.2.3
38827 info linkStuff supports-color@3.2.3
38828 silly linkStuff supports-color@3.2.3 has D:\software\CodeLibrary\es-vue-project\node_modules\postcss-discard-empty\node_modules as its parent node_modules
38829 silly build ansi-styles@2.2.1
38830 info linkStuff ansi-styles@2.2.1
38831 silly linkStuff ansi-styles@2.2.1 has D:\software\CodeLibrary\es-vue-project\node_modules\postcss-discard-overridden\node_modules as its parent node_modules
38832 silly build supports-color@2.0.0
38833 info linkStuff supports-color@2.0.0
38834 silly linkStuff supports-color@2.0.0 has D:\software\CodeLibrary\es-vue-project\node_modules\postcss-discard-overridden\node_modules\chalk\node_modules as its parent node_modules
38835 silly build has-flag@1.0.0
38836 info linkStuff has-flag@1.0.0
38837 silly linkStuff has-flag@1.0.0 has D:\software\CodeLibrary\es-vue-project\node_modules\postcss-discard-overridden\node_modules as its parent node_modules
38838 silly build source-map@0.5.7
38839 info linkStuff source-map@0.5.7
38840 silly linkStuff source-map@0.5.7 has D:\software\CodeLibrary\es-vue-project\node_modules\postcss-discard-overridden\node_modules as its parent node_modules
38841 silly build supports-color@3.2.3
38842 info linkStuff supports-color@3.2.3
38843 silly linkStuff supports-color@3.2.3 has D:\software\CodeLibrary\es-vue-project\node_modules\postcss-discard-overridden\node_modules as its parent node_modules
38844 silly build ansi-styles@2.2.1
38845 info linkStuff ansi-styles@2.2.1
38846 silly linkStuff ansi-styles@2.2.1 has D:\software\CodeLibrary\es-vue-project\node_modules\postcss-discard-unused\node_modules as its parent node_modules
38847 silly build supports-color@2.0.0
38848 info linkStuff supports-color@2.0.0
38849 silly linkStuff supports-color@2.0.0 has D:\software\CodeLibrary\es-vue-project\node_modules\postcss-discard-unused\node_modules\chalk\node_modules as its parent node_modules
38850 silly build has-flag@1.0.0
38851 info linkStuff has-flag@1.0.0
38852 silly linkStuff has-flag@1.0.0 has D:\software\CodeLibrary\es-vue-project\node_modules\postcss-discard-unused\node_modules as its parent node_modules
38853 silly build source-map@0.5.7
38854 info linkStuff source-map@0.5.7
38855 silly linkStuff source-map@0.5.7 has D:\software\CodeLibrary\es-vue-project\node_modules\postcss-discard-unused\node_modules as its parent node_modules
38856 silly build supports-color@3.2.3
38857 info linkStuff supports-color@3.2.3
38858 silly linkStuff supports-color@3.2.3 has D:\software\CodeLibrary\es-vue-project\node_modules\postcss-discard-unused\node_modules as its parent node_modules
38859 silly build ansi-styles@2.2.1
38860 info linkStuff ansi-styles@2.2.1
38861 silly linkStuff ansi-styles@2.2.1 has D:\software\CodeLibrary\es-vue-project\node_modules\postcss-filter-plugins\node_modules as its parent node_modules
38862 silly build supports-color@2.0.0
38863 info linkStuff supports-color@2.0.0
38864 silly linkStuff supports-color@2.0.0 has D:\software\CodeLibrary\es-vue-project\node_modules\postcss-filter-plugins\node_modules\chalk\node_modules as its parent node_modules
38865 silly build has-flag@1.0.0
38866 info linkStuff has-flag@1.0.0
38867 silly linkStuff has-flag@1.0.0 has D:\software\CodeLibrary\es-vue-project\node_modules\postcss-filter-plugins\node_modules as its parent node_modules
38868 silly build source-map@0.5.7
38869 info linkStuff source-map@0.5.7
38870 silly linkStuff source-map@0.5.7 has D:\software\CodeLibrary\es-vue-project\node_modules\postcss-filter-plugins\node_modules as its parent node_modules
38871 silly build supports-color@3.2.3
38872 info linkStuff supports-color@3.2.3
38873 silly linkStuff supports-color@3.2.3 has D:\software\CodeLibrary\es-vue-project\node_modules\postcss-filter-plugins\node_modules as its parent node_modules
38874 silly build ajv-keywords@3.5.2
38875 info linkStuff ajv-keywords@3.5.2
38876 silly linkStuff ajv-keywords@3.5.2 has D:\software\CodeLibrary\es-vue-project\node_modules\postcss-loader\node_modules as its parent node_modules
38877 silly build fast-deep-equal@3.1.3
38878 info linkStuff fast-deep-equal@3.1.3
38879 silly linkStuff fast-deep-equal@3.1.3 has D:\software\CodeLibrary\es-vue-project\node_modules\postcss-loader\node_modules as its parent node_modules
38880 silly build json-schema-traverse@0.4.1
38881 info linkStuff json-schema-traverse@0.4.1
38882 silly linkStuff json-schema-traverse@0.4.1 has D:\software\CodeLibrary\es-vue-project\node_modules\postcss-loader\node_modules as its parent node_modules
38883 silly build ansi-styles@2.2.1
38884 info linkStuff ansi-styles@2.2.1
38885 silly linkStuff ansi-styles@2.2.1 has D:\software\CodeLibrary\es-vue-project\node_modules\postcss-merge-idents\node_modules as its parent node_modules
38886 silly build supports-color@2.0.0
38887 info linkStuff supports-color@2.0.0
38888 silly linkStuff supports-color@2.0.0 has D:\software\CodeLibrary\es-vue-project\node_modules\postcss-merge-idents\node_modules\chalk\node_modules as its parent node_modules
38889 silly build has-flag@1.0.0
38890 info linkStuff has-flag@1.0.0
38891 silly linkStuff has-flag@1.0.0 has D:\software\CodeLibrary\es-vue-project\node_modules\postcss-merge-idents\node_modules as its parent node_modules
38892 silly build source-map@0.5.7
38893 info linkStuff source-map@0.5.7
38894 silly linkStuff source-map@0.5.7 has D:\software\CodeLibrary\es-vue-project\node_modules\postcss-merge-idents\node_modules as its parent node_modules
38895 silly build supports-color@3.2.3
38896 info linkStuff supports-color@3.2.3
38897 silly linkStuff supports-color@3.2.3 has D:\software\CodeLibrary\es-vue-project\node_modules\postcss-merge-idents\node_modules as its parent node_modules
38898 silly build ansi-styles@2.2.1
38899 info linkStuff ansi-styles@2.2.1
38900 silly linkStuff ansi-styles@2.2.1 has D:\software\CodeLibrary\es-vue-project\node_modules\postcss-merge-longhand\node_modules as its parent node_modules
38901 silly build supports-color@2.0.0
38902 info linkStuff supports-color@2.0.0
38903 silly linkStuff supports-color@2.0.0 has D:\software\CodeLibrary\es-vue-project\node_modules\postcss-merge-longhand\node_modules\chalk\node_modules as its parent node_modules
38904 silly build has-flag@1.0.0
38905 info linkStuff has-flag@1.0.0
38906 silly linkStuff has-flag@1.0.0 has D:\software\CodeLibrary\es-vue-project\node_modules\postcss-merge-longhand\node_modules as its parent node_modules
38907 silly build source-map@0.5.7
38908 info linkStuff source-map@0.5.7
38909 silly linkStuff source-map@0.5.7 has D:\software\CodeLibrary\es-vue-project\node_modules\postcss-merge-longhand\node_modules as its parent node_modules
38910 silly build supports-color@3.2.3
38911 info linkStuff supports-color@3.2.3
38912 silly linkStuff supports-color@3.2.3 has D:\software\CodeLibrary\es-vue-project\node_modules\postcss-merge-longhand\node_modules as its parent node_modules
38913 silly build ansi-styles@2.2.1
38914 info linkStuff ansi-styles@2.2.1
38915 silly linkStuff ansi-styles@2.2.1 has D:\software\CodeLibrary\es-vue-project\node_modules\postcss-merge-rules\node_modules as its parent node_modules
38916 silly build browserslist@1.7.7
38917 info linkStuff browserslist@1.7.7
38918 silly linkStuff browserslist@1.7.7 has D:\software\CodeLibrary\es-vue-project\node_modules\postcss-merge-rules\node_modules as its parent node_modules
38919 verbose linkBins [
38919 verbose linkBins   { browserslist: 'cli.js' },
38919 verbose linkBins   'D:\\software\\CodeLibrary\\es-vue-project\\node_modules\\postcss-merge-rules\\node_modules\\.bin',
38919 verbose linkBins   false
38919 verbose linkBins ]
38920 silly build supports-color@2.0.0
38921 info linkStuff supports-color@2.0.0
38922 silly linkStuff supports-color@2.0.0 has D:\software\CodeLibrary\es-vue-project\node_modules\postcss-merge-rules\node_modules\chalk\node_modules as its parent node_modules
38923 silly build has-flag@1.0.0
38924 info linkStuff has-flag@1.0.0
38925 silly linkStuff has-flag@1.0.0 has D:\software\CodeLibrary\es-vue-project\node_modules\postcss-merge-rules\node_modules as its parent node_modules
38926 silly build source-map@0.5.7
38927 info linkStuff source-map@0.5.7
38928 silly linkStuff source-map@0.5.7 has D:\software\CodeLibrary\es-vue-project\node_modules\postcss-merge-rules\node_modules as its parent node_modules
38929 silly build supports-color@3.2.3
38930 info linkStuff supports-color@3.2.3
38931 silly linkStuff supports-color@3.2.3 has D:\software\CodeLibrary\es-vue-project\node_modules\postcss-merge-rules\node_modules as its parent node_modules
38932 silly build postcss-message-helpers@2.0.0
38933 info linkStuff postcss-message-helpers@2.0.0
38934 silly linkStuff postcss-message-helpers@2.0.0 has D:\software\CodeLibrary\es-vue-project\node_modules as its parent node_modules
38935 silly build ansi-styles@2.2.1
38936 info linkStuff ansi-styles@2.2.1
38937 silly linkStuff ansi-styles@2.2.1 has D:\software\CodeLibrary\es-vue-project\node_modules\postcss-minify-font-values\node_modules as its parent node_modules
38938 silly build supports-color@2.0.0
38939 info linkStuff supports-color@2.0.0
38940 silly linkStuff supports-color@2.0.0 has D:\software\CodeLibrary\es-vue-project\node_modules\postcss-minify-font-values\node_modules\chalk\node_modules as its parent node_modules
38941 silly build has-flag@1.0.0
38942 info linkStuff has-flag@1.0.0
38943 silly linkStuff has-flag@1.0.0 has D:\software\CodeLibrary\es-vue-project\node_modules\postcss-minify-font-values\node_modules as its parent node_modules
38944 silly build source-map@0.5.7
38945 info linkStuff source-map@0.5.7
38946 silly linkStuff source-map@0.5.7 has D:\software\CodeLibrary\es-vue-project\node_modules\postcss-minify-font-values\node_modules as its parent node_modules
38947 silly build supports-color@3.2.3
38948 info linkStuff supports-color@3.2.3
38949 silly linkStuff supports-color@3.2.3 has D:\software\CodeLibrary\es-vue-project\node_modules\postcss-minify-font-values\node_modules as its parent node_modules
38950 silly build ansi-styles@2.2.1
38951 info linkStuff ansi-styles@2.2.1
38952 silly linkStuff ansi-styles@2.2.1 has D:\software\CodeLibrary\es-vue-project\node_modules\postcss-minify-gradients\node_modules as its parent node_modules
38953 silly build supports-color@2.0.0
38954 info linkStuff supports-color@2.0.0
38955 silly linkStuff supports-color@2.0.0 has D:\software\CodeLibrary\es-vue-project\node_modules\postcss-minify-gradients\node_modules\chalk\node_modules as its parent node_modules
38956 silly build has-flag@1.0.0
38957 info linkStuff has-flag@1.0.0
38958 silly linkStuff has-flag@1.0.0 has D:\software\CodeLibrary\es-vue-project\node_modules\postcss-minify-gradients\node_modules as its parent node_modules
38959 silly build source-map@0.5.7
38960 info linkStuff source-map@0.5.7
38961 silly linkStuff source-map@0.5.7 has D:\software\CodeLibrary\es-vue-project\node_modules\postcss-minify-gradients\node_modules as its parent node_modules
38962 silly build supports-color@3.2.3
38963 info linkStuff supports-color@3.2.3
38964 silly linkStuff supports-color@3.2.3 has D:\software\CodeLibrary\es-vue-project\node_modules\postcss-minify-gradients\node_modules as its parent node_modules
38965 silly build ansi-styles@2.2.1
38966 info linkStuff ansi-styles@2.2.1
38967 silly linkStuff ansi-styles@2.2.1 has D:\software\CodeLibrary\es-vue-project\node_modules\postcss-minify-params\node_modules as its parent node_modules
38968 silly build supports-color@2.0.0
38969 info linkStuff supports-color@2.0.0
38970 silly linkStuff supports-color@2.0.0 has D:\software\CodeLibrary\es-vue-project\node_modules\postcss-minify-params\node_modules\chalk\node_modules as its parent node_modules
38971 silly build has-flag@1.0.0
38972 info linkStuff has-flag@1.0.0
38973 silly linkStuff has-flag@1.0.0 has D:\software\CodeLibrary\es-vue-project\node_modules\postcss-minify-params\node_modules as its parent node_modules
38974 silly build source-map@0.5.7
38975 info linkStuff source-map@0.5.7
38976 silly linkStuff source-map@0.5.7 has D:\software\CodeLibrary\es-vue-project\node_modules\postcss-minify-params\node_modules as its parent node_modules
38977 silly build supports-color@3.2.3
38978 info linkStuff supports-color@3.2.3
38979 silly linkStuff supports-color@3.2.3 has D:\software\CodeLibrary\es-vue-project\node_modules\postcss-minify-params\node_modules as its parent node_modules
38980 silly build ansi-styles@2.2.1
38981 info linkStuff ansi-styles@2.2.1
38982 silly linkStuff ansi-styles@2.2.1 has D:\software\CodeLibrary\es-vue-project\node_modules\postcss-minify-selectors\node_modules as its parent node_modules
38983 silly build supports-color@2.0.0
38984 info linkStuff supports-color@2.0.0
38985 silly linkStuff supports-color@2.0.0 has D:\software\CodeLibrary\es-vue-project\node_modules\postcss-minify-selectors\node_modules\chalk\node_modules as its parent node_modules
38986 silly build has-flag@1.0.0
38987 info linkStuff has-flag@1.0.0
38988 silly linkStuff has-flag@1.0.0 has D:\software\CodeLibrary\es-vue-project\node_modules\postcss-minify-selectors\node_modules as its parent node_modules
38989 silly build source-map@0.5.7
38990 info linkStuff source-map@0.5.7
38991 silly linkStuff source-map@0.5.7 has D:\software\CodeLibrary\es-vue-project\node_modules\postcss-minify-selectors\node_modules as its parent node_modules
38992 silly build supports-color@3.2.3
38993 info linkStuff supports-color@3.2.3
38994 silly linkStuff supports-color@3.2.3 has D:\software\CodeLibrary\es-vue-project\node_modules\postcss-minify-selectors\node_modules as its parent node_modules
38995 silly build ansi-styles@2.2.1
38996 info linkStuff ansi-styles@2.2.1
38997 silly linkStuff ansi-styles@2.2.1 has D:\software\CodeLibrary\es-vue-project\node_modules\postcss-normalize-charset\node_modules as its parent node_modules
38998 silly build supports-color@2.0.0
38999 info linkStuff supports-color@2.0.0
39000 silly linkStuff supports-color@2.0.0 has D:\software\CodeLibrary\es-vue-project\node_modules\postcss-normalize-charset\node_modules\chalk\node_modules as its parent node_modules
39001 silly build has-flag@1.0.0
39002 info linkStuff has-flag@1.0.0
39003 silly linkStuff has-flag@1.0.0 has D:\software\CodeLibrary\es-vue-project\node_modules\postcss-normalize-charset\node_modules as its parent node_modules
39004 silly build source-map@0.5.7
39005 info linkStuff source-map@0.5.7
39006 silly linkStuff source-map@0.5.7 has D:\software\CodeLibrary\es-vue-project\node_modules\postcss-normalize-charset\node_modules as its parent node_modules
39007 silly build supports-color@3.2.3
39008 info linkStuff supports-color@3.2.3
39009 silly linkStuff supports-color@3.2.3 has D:\software\CodeLibrary\es-vue-project\node_modules\postcss-normalize-charset\node_modules as its parent node_modules
39010 silly build picocolors@0.2.1
39011 info linkStuff picocolors@0.2.1
39012 silly linkStuff picocolors@0.2.1 has D:\software\CodeLibrary\es-vue-project\node_modules\postcss-normalize-display-values\node_modules as its parent node_modules
39013 silly build picocolors@0.2.1
39014 info linkStuff picocolors@0.2.1
39015 silly linkStuff picocolors@0.2.1 has D:\software\CodeLibrary\es-vue-project\node_modules\postcss-normalize-positions\node_modules as its parent node_modules
39016 silly build picocolors@0.2.1
39017 info linkStuff picocolors@0.2.1
39018 silly linkStuff picocolors@0.2.1 has D:\software\CodeLibrary\es-vue-project\node_modules\postcss-normalize-repeat-style\node_modules as its parent node_modules
39019 silly build picocolors@0.2.1
39020 info linkStuff picocolors@0.2.1
39021 silly linkStuff picocolors@0.2.1 has D:\software\CodeLibrary\es-vue-project\node_modules\postcss-normalize-string\node_modules as its parent node_modules
39022 silly build picocolors@0.2.1
39023 info linkStuff picocolors@0.2.1
39024 silly linkStuff picocolors@0.2.1 has D:\software\CodeLibrary\es-vue-project\node_modules\postcss-normalize-timing-functions\node_modules as its parent node_modules
39025 silly build picocolors@0.2.1
39026 info linkStuff picocolors@0.2.1
39027 silly linkStuff picocolors@0.2.1 has D:\software\CodeLibrary\es-vue-project\node_modules\postcss-normalize-unicode\node_modules as its parent node_modules
39028 silly build ansi-styles@2.2.1
39029 info linkStuff ansi-styles@2.2.1
39030 silly linkStuff ansi-styles@2.2.1 has D:\software\CodeLibrary\es-vue-project\node_modules\postcss-normalize-url\node_modules as its parent node_modules
39031 silly build supports-color@2.0.0
39032 info linkStuff supports-color@2.0.0
39033 silly linkStuff supports-color@2.0.0 has D:\software\CodeLibrary\es-vue-project\node_modules\postcss-normalize-url\node_modules\chalk\node_modules as its parent node_modules
39034 silly build has-flag@1.0.0
39035 info linkStuff has-flag@1.0.0
39036 silly linkStuff has-flag@1.0.0 has D:\software\CodeLibrary\es-vue-project\node_modules\postcss-normalize-url\node_modules as its parent node_modules
39037 silly build source-map@0.5.7
39038 info linkStuff source-map@0.5.7
39039 silly linkStuff source-map@0.5.7 has D:\software\CodeLibrary\es-vue-project\node_modules\postcss-normalize-url\node_modules as its parent node_modules
39040 silly build supports-color@3.2.3
39041 info linkStuff supports-color@3.2.3
39042 silly linkStuff supports-color@3.2.3 has D:\software\CodeLibrary\es-vue-project\node_modules\postcss-normalize-url\node_modules as its parent node_modules
39043 silly build picocolors@0.2.1
39044 info linkStuff picocolors@0.2.1
39045 silly linkStuff picocolors@0.2.1 has D:\software\CodeLibrary\es-vue-project\node_modules\postcss-normalize-whitespace\node_modules as its parent node_modules
39046 silly build ansi-styles@2.2.1
39047 info linkStuff ansi-styles@2.2.1
39048 silly linkStuff ansi-styles@2.2.1 has D:\software\CodeLibrary\es-vue-project\node_modules\postcss-ordered-values\node_modules as its parent node_modules
39049 silly build supports-color@2.0.0
39050 info linkStuff supports-color@2.0.0
39051 silly linkStuff supports-color@2.0.0 has D:\software\CodeLibrary\es-vue-project\node_modules\postcss-ordered-values\node_modules\chalk\node_modules as its parent node_modules
39052 silly build has-flag@1.0.0
39053 info linkStuff has-flag@1.0.0
39054 silly linkStuff has-flag@1.0.0 has D:\software\CodeLibrary\es-vue-project\node_modules\postcss-ordered-values\node_modules as its parent node_modules
39055 silly build source-map@0.5.7
39056 info linkStuff source-map@0.5.7
39057 silly linkStuff source-map@0.5.7 has D:\software\CodeLibrary\es-vue-project\node_modules\postcss-ordered-values\node_modules as its parent node_modules
39058 silly build supports-color@3.2.3
39059 info linkStuff supports-color@3.2.3
39060 silly linkStuff supports-color@3.2.3 has D:\software\CodeLibrary\es-vue-project\node_modules\postcss-ordered-values\node_modules as its parent node_modules
39061 silly build ansi-styles@2.2.1
39062 info linkStuff ansi-styles@2.2.1
39063 silly linkStuff ansi-styles@2.2.1 has D:\software\CodeLibrary\es-vue-project\node_modules\postcss-reduce-idents\node_modules as its parent node_modules
39064 silly build supports-color@2.0.0
39065 info linkStuff supports-color@2.0.0
39066 silly linkStuff supports-color@2.0.0 has D:\software\CodeLibrary\es-vue-project\node_modules\postcss-reduce-idents\node_modules\chalk\node_modules as its parent node_modules
39067 silly build has-flag@1.0.0
39068 info linkStuff has-flag@1.0.0
39069 silly linkStuff has-flag@1.0.0 has D:\software\CodeLibrary\es-vue-project\node_modules\postcss-reduce-idents\node_modules as its parent node_modules
39070 silly build source-map@0.5.7
39071 info linkStuff source-map@0.5.7
39072 silly linkStuff source-map@0.5.7 has D:\software\CodeLibrary\es-vue-project\node_modules\postcss-reduce-idents\node_modules as its parent node_modules
39073 silly build supports-color@3.2.3
39074 info linkStuff supports-color@3.2.3
39075 silly linkStuff supports-color@3.2.3 has D:\software\CodeLibrary\es-vue-project\node_modules\postcss-reduce-idents\node_modules as its parent node_modules
39076 silly build ansi-styles@2.2.1
39077 info linkStuff ansi-styles@2.2.1
39078 silly linkStuff ansi-styles@2.2.1 has D:\software\CodeLibrary\es-vue-project\node_modules\postcss-reduce-initial\node_modules as its parent node_modules
39079 silly build supports-color@2.0.0
39080 info linkStuff supports-color@2.0.0
39081 silly linkStuff supports-color@2.0.0 has D:\software\CodeLibrary\es-vue-project\node_modules\postcss-reduce-initial\node_modules\chalk\node_modules as its parent node_modules
39082 silly build has-flag@1.0.0
39083 info linkStuff has-flag@1.0.0
39084 silly linkStuff has-flag@1.0.0 has D:\software\CodeLibrary\es-vue-project\node_modules\postcss-reduce-initial\node_modules as its parent node_modules
39085 silly build source-map@0.5.7
39086 info linkStuff source-map@0.5.7
39087 silly linkStuff source-map@0.5.7 has D:\software\CodeLibrary\es-vue-project\node_modules\postcss-reduce-initial\node_modules as its parent node_modules
39088 silly build supports-color@3.2.3
39089 info linkStuff supports-color@3.2.3
39090 silly linkStuff supports-color@3.2.3 has D:\software\CodeLibrary\es-vue-project\node_modules\postcss-reduce-initial\node_modules as its parent node_modules
39091 silly build ansi-styles@2.2.1
39092 info linkStuff ansi-styles@2.2.1
39093 silly linkStuff ansi-styles@2.2.1 has D:\software\CodeLibrary\es-vue-project\node_modules\postcss-reduce-transforms\node_modules as its parent node_modules
39094 silly build supports-color@2.0.0
39095 info linkStuff supports-color@2.0.0
39096 silly linkStuff supports-color@2.0.0 has D:\software\CodeLibrary\es-vue-project\node_modules\postcss-reduce-transforms\node_modules\chalk\node_modules as its parent node_modules
39097 silly build has-flag@1.0.0
39098 info linkStuff has-flag@1.0.0
39099 silly linkStuff has-flag@1.0.0 has D:\software\CodeLibrary\es-vue-project\node_modules\postcss-reduce-transforms\node_modules as its parent node_modules
39100 silly build source-map@0.5.7
39101 info linkStuff source-map@0.5.7
39102 silly linkStuff source-map@0.5.7 has D:\software\CodeLibrary\es-vue-project\node_modules\postcss-reduce-transforms\node_modules as its parent node_modules
39103 silly build supports-color@3.2.3
39104 info linkStuff supports-color@3.2.3
39105 silly linkStuff supports-color@3.2.3 has D:\software\CodeLibrary\es-vue-project\node_modules\postcss-reduce-transforms\node_modules as its parent node_modules
39106 silly build ansi-styles@2.2.1
39107 info linkStuff ansi-styles@2.2.1
39108 silly linkStuff ansi-styles@2.2.1 has D:\software\CodeLibrary\es-vue-project\node_modules\postcss-svgo\node_modules as its parent node_modules
39109 silly build supports-color@2.0.0
39110 info linkStuff supports-color@2.0.0
39111 silly linkStuff supports-color@2.0.0 has D:\software\CodeLibrary\es-vue-project\node_modules\postcss-svgo\node_modules\chalk\node_modules as its parent node_modules
39112 silly build has-flag@1.0.0
39113 info linkStuff has-flag@1.0.0
39114 silly linkStuff has-flag@1.0.0 has D:\software\CodeLibrary\es-vue-project\node_modules\postcss-svgo\node_modules as its parent node_modules
39115 silly build source-map@0.5.7
39116 info linkStuff source-map@0.5.7
39117 silly linkStuff source-map@0.5.7 has D:\software\CodeLibrary\es-vue-project\node_modules\postcss-svgo\node_modules as its parent node_modules
39118 silly build supports-color@3.2.3
39119 info linkStuff supports-color@3.2.3
39120 silly linkStuff supports-color@3.2.3 has D:\software\CodeLibrary\es-vue-project\node_modules\postcss-svgo\node_modules as its parent node_modules
39121 silly build ansi-styles@2.2.1
39122 info linkStuff ansi-styles@2.2.1
39123 silly linkStuff ansi-styles@2.2.1 has D:\software\CodeLibrary\es-vue-project\node_modules\postcss-unique-selectors\node_modules as its parent node_modules
39124 silly build supports-color@2.0.0
39125 info linkStuff supports-color@2.0.0
39126 silly linkStuff supports-color@2.0.0 has D:\software\CodeLibrary\es-vue-project\node_modules\postcss-unique-selectors\node_modules\chalk\node_modules as its parent node_modules
39127 silly build has-flag@1.0.0
39128 info linkStuff has-flag@1.0.0
39129 silly linkStuff has-flag@1.0.0 has D:\software\CodeLibrary\es-vue-project\node_modules\postcss-unique-selectors\node_modules as its parent node_modules
39130 silly build source-map@0.5.7
39131 info linkStuff source-map@0.5.7
39132 silly linkStuff source-map@0.5.7 has D:\software\CodeLibrary\es-vue-project\node_modules\postcss-unique-selectors\node_modules as its parent node_modules
39133 silly build supports-color@3.2.3
39134 info linkStuff supports-color@3.2.3
39135 silly linkStuff supports-color@3.2.3 has D:\software\CodeLibrary\es-vue-project\node_modules\postcss-unique-selectors\node_modules as its parent node_modules
39136 silly build postcss-value-parser@3.3.1
39137 info linkStuff postcss-value-parser@3.3.1
39138 silly linkStuff postcss-value-parser@3.3.1 has D:\software\CodeLibrary\es-vue-project\node_modules as its parent node_modules
39139 silly build ansi-styles@2.2.1
39140 info linkStuff ansi-styles@2.2.1
39141 silly linkStuff ansi-styles@2.2.1 has D:\software\CodeLibrary\es-vue-project\node_modules\postcss-zindex\node_modules as its parent node_modules
39142 silly build supports-color@2.0.0
39143 info linkStuff supports-color@2.0.0
39144 silly linkStuff supports-color@2.0.0 has D:\software\CodeLibrary\es-vue-project\node_modules\postcss-zindex\node_modules\chalk\node_modules as its parent node_modules
39145 silly build has-flag@1.0.0
39146 info linkStuff has-flag@1.0.0
39147 silly linkStuff has-flag@1.0.0 has D:\software\CodeLibrary\es-vue-project\node_modules\postcss-zindex\node_modules as its parent node_modules
39148 silly build source-map@0.5.7
39149 info linkStuff source-map@0.5.7
39150 silly linkStuff source-map@0.5.7 has D:\software\CodeLibrary\es-vue-project\node_modules\postcss-zindex\node_modules as its parent node_modules
39151 silly build supports-color@3.2.3
39152 info linkStuff supports-color@3.2.3
39153 silly linkStuff supports-color@3.2.3 has D:\software\CodeLibrary\es-vue-project\node_modules\postcss-zindex\node_modules as its parent node_modules
39154 silly build prelude-ls@1.1.2
39155 info linkStuff prelude-ls@1.1.2
39156 silly linkStuff prelude-ls@1.1.2 has D:\software\CodeLibrary\es-vue-project\node_modules as its parent node_modules
39157 silly build prepend-http@1.0.4
39158 info linkStuff prepend-http@1.0.4
39159 silly linkStuff prepend-http@1.0.4 has D:\software\CodeLibrary\es-vue-project\node_modules as its parent node_modules
39160 silly build preserve@0.2.0
39161 info linkStuff preserve@0.2.0
39162 silly linkStuff preserve@0.2.0 has D:\software\CodeLibrary\es-vue-project\node_modules as its parent node_modules
39163 silly build prettier@1.19.1
39164 info linkStuff prettier@1.19.1
39165 silly linkStuff prettier@1.19.1 has D:\software\CodeLibrary\es-vue-project\node_modules as its parent node_modules
39166 verbose linkBins [
39166 verbose linkBins   { prettier: 'bin-prettier.js' },
39166 verbose linkBins   'D:\\software\\CodeLibrary\\es-vue-project\\node_modules\\.bin',
39166 verbose linkBins   false
39166 verbose linkBins ]
39167 silly build private@0.1.8
39168 info linkStuff private@0.1.8
39169 silly linkStuff private@0.1.8 has D:\software\CodeLibrary\es-vue-project\node_modules as its parent node_modules
39170 silly build process@0.11.10
39171 info linkStuff process@0.11.10
39172 silly linkStuff process@0.11.10 has D:\software\CodeLibrary\es-vue-project\node_modules as its parent node_modules
39173 silly build process-nextick-args@2.0.1
39174 info linkStuff process-nextick-args@2.0.1
39175 silly linkStuff process-nextick-args@2.0.1 has D:\software\CodeLibrary\es-vue-project\node_modules as its parent node_modules
39176 silly build progress@2.0.3
39177 info linkStuff progress@2.0.3
39178 silly linkStuff progress@2.0.3 has D:\software\CodeLibrary\es-vue-project\node_modules as its parent node_modules
39179 silly build promise-inflight@1.0.1
39180 info linkStuff promise-inflight@1.0.1
39181 silly linkStuff promise-inflight@1.0.1 has D:\software\CodeLibrary\es-vue-project\node_modules as its parent node_modules
39182 silly build proxy-addr@2.0.7
39183 info linkStuff proxy-addr@2.0.7
39184 silly linkStuff proxy-addr@2.0.7 has D:\software\CodeLibrary\es-vue-project\node_modules as its parent node_modules
39185 silly build prr@1.0.1
39186 info linkStuff prr@1.0.1
39187 silly linkStuff prr@1.0.1 has D:\software\CodeLibrary\es-vue-project\node_modules as its parent node_modules
39188 silly build errno@0.1.8
39189 info linkStuff errno@0.1.8
39190 silly linkStuff errno@0.1.8 has D:\software\CodeLibrary\es-vue-project\node_modules as its parent node_modules
39191 verbose linkBins [
39191 verbose linkBins   { errno: 'cli.js' },
39191 verbose linkBins   'D:\\software\\CodeLibrary\\es-vue-project\\node_modules\\.bin',
39191 verbose linkBins   false
39191 verbose linkBins ]
39192 silly build pseudomap@1.0.2
39193 info linkStuff pseudomap@1.0.2
39194 silly linkStuff pseudomap@1.0.2 has D:\software\CodeLibrary\es-vue-project\node_modules as its parent node_modules
39195 silly build psl@1.9.0
39196 info linkStuff psl@1.9.0
39197 silly linkStuff psl@1.9.0 has D:\software\CodeLibrary\es-vue-project\node_modules as its parent node_modules
39198 silly build bn.js@4.12.0
39199 info linkStuff bn.js@4.12.0
39200 silly linkStuff bn.js@4.12.0 has D:\software\CodeLibrary\es-vue-project\node_modules\public-encrypt\node_modules as its parent node_modules
39201 silly build punycode@2.3.0
39202 info linkStuff punycode@2.3.0
39203 silly linkStuff punycode@2.3.0 has D:\software\CodeLibrary\es-vue-project\node_modules as its parent node_modules
39204 silly build q@1.5.1
39205 info linkStuff q@1.5.1
39206 silly linkStuff q@1.5.1 has D:\software\CodeLibrary\es-vue-project\node_modules as its parent node_modules
39207 silly build coa@1.0.4
39208 info linkStuff coa@1.0.4
39209 silly linkStuff coa@1.0.4 has D:\software\CodeLibrary\es-vue-project\node_modules as its parent node_modules
39210 silly build qjobs@1.2.0
39211 info linkStuff qjobs@1.2.0
39212 silly linkStuff qjobs@1.2.0 has D:\software\CodeLibrary\es-vue-project\node_modules as its parent node_modules
39213 silly build querystring@0.2.0
39214 info linkStuff querystring@0.2.0
39215 silly linkStuff querystring@0.2.0 has D:\software\CodeLibrary\es-vue-project\node_modules as its parent node_modules
39216 silly build querystring-es3@0.2.1
39217 info linkStuff querystring-es3@0.2.1
39218 silly linkStuff querystring-es3@0.2.1 has D:\software\CodeLibrary\es-vue-project\node_modules as its parent node_modules
39219 silly build querystringify@2.2.0
39220 info linkStuff querystringify@2.2.0
39221 silly linkStuff querystringify@2.2.0 has D:\software\CodeLibrary\es-vue-project\node_modules as its parent node_modules
39222 silly build is-number@4.0.0
39223 info linkStuff is-number@4.0.0
39224 silly linkStuff is-number@4.0.0 has D:\software\CodeLibrary\es-vue-project\node_modules\randomatic\node_modules as its parent node_modules
39225 silly build kind-of@6.0.3
39226 info linkStuff kind-of@6.0.3
39227 silly linkStuff kind-of@6.0.3 has D:\software\CodeLibrary\es-vue-project\node_modules\randomatic\node_modules as its parent node_modules
39228 silly build randomatic@3.1.1
39229 info linkStuff randomatic@3.1.1
39230 silly linkStuff randomatic@3.1.1 has D:\software\CodeLibrary\es-vue-project\node_modules as its parent node_modules
39231 silly build range-parser@1.2.1
39232 info linkStuff range-parser@1.2.1
39233 silly linkStuff range-parser@1.2.1 has D:\software\CodeLibrary\es-vue-project\node_modules as its parent node_modules
39234 silly build pify@2.3.0
39235 info linkStuff pify@2.3.0
39236 silly linkStuff pify@2.3.0 has D:\software\CodeLibrary\es-vue-project\node_modules\read-cache\node_modules as its parent node_modules
39237 silly build read-cache@1.0.0
39238 info linkStuff read-cache@1.0.0
39239 silly linkStuff read-cache@1.0.0 has D:\software\CodeLibrary\es-vue-project\node_modules as its parent node_modules
39240 silly build path-exists@2.1.0
39241 info linkStuff path-exists@2.1.0
39242 silly linkStuff path-exists@2.1.0 has D:\software\CodeLibrary\es-vue-project\node_modules\read-pkg-up\node_modules as its parent node_modules
39243 silly build find-up@1.1.2
39244 info linkStuff find-up@1.1.2
39245 silly linkStuff find-up@1.1.2 has D:\software\CodeLibrary\es-vue-project\node_modules\read-pkg-up\node_modules as its parent node_modules
39246 silly build arr-diff@4.0.0
39247 info linkStuff arr-diff@4.0.0
39248 silly linkStuff arr-diff@4.0.0 has D:\software\CodeLibrary\es-vue-project\node_modules\readdirp\node_modules as its parent node_modules
39249 silly build array-unique@0.3.2
39250 info linkStuff array-unique@0.3.2
39251 silly linkStuff array-unique@0.3.2 has D:\software\CodeLibrary\es-vue-project\node_modules\readdirp\node_modules as its parent node_modules
39252 silly build extend-shallow@2.0.1
39253 info linkStuff extend-shallow@2.0.1
39254 silly linkStuff extend-shallow@2.0.1 has D:\software\CodeLibrary\es-vue-project\node_modules\readdirp\node_modules\braces\node_modules as its parent node_modules
39255 silly build extend-shallow@2.0.1
39256 info linkStuff extend-shallow@2.0.1
39257 silly linkStuff extend-shallow@2.0.1 has D:\software\CodeLibrary\es-vue-project\node_modules\readdirp\node_modules\expand-brackets\node_modules as its parent node_modules
39258 silly build kind-of@3.2.2
39259 info linkStuff kind-of@3.2.2
39260 silly linkStuff kind-of@3.2.2 has D:\software\CodeLibrary\es-vue-project\node_modules\readdirp\node_modules\expand-brackets\node_modules\is-accessor-descriptor\node_modules as its parent node_modules
39261 silly build is-accessor-descriptor@0.1.6
39262 info linkStuff is-accessor-descriptor@0.1.6
39263 silly linkStuff is-accessor-descriptor@0.1.6 has D:\software\CodeLibrary\es-vue-project\node_modules\readdirp\node_modules\expand-brackets\node_modules as its parent node_modules
39264 silly build kind-of@3.2.2
39265 info linkStuff kind-of@3.2.2
39266 silly linkStuff kind-of@3.2.2 has D:\software\CodeLibrary\es-vue-project\node_modules\readdirp\node_modules\expand-brackets\node_modules\is-data-descriptor\node_modules as its parent node_modules
39267 silly build is-data-descriptor@0.1.4
39268 info linkStuff is-data-descriptor@0.1.4
39269 silly linkStuff is-data-descriptor@0.1.4 has D:\software\CodeLibrary\es-vue-project\node_modules\readdirp\node_modules\expand-brackets\node_modules as its parent node_modules
39270 silly build kind-of@5.1.0
39271 info linkStuff kind-of@5.1.0
39272 silly linkStuff kind-of@5.1.0 has D:\software\CodeLibrary\es-vue-project\node_modules\readdirp\node_modules\expand-brackets\node_modules as its parent node_modules
39273 silly build is-descriptor@0.1.6
39274 info linkStuff is-descriptor@0.1.6
39275 silly linkStuff is-descriptor@0.1.6 has D:\software\CodeLibrary\es-vue-project\node_modules\readdirp\node_modules\expand-brackets\node_modules as its parent node_modules
39276 silly build define-property@0.2.5
39277 info linkStuff define-property@0.2.5
39278 silly linkStuff define-property@0.2.5 has D:\software\CodeLibrary\es-vue-project\node_modules\readdirp\node_modules\expand-brackets\node_modules as its parent node_modules
39279 silly build extend-shallow@2.0.1
39280 info linkStuff extend-shallow@2.0.1
39281 silly linkStuff extend-shallow@2.0.1 has D:\software\CodeLibrary\es-vue-project\node_modules\readdirp\node_modules\extglob\node_modules as its parent node_modules
39282 silly build extend-shallow@2.0.1
39283 info linkStuff extend-shallow@2.0.1
39284 silly linkStuff extend-shallow@2.0.1 has D:\software\CodeLibrary\es-vue-project\node_modules\readdirp\node_modules\fill-range\node_modules as its parent node_modules
39285 silly build kind-of@3.2.2
39286 info linkStuff kind-of@3.2.2
39287 silly linkStuff kind-of@3.2.2 has D:\software\CodeLibrary\es-vue-project\node_modules\readdirp\node_modules\is-number\node_modules as its parent node_modules
39288 silly build is-number@3.0.0
39289 info linkStuff is-number@3.0.0
39290 silly linkStuff is-number@3.0.0 has D:\software\CodeLibrary\es-vue-project\node_modules\readdirp\node_modules as its parent node_modules
39291 silly build isobject@3.0.1
39292 info linkStuff isobject@3.0.1
39293 silly linkStuff isobject@3.0.1 has D:\software\CodeLibrary\es-vue-project\node_modules\readdirp\node_modules as its parent node_modules
39294 silly build kind-of@6.0.3
39295 info linkStuff kind-of@6.0.3
39296 silly linkStuff kind-of@6.0.3 has D:\software\CodeLibrary\es-vue-project\node_modules\readdirp\node_modules as its parent node_modules
39297 silly build is-accessor-descriptor@1.0.0
39298 info linkStuff is-accessor-descriptor@1.0.0
39299 silly linkStuff is-accessor-descriptor@1.0.0 has D:\software\CodeLibrary\es-vue-project\node_modules\readdirp\node_modules as its parent node_modules
39300 silly build is-data-descriptor@1.0.0
39301 info linkStuff is-data-descriptor@1.0.0
39302 silly linkStuff is-data-descriptor@1.0.0 has D:\software\CodeLibrary\es-vue-project\node_modules\readdirp\node_modules as its parent node_modules
39303 silly build is-descriptor@1.0.2
39304 info linkStuff is-descriptor@1.0.2
39305 silly linkStuff is-descriptor@1.0.2 has D:\software\CodeLibrary\es-vue-project\node_modules\readdirp\node_modules as its parent node_modules
39306 silly build define-property@1.0.0
39307 info linkStuff define-property@1.0.0
39308 silly linkStuff define-property@1.0.0 has D:\software\CodeLibrary\es-vue-project\node_modules\readdirp\node_modules\extglob\node_modules as its parent node_modules
39309 silly build balanced-match@0.4.2
39310 info linkStuff balanced-match@0.4.2
39311 silly linkStuff balanced-match@0.4.2 has D:\software\CodeLibrary\es-vue-project\node_modules\reduce-css-calc\node_modules as its parent node_modules
39312 silly build reduce-function-call@1.0.3
39313 info linkStuff reduce-function-call@1.0.3
39314 silly linkStuff reduce-function-call@1.0.3 has D:\software\CodeLibrary\es-vue-project\node_modules as its parent node_modules
39315 silly build reduce-css-calc@1.3.0
39316 info linkStuff reduce-css-calc@1.3.0
39317 silly linkStuff reduce-css-calc@1.3.0 has D:\software\CodeLibrary\es-vue-project\node_modules as its parent node_modules
39318 silly build regenerate@1.4.2
39319 info linkStuff regenerate@1.4.2
39320 silly linkStuff regenerate@1.4.2 has D:\software\CodeLibrary\es-vue-project\node_modules as its parent node_modules
39321 silly build regenerator-runtime@0.11.1
39322 info linkStuff regenerator-runtime@0.11.1
39323 silly linkStuff regenerator-runtime@0.11.1 has D:\software\CodeLibrary\es-vue-project\node_modules as its parent node_modules
39324 silly build babel-runtime@6.26.0
39325 info linkStuff babel-runtime@6.26.0
39326 silly linkStuff babel-runtime@6.26.0 has D:\software\CodeLibrary\es-vue-project\node_modules as its parent node_modules
39327 silly build async-validator@1.8.5
39328 info linkStuff async-validator@1.8.5
39329 silly linkStuff async-validator@1.8.5 has D:\software\CodeLibrary\es-vue-project\node_modules as its parent node_modules
39330 silly build babel-messages@6.23.0
39331 info linkStuff babel-messages@6.23.0
39332 silly linkStuff babel-messages@6.23.0 has D:\software\CodeLibrary\es-vue-project\node_modules as its parent node_modules
39333 silly build babel-plugin-check-es2015-constants@6.22.0
39334 info linkStuff babel-plugin-check-es2015-constants@6.22.0
39335 silly linkStuff babel-plugin-check-es2015-constants@6.22.0 has D:\software\CodeLibrary\es-vue-project\node_modules as its parent node_modules
39336 silly build babel-plugin-transform-es2015-arrow-functions@6.22.0
39337 info linkStuff babel-plugin-transform-es2015-arrow-functions@6.22.0
39338 silly linkStuff babel-plugin-transform-es2015-arrow-functions@6.22.0 has D:\software\CodeLibrary\es-vue-project\node_modules as its parent node_modules
39339 silly build babel-plugin-transform-es2015-block-scoped-functions@6.22.0
39340 info linkStuff babel-plugin-transform-es2015-block-scoped-functions@6.22.0
39341 silly linkStuff babel-plugin-transform-es2015-block-scoped-functions@6.22.0 has D:\software\CodeLibrary\es-vue-project\node_modules as its parent node_modules
39342 silly build babel-plugin-transform-es2015-destructuring@6.23.0
39343 info linkStuff babel-plugin-transform-es2015-destructuring@6.23.0
39344 silly linkStuff babel-plugin-transform-es2015-destructuring@6.23.0 has D:\software\CodeLibrary\es-vue-project\node_modules as its parent node_modules
39345 silly build babel-plugin-transform-es2015-for-of@6.23.0
39346 info linkStuff babel-plugin-transform-es2015-for-of@6.23.0
39347 silly linkStuff babel-plugin-transform-es2015-for-of@6.23.0 has D:\software\CodeLibrary\es-vue-project\node_modules as its parent node_modules
39348 silly build babel-plugin-transform-es2015-literals@6.22.0
39349 info linkStuff babel-plugin-transform-es2015-literals@6.22.0
39350 silly linkStuff babel-plugin-transform-es2015-literals@6.22.0 has D:\software\CodeLibrary\es-vue-project\node_modules as its parent node_modules
39351 silly build babel-plugin-transform-es2015-spread@6.22.0
39352 info linkStuff babel-plugin-transform-es2015-spread@6.22.0
39353 silly linkStuff babel-plugin-transform-es2015-spread@6.22.0 has D:\software\CodeLibrary\es-vue-project\node_modules as its parent node_modules
39354 silly build babel-plugin-transform-es2015-template-literals@6.22.0
39355 info linkStuff babel-plugin-transform-es2015-template-literals@6.22.0
39356 silly linkStuff babel-plugin-transform-es2015-template-literals@6.22.0 has D:\software\CodeLibrary\es-vue-project\node_modules as its parent node_modules
39357 silly build babel-plugin-transform-es2015-typeof-symbol@6.23.0
39358 info linkStuff babel-plugin-transform-es2015-typeof-symbol@6.23.0
39359 silly linkStuff babel-plugin-transform-es2015-typeof-symbol@6.23.0 has D:\software\CodeLibrary\es-vue-project\node_modules as its parent node_modules
39360 silly build babel-plugin-transform-object-rest-spread@6.26.0
39361 info linkStuff babel-plugin-transform-object-rest-spread@6.26.0
39362 silly linkStuff babel-plugin-transform-object-rest-spread@6.26.0 has D:\software\CodeLibrary\es-vue-project\node_modules as its parent node_modules
39363 silly build regex-cache@0.4.4
39364 info linkStuff regex-cache@0.4.4
39365 silly linkStuff regex-cache@0.4.4 has D:\software\CodeLibrary\es-vue-project\node_modules as its parent node_modules
39366 silly build regexp.prototype.flags@1.5.0
39367 info linkStuff regexp.prototype.flags@1.5.0
39368 silly linkStuff regexp.prototype.flags@1.5.0 has D:\software\CodeLibrary\es-vue-project\node_modules as its parent node_modules
39369 silly build deep-equal@1.1.1
39370 info linkStuff deep-equal@1.1.1
39371 silly linkStuff deep-equal@1.1.1 has D:\software\CodeLibrary\es-vue-project\node_modules as its parent node_modules
39372 silly build regexpp@1.1.0
39373 info linkStuff regexpp@1.1.0
39374 silly linkStuff regexpp@1.1.0 has D:\software\CodeLibrary\es-vue-project\node_modules as its parent node_modules
39375 silly build regjsgen@0.2.0
39376 info linkStuff regjsgen@0.2.0
39377 silly linkStuff regjsgen@0.2.0 has D:\software\CodeLibrary\es-vue-project\node_modules as its parent node_modules
39378 silly build jsesc@0.5.0
39379 info linkStuff jsesc@0.5.0
39380 silly linkStuff jsesc@0.5.0 has D:\software\CodeLibrary\es-vue-project\node_modules\regjsparser\node_modules as its parent node_modules
39381 verbose linkBins [
39381 verbose linkBins   { jsesc: 'bin/jsesc' },
39381 verbose linkBins   'D:\\software\\CodeLibrary\\es-vue-project\\node_modules\\regjsparser\\node_modules\\.bin',
39381 verbose linkBins   false
39381 verbose linkBins ]
39382 silly build regjsparser@0.1.5
39383 info linkStuff regjsparser@0.1.5
39384 silly linkStuff regjsparser@0.1.5 has D:\software\CodeLibrary\es-vue-project\node_modules as its parent node_modules
39385 verbose linkBins [
39385 verbose linkBins   { regjsparser: 'bin/parser' },
39385 verbose linkBins   'D:\\software\\CodeLibrary\\es-vue-project\\node_modules\\.bin',
39385 verbose linkBins   false
39385 verbose linkBins ]
39386 silly build regexpu-core@2.0.0
39387 info linkStuff regexpu-core@2.0.0
39388 silly linkStuff regexpu-core@2.0.0 has D:\software\CodeLibrary\es-vue-project\node_modules as its parent node_modules
39389 silly build relateurl@0.2.7
39390 info linkStuff relateurl@0.2.7
39391 silly linkStuff relateurl@0.2.7 has D:\software\CodeLibrary\es-vue-project\node_modules as its parent node_modules
39392 silly build remove-trailing-separator@1.1.0
39393 info linkStuff remove-trailing-separator@1.1.0
39394 silly linkStuff remove-trailing-separator@1.1.0 has D:\software\CodeLibrary\es-vue-project\node_modules as its parent node_modules
39395 silly build normalize-path@2.1.1
39396 info linkStuff normalize-path@2.1.1
39397 silly linkStuff normalize-path@2.1.1 has D:\software\CodeLibrary\es-vue-project\node_modules as its parent node_modules
39398 silly build repeat-element@1.1.4
39399 info linkStuff repeat-element@1.1.4
39400 silly linkStuff repeat-element@1.1.4 has D:\software\CodeLibrary\es-vue-project\node_modules as its parent node_modules
39401 silly build repeat-string@1.6.1
39402 info linkStuff repeat-string@1.6.1
39403 silly linkStuff repeat-string@1.6.1 has D:\software\CodeLibrary\es-vue-project\node_modules as its parent node_modules
39404 silly build align-text@0.1.4
39405 info linkStuff align-text@0.1.4
39406 silly linkStuff align-text@0.1.4 has D:\software\CodeLibrary\es-vue-project\node_modules as its parent node_modules
39407 silly build center-align@0.1.3
39408 info linkStuff center-align@0.1.3
39409 silly linkStuff center-align@0.1.3 has D:\software\CodeLibrary\es-vue-project\node_modules as its parent node_modules
39410 silly build fill-range@2.2.4
39411 info linkStuff fill-range@2.2.4
39412 silly linkStuff fill-range@2.2.4 has D:\software\CodeLibrary\es-vue-project\node_modules as its parent node_modules
39413 silly build expand-range@1.8.2
39414 info linkStuff expand-range@1.8.2
39415 silly linkStuff expand-range@1.8.2 has D:\software\CodeLibrary\es-vue-project\node_modules as its parent node_modules
39416 silly build braces@1.8.5
39417 info linkStuff braces@1.8.5
39418 silly linkStuff braces@1.8.5 has D:\software\CodeLibrary\es-vue-project\node_modules as its parent node_modules
39419 silly build micromatch@2.3.11
39420 info linkStuff micromatch@2.3.11
39421 silly linkStuff micromatch@2.3.11 has D:\software\CodeLibrary\es-vue-project\node_modules as its parent node_modules
39422 silly build anymatch@1.3.2
39423 info linkStuff anymatch@1.3.2
39424 silly linkStuff anymatch@1.3.2 has D:\software\CodeLibrary\es-vue-project\node_modules as its parent node_modules
39425 silly build repeating@2.0.1
39426 info linkStuff repeating@2.0.1
39427 silly linkStuff repeating@2.0.1 has D:\software\CodeLibrary\es-vue-project\node_modules as its parent node_modules
39428 silly build detect-indent@4.0.0
39429 info linkStuff detect-indent@4.0.0
39430 silly linkStuff detect-indent@4.0.0 has D:\software\CodeLibrary\es-vue-project\node_modules as its parent node_modules
39431 silly build indent-string@2.1.0
39432 info linkStuff indent-string@2.1.0
39433 silly linkStuff indent-string@2.1.0 has D:\software\CodeLibrary\es-vue-project\node_modules as its parent node_modules
39434 silly build qs@6.5.3
39435 info linkStuff qs@6.5.3
39436 silly linkStuff qs@6.5.3 has D:\software\CodeLibrary\es-vue-project\node_modules\request\node_modules as its parent node_modules
39437 silly build require-directory@2.1.1
39438 info linkStuff require-directory@2.1.1
39439 silly linkStuff require-directory@2.1.1 has D:\software\CodeLibrary\es-vue-project\node_modules as its parent node_modules
39440 silly build require-from-string@1.2.1
39441 info linkStuff require-from-string@1.2.1
39442 silly linkStuff require-from-string@1.2.1 has D:\software\CodeLibrary\es-vue-project\node_modules as its parent node_modules
39443 silly build require-main-filename@1.0.1
39444 info linkStuff require-main-filename@1.0.1
39445 silly linkStuff require-main-filename@1.0.1 has D:\software\CodeLibrary\es-vue-project\node_modules as its parent node_modules
39446 silly build requires-port@1.0.0
39447 info linkStuff requires-port@1.0.0
39448 silly linkStuff requires-port@1.0.0 has D:\software\CodeLibrary\es-vue-project\node_modules as its parent node_modules
39449 silly build http-proxy@1.18.1
39450 info linkStuff http-proxy@1.18.1
39451 silly linkStuff http-proxy@1.18.1 has D:\software\CodeLibrary\es-vue-project\node_modules as its parent node_modules
39452 silly build resize-observer-polyfill@1.5.1
39453 info linkStuff resize-observer-polyfill@1.5.1
39454 silly linkStuff resize-observer-polyfill@1.5.1 has D:\software\CodeLibrary\es-vue-project\node_modules as its parent node_modules
39455 silly build resolve-from@3.0.0
39456 info linkStuff resolve-from@3.0.0
39457 silly linkStuff resolve-from@3.0.0 has D:\software\CodeLibrary\es-vue-project\node_modules\resolve-cwd\node_modules as its parent node_modules
39458 silly build resolve-cwd@2.0.0
39459 info linkStuff resolve-cwd@2.0.0
39460 silly linkStuff resolve-cwd@2.0.0 has D:\software\CodeLibrary\es-vue-project\node_modules as its parent node_modules
39461 silly build import-local@1.0.0
39462 info linkStuff import-local@1.0.0
39463 silly linkStuff import-local@1.0.0 has D:\software\CodeLibrary\es-vue-project\node_modules as its parent node_modules
39464 verbose linkBins [
39464 verbose linkBins   { 'import-local-fixture': 'fixtures/cli.js' },
39464 verbose linkBins   'D:\\software\\CodeLibrary\\es-vue-project\\node_modules\\.bin',
39464 verbose linkBins   false
39464 verbose linkBins ]
39465 silly build resolve-from@1.0.1
39466 info linkStuff resolve-from@1.0.1
39467 silly linkStuff resolve-from@1.0.1 has D:\software\CodeLibrary\es-vue-project\node_modules as its parent node_modules
39468 silly build require-uncached@1.0.3
39469 info linkStuff require-uncached@1.0.3
39470 silly linkStuff require-uncached@1.0.3 has D:\software\CodeLibrary\es-vue-project\node_modules as its parent node_modules
39471 silly build resolve-url@0.2.1
39472 info linkStuff resolve-url@0.2.1
39473 silly linkStuff resolve-url@0.2.1 has D:\software\CodeLibrary\es-vue-project\node_modules as its parent node_modules
39474 silly build ret@0.1.15
39475 info linkStuff ret@0.1.15
39476 silly linkStuff ret@0.1.15 has D:\software\CodeLibrary\es-vue-project\node_modules as its parent node_modules
39477 silly build rgb-regex@1.0.1
39478 info linkStuff rgb-regex@1.0.1
39479 silly linkStuff rgb-regex@1.0.1 has D:\software\CodeLibrary\es-vue-project\node_modules as its parent node_modules
39480 silly build rgba-regex@1.0.0
39481 info linkStuff rgba-regex@1.0.0
39482 silly linkStuff rgba-regex@1.0.0 has D:\software\CodeLibrary\es-vue-project\node_modules as its parent node_modules
39483 silly build is-color-stop@1.1.0
39484 info linkStuff is-color-stop@1.1.0
39485 silly linkStuff is-color-stop@1.1.0 has D:\software\CodeLibrary\es-vue-project\node_modules as its parent node_modules
39486 silly build right-align@0.1.3
39487 info linkStuff right-align@0.1.3
39488 silly linkStuff right-align@0.1.3 has D:\software\CodeLibrary\es-vue-project\node_modules as its parent node_modules
39489 silly build cliui@2.1.0
39490 info linkStuff cliui@2.1.0
39491 silly linkStuff cliui@2.1.0 has D:\software\CodeLibrary\es-vue-project\node_modules as its parent node_modules
39492 silly build run-async@2.4.1
39493 info linkStuff run-async@2.4.1
39494 silly linkStuff run-async@2.4.1 has D:\software\CodeLibrary\es-vue-project\node_modules as its parent node_modules
39495 silly build run-queue@1.0.3
39496 info linkStuff run-queue@1.0.3
39497 silly linkStuff run-queue@1.0.3 has D:\software\CodeLibrary\es-vue-project\node_modules as its parent node_modules
39498 silly build rx-lite@4.0.8
39499 info linkStuff rx-lite@4.0.8
39500 silly linkStuff rx-lite@4.0.8 has D:\software\CodeLibrary\es-vue-project\node_modules as its parent node_modules
39501 silly build rx-lite-aggregates@4.0.8
39502 info linkStuff rx-lite-aggregates@4.0.8
39503 silly linkStuff rx-lite-aggregates@4.0.8 has D:\software\CodeLibrary\es-vue-project\node_modules as its parent node_modules
39504 silly build isarray@2.0.5
39505 info linkStuff isarray@2.0.5
39506 silly linkStuff isarray@2.0.5 has D:\software\CodeLibrary\es-vue-project\node_modules\safe-array-concat\node_modules as its parent node_modules
39507 silly build safe-array-concat@1.0.0
39508 info linkStuff safe-array-concat@1.0.0
39509 silly linkStuff safe-array-concat@1.0.0 has D:\software\CodeLibrary\es-vue-project\node_modules as its parent node_modules
39510 silly build safe-buffer@5.1.2
39511 info linkStuff safe-buffer@5.1.2
39512 silly linkStuff safe-buffer@5.1.2 has D:\software\CodeLibrary\es-vue-project\node_modules as its parent node_modules
39513 silly build cipher-base@1.0.4
39514 info linkStuff cipher-base@1.0.4
39515 silly linkStuff cipher-base@1.0.4 has D:\software\CodeLibrary\es-vue-project\node_modules as its parent node_modules
39516 silly build browserify-des@1.0.2
39517 info linkStuff browserify-des@1.0.2
39518 silly linkStuff browserify-des@1.0.2 has D:\software\CodeLibrary\es-vue-project\node_modules as its parent node_modules
39519 silly build dns-packet@1.3.4
39520 info linkStuff dns-packet@1.3.4
39521 silly linkStuff dns-packet@1.3.4 has D:\software\CodeLibrary\es-vue-project\node_modules as its parent node_modules
39522 silly build randombytes@2.1.0
39523 info linkStuff randombytes@2.1.0
39524 silly linkStuff randombytes@2.1.0 has D:\software\CodeLibrary\es-vue-project\node_modules as its parent node_modules
39525 silly build browserify-rsa@4.1.0
39526 info linkStuff browserify-rsa@4.1.0
39527 silly linkStuff browserify-rsa@4.1.0 has D:\software\CodeLibrary\es-vue-project\node_modules as its parent node_modules
39528 silly build diffie-hellman@5.0.3
39529 info linkStuff diffie-hellman@5.0.3
39530 silly linkStuff diffie-hellman@5.0.3 has D:\software\CodeLibrary\es-vue-project\node_modules as its parent node_modules
39531 silly build randomfill@1.0.4
39532 info linkStuff randomfill@1.0.4
39533 silly linkStuff randomfill@1.0.4 has D:\software\CodeLibrary\es-vue-project\node_modules as its parent node_modules
39534 silly build safe-regex@1.1.0
39535 info linkStuff safe-regex@1.1.0
39536 silly linkStuff safe-regex@1.1.0 has D:\software\CodeLibrary\es-vue-project\node_modules as its parent node_modules
39537 silly build regex-not@1.0.2
39538 info linkStuff regex-not@1.0.2
39539 silly linkStuff regex-not@1.0.2 has D:\software\CodeLibrary\es-vue-project\node_modules as its parent node_modules
39540 silly build safe-regex-test@1.0.0
39541 info linkStuff safe-regex-test@1.0.0
39542 silly linkStuff safe-regex-test@1.0.0 has D:\software\CodeLibrary\es-vue-project\node_modules as its parent node_modules
39543 silly build safer-buffer@2.1.2
39544 info linkStuff safer-buffer@2.1.2
39545 silly linkStuff safer-buffer@2.1.2 has D:\software\CodeLibrary\es-vue-project\node_modules as its parent node_modules
39546 silly build asn1@0.2.6
39547 info linkStuff asn1@0.2.6
39548 silly linkStuff asn1@0.2.6 has D:\software\CodeLibrary\es-vue-project\node_modules as its parent node_modules
39549 silly build asn1.js@5.4.1
39550 info linkStuff asn1.js@5.4.1
39551 silly linkStuff asn1.js@5.4.1 has D:\software\CodeLibrary\es-vue-project\node_modules as its parent node_modules
39552 silly build ecc-jsbn@0.1.2
39553 info linkStuff ecc-jsbn@0.1.2
39554 silly linkStuff ecc-jsbn@0.1.2 has D:\software\CodeLibrary\es-vue-project\node_modules as its parent node_modules
39555 silly build iconv-lite@0.4.24
39556 info linkStuff iconv-lite@0.4.24
39557 silly linkStuff iconv-lite@0.4.24 has D:\software\CodeLibrary\es-vue-project\node_modules as its parent node_modules
39558 silly build samsam@1.3.0
39559 info linkStuff samsam@1.3.0
39560 silly linkStuff samsam@1.3.0 has D:\software\CodeLibrary\es-vue-project\node_modules as its parent node_modules
39561 silly build @sinonjs/formatio@2.0.0
39562 info linkStuff @sinonjs/formatio@2.0.0
39563 silly linkStuff @sinonjs/formatio@2.0.0 has D:\software\CodeLibrary\es-vue-project\node_modules as its parent node_modules
39564 silly build sax@1.2.4
39565 info linkStuff sax@1.2.4
39566 silly linkStuff sax@1.2.4 has D:\software\CodeLibrary\es-vue-project\node_modules as its parent node_modules
39567 silly build schema-utils@0.3.0
39568 info linkStuff schema-utils@0.3.0
39569 silly linkStuff schema-utils@0.3.0 has D:\software\CodeLibrary\es-vue-project\node_modules as its parent node_modules
39570 silly build select-hose@2.0.0
39571 info linkStuff select-hose@2.0.0
39572 silly linkStuff select-hose@2.0.0 has D:\software\CodeLibrary\es-vue-project\node_modules as its parent node_modules
39573 silly build selfsigned@1.10.14
39574 info linkStuff selfsigned@1.10.14
39575 silly linkStuff selfsigned@1.10.14 has D:\software\CodeLibrary\es-vue-project\node_modules as its parent node_modules
39576 silly build semver@5.7.1
39577 info linkStuff semver@5.7.1
39578 silly linkStuff semver@5.7.1 has D:\software\CodeLibrary\es-vue-project\node_modules as its parent node_modules
39579 verbose linkBins [
39579 verbose linkBins   { semver: 'bin/semver' },
39579 verbose linkBins   'D:\\software\\CodeLibrary\\es-vue-project\\node_modules\\.bin',
39579 verbose linkBins   false
39579 verbose linkBins ]
39580 silly build ms@2.1.3
39581 info linkStuff ms@2.1.3
39582 silly linkStuff ms@2.1.3 has D:\software\CodeLibrary\es-vue-project\node_modules\send\node_modules as its parent node_modules
39583 silly build serialize-javascript@1.9.1
39584 info linkStuff serialize-javascript@1.9.1
39585 silly linkStuff serialize-javascript@1.9.1 has D:\software\CodeLibrary\es-vue-project\node_modules as its parent node_modules
39586 silly build depd@1.1.2
39587 info linkStuff depd@1.1.2
39588 silly linkStuff depd@1.1.2 has D:\software\CodeLibrary\es-vue-project\node_modules\serve-index\node_modules as its parent node_modules
39589 silly build inherits@2.0.3
39590 info linkStuff inherits@2.0.3
39591 silly linkStuff inherits@2.0.3 has D:\software\CodeLibrary\es-vue-project\node_modules\serve-index\node_modules as its parent node_modules
39592 silly build negotiator@0.6.3
39593 info linkStuff negotiator@0.6.3
39594 silly linkStuff negotiator@0.6.3 has D:\software\CodeLibrary\es-vue-project\node_modules\serve-index\node_modules as its parent node_modules
39595 silly build accepts@1.3.8
39596 info linkStuff accepts@1.3.8
39597 silly linkStuff accepts@1.3.8 has D:\software\CodeLibrary\es-vue-project\node_modules\serve-index\node_modules as its parent node_modules
39598 silly build setprototypeof@1.1.0
39599 info linkStuff setprototypeof@1.1.0
39600 silly linkStuff setprototypeof@1.1.0 has D:\software\CodeLibrary\es-vue-project\node_modules\serve-index\node_modules as its parent node_modules
39601 silly build statuses@1.5.0
39602 info linkStuff statuses@1.5.0
39603 silly linkStuff statuses@1.5.0 has D:\software\CodeLibrary\es-vue-project\node_modules\serve-index\node_modules as its parent node_modules
39604 silly build http-errors@1.6.3
39605 info linkStuff http-errors@1.6.3
39606 silly linkStuff http-errors@1.6.3 has D:\software\CodeLibrary\es-vue-project\node_modules\serve-index\node_modules as its parent node_modules
39607 silly build serve-index@1.9.1
39608 info linkStuff serve-index@1.9.1
39609 silly linkStuff serve-index@1.9.1 has D:\software\CodeLibrary\es-vue-project\node_modules as its parent node_modules
39610 silly build set-blocking@2.0.0
39611 info linkStuff set-blocking@2.0.0
39612 silly linkStuff set-blocking@2.0.0 has D:\software\CodeLibrary\es-vue-project\node_modules as its parent node_modules
39613 silly build extend-shallow@2.0.1
39614 info linkStuff extend-shallow@2.0.1
39615 silly linkStuff extend-shallow@2.0.1 has D:\software\CodeLibrary\es-vue-project\node_modules\set-value\node_modules as its parent node_modules
39616 silly build setimmediate@1.0.5
39617 info linkStuff setimmediate@1.0.5
39618 silly linkStuff setimmediate@1.0.5 has D:\software\CodeLibrary\es-vue-project\node_modules as its parent node_modules
39619 silly build setprototypeof@1.2.0
39620 info linkStuff setprototypeof@1.2.0
39621 silly linkStuff setprototypeof@1.2.0 has D:\software\CodeLibrary\es-vue-project\node_modules as its parent node_modules
39622 silly build sha.js@2.4.11
39623 info linkStuff sha.js@2.4.11
39624 silly linkStuff sha.js@2.4.11 has D:\software\CodeLibrary\es-vue-project\node_modules as its parent node_modules
39625 verbose linkBins [
39625 verbose linkBins   { 'sha.js': 'bin.js' },
39625 verbose linkBins   'D:\\software\\CodeLibrary\\es-vue-project\\node_modules\\.bin',
39625 verbose linkBins   false
39625 verbose linkBins ]
39626 silly build shebang-regex@1.0.0
39627 info linkStuff shebang-regex@1.0.0
39628 silly linkStuff shebang-regex@1.0.0 has D:\software\CodeLibrary\es-vue-project\node_modules as its parent node_modules
39629 silly build shebang-command@1.2.0
39630 info linkStuff shebang-command@1.2.0
39631 silly linkStuff shebang-command@1.2.0 has D:\software\CodeLibrary\es-vue-project\node_modules as its parent node_modules
39632 silly build shellwords@0.1.1
39633 info linkStuff shellwords@0.1.1
39634 silly linkStuff shellwords@0.1.1 has D:\software\CodeLibrary\es-vue-project\node_modules as its parent node_modules
39635 silly build side-channel@1.0.4
39636 info linkStuff side-channel@1.0.4
39637 silly linkStuff side-channel@1.0.4 has D:\software\CodeLibrary\es-vue-project\node_modules as its parent node_modules
39638 silly build internal-slot@1.0.5
39639 info linkStuff internal-slot@1.0.5
39640 silly linkStuff internal-slot@1.0.5 has D:\software\CodeLibrary\es-vue-project\node_modules as its parent node_modules
39641 silly build qs@6.11.0
39642 info linkStuff qs@6.11.0
39643 silly linkStuff qs@6.11.0 has D:\software\CodeLibrary\es-vue-project\node_modules as its parent node_modules
39644 silly build signal-exit@3.0.7
39645 info linkStuff signal-exit@3.0.7
39646 silly linkStuff signal-exit@3.0.7 has D:\software\CodeLibrary\es-vue-project\node_modules as its parent node_modules
39647 silly build loud-rejection@1.6.0
39648 info linkStuff loud-rejection@1.6.0
39649 silly linkStuff loud-rejection@1.6.0 has D:\software\CodeLibrary\es-vue-project\node_modules as its parent node_modules
39650 silly build restore-cursor@2.0.0
39651 info linkStuff restore-cursor@2.0.0
39652 silly linkStuff restore-cursor@2.0.0 has D:\software\CodeLibrary\es-vue-project\node_modules as its parent node_modules
39653 silly build cli-cursor@2.1.0
39654 info linkStuff cli-cursor@2.1.0
39655 silly linkStuff cli-cursor@2.1.0 has D:\software\CodeLibrary\es-vue-project\node_modules as its parent node_modules
39656 silly build is-arrayish@0.3.2
39657 info linkStuff is-arrayish@0.3.2
39658 silly linkStuff is-arrayish@0.3.2 has D:\software\CodeLibrary\es-vue-project\node_modules\simple-swizzle\node_modules as its parent node_modules
39659 silly build simple-swizzle@0.2.2
39660 info linkStuff simple-swizzle@0.2.2
39661 silly linkStuff simple-swizzle@0.2.2 has D:\software\CodeLibrary\es-vue-project\node_modules as its parent node_modules
39662 silly build color-string@1.9.1
39663 info linkStuff color-string@1.9.1
39664 silly linkStuff color-string@1.9.1 has D:\software\CodeLibrary\es-vue-project\node_modules\cssnano-preset-default\node_modules as its parent node_modules
39665 silly build color@3.2.1
39666 info linkStuff color@3.2.1
39667 silly linkStuff color@3.2.1 has D:\software\CodeLibrary\es-vue-project\node_modules\cssnano-preset-default\node_modules as its parent node_modules
39668 silly build lolex@2.7.5
39669 info linkStuff lolex@2.7.5
39670 silly linkStuff lolex@2.7.5 has D:\software\CodeLibrary\es-vue-project\node_modules\sinon\node_modules as its parent node_modules
39671 silly build slash@1.0.0
39672 info linkStuff slash@1.0.0
39673 silly linkStuff slash@1.0.0 has D:\software\CodeLibrary\es-vue-project\node_modules as its parent node_modules
39674 silly build slice-ansi@1.0.0
39675 info linkStuff slice-ansi@1.0.0
39676 silly linkStuff slice-ansi@1.0.0 has D:\software\CodeLibrary\es-vue-project\node_modules as its parent node_modules
39677 silly build isobject@3.0.1
39678 info linkStuff isobject@3.0.1
39679 silly linkStuff isobject@3.0.1 has D:\software\CodeLibrary\es-vue-project\node_modules\snapdragon-node\node_modules as its parent node_modules
39680 silly build kind-of@6.0.3
39681 info linkStuff kind-of@6.0.3
39682 silly linkStuff kind-of@6.0.3 has D:\software\CodeLibrary\es-vue-project\node_modules\snapdragon-node\node_modules as its parent node_modules
39683 silly build is-accessor-descriptor@1.0.0
39684 info linkStuff is-accessor-descriptor@1.0.0
39685 silly linkStuff is-accessor-descriptor@1.0.0 has D:\software\CodeLibrary\es-vue-project\node_modules\snapdragon-node\node_modules as its parent node_modules
39686 silly build is-data-descriptor@1.0.0
39687 info linkStuff is-data-descriptor@1.0.0
39688 silly linkStuff is-data-descriptor@1.0.0 has D:\software\CodeLibrary\es-vue-project\node_modules\snapdragon-node\node_modules as its parent node_modules
39689 silly build is-descriptor@1.0.2
39690 info linkStuff is-descriptor@1.0.2
39691 silly linkStuff is-descriptor@1.0.2 has D:\software\CodeLibrary\es-vue-project\node_modules\snapdragon-node\node_modules as its parent node_modules
39692 silly build define-property@1.0.0
39693 info linkStuff define-property@1.0.0
39694 silly linkStuff define-property@1.0.0 has D:\software\CodeLibrary\es-vue-project\node_modules\snapdragon-node\node_modules as its parent node_modules
39695 silly build snapdragon-util@3.0.1
39696 info linkStuff snapdragon-util@3.0.1
39697 silly linkStuff snapdragon-util@3.0.1 has D:\software\CodeLibrary\es-vue-project\node_modules as its parent node_modules
39698 silly build snapdragon-node@2.1.1
39699 info linkStuff snapdragon-node@2.1.1
39700 silly linkStuff snapdragon-node@2.1.1 has D:\software\CodeLibrary\es-vue-project\node_modules as its parent node_modules
39701 silly build define-property@0.2.5
39702 info linkStuff define-property@0.2.5
39703 silly linkStuff define-property@0.2.5 has D:\software\CodeLibrary\es-vue-project\node_modules\snapdragon\node_modules as its parent node_modules
39704 silly build extend-shallow@2.0.1
39705 info linkStuff extend-shallow@2.0.1
39706 silly linkStuff extend-shallow@2.0.1 has D:\software\CodeLibrary\es-vue-project\node_modules\snapdragon\node_modules as its parent node_modules
39707 silly build source-map@0.5.7
39708 info linkStuff source-map@0.5.7
39709 silly linkStuff source-map@0.5.7 has D:\software\CodeLibrary\es-vue-project\node_modules\snapdragon\node_modules as its parent node_modules
39710 silly build ms@0.7.2
39711 info linkStuff ms@0.7.2
39712 silly linkStuff ms@0.7.2 has D:\software\CodeLibrary\es-vue-project\node_modules\socket.io-adapter\node_modules as its parent node_modules
39713 silly build debug@2.3.3
39714 info linkStuff debug@2.3.3
39715 silly linkStuff debug@2.3.3 has D:\software\CodeLibrary\es-vue-project\node_modules\socket.io-adapter\node_modules as its parent node_modules
39716 silly build component-emitter@1.2.1
39717 info linkStuff component-emitter@1.2.1
39718 silly linkStuff component-emitter@1.2.1 has D:\software\CodeLibrary\es-vue-project\node_modules\socket.io-client\node_modules as its parent node_modules
39719 silly build ms@0.7.2
39720 info linkStuff ms@0.7.2
39721 silly linkStuff ms@0.7.2 has D:\software\CodeLibrary\es-vue-project\node_modules\socket.io-client\node_modules as its parent node_modules
39722 silly build debug@2.3.3
39723 info linkStuff debug@2.3.3
39724 silly linkStuff debug@2.3.3 has D:\software\CodeLibrary\es-vue-project\node_modules\socket.io-client\node_modules as its parent node_modules
39725 silly build component-emitter@1.1.2
39726 info linkStuff component-emitter@1.1.2
39727 silly linkStuff component-emitter@1.1.2 has D:\software\CodeLibrary\es-vue-project\node_modules\socket.io-parser\node_modules as its parent node_modules
39728 silly build isarray@0.0.1
39729 info linkStuff isarray@0.0.1
39730 silly linkStuff isarray@0.0.1 has D:\software\CodeLibrary\es-vue-project\node_modules\socket.io-parser\node_modules as its parent node_modules
39731 silly build ms@0.7.1
39732 info linkStuff ms@0.7.1
39733 silly linkStuff ms@0.7.1 has D:\software\CodeLibrary\es-vue-project\node_modules\socket.io-parser\node_modules as its parent node_modules
39734 silly build debug@2.2.0
39735 info linkStuff debug@2.2.0
39736 silly linkStuff debug@2.2.0 has D:\software\CodeLibrary\es-vue-project\node_modules\socket.io-parser\node_modules as its parent node_modules
39737 silly build socket.io-parser@2.3.1
39738 info linkStuff socket.io-parser@2.3.1
39739 silly linkStuff socket.io-parser@2.3.1 has D:\software\CodeLibrary\es-vue-project\node_modules as its parent node_modules
39740 silly build socket.io-adapter@0.5.0
39741 info linkStuff socket.io-adapter@0.5.0
39742 silly linkStuff socket.io-adapter@0.5.0 has D:\software\CodeLibrary\es-vue-project\node_modules as its parent node_modules
39743 silly build ms@0.7.2
39744 info linkStuff ms@0.7.2
39745 silly linkStuff ms@0.7.2 has D:\software\CodeLibrary\es-vue-project\node_modules\socket.io\node_modules as its parent node_modules
39746 silly build debug@2.3.3
39747 info linkStuff debug@2.3.3
39748 silly linkStuff debug@2.3.3 has D:\software\CodeLibrary\es-vue-project\node_modules\socket.io\node_modules as its parent node_modules
39749 silly build object-assign@4.1.0
39750 info linkStuff object-assign@4.1.0
39751 silly linkStuff object-assign@4.1.0 has D:\software\CodeLibrary\es-vue-project\node_modules\socket.io\node_modules as its parent node_modules
39752 silly build sort-keys@1.1.2
39753 info linkStuff sort-keys@1.1.2
39754 silly linkStuff sort-keys@1.1.2 has D:\software\CodeLibrary\es-vue-project\node_modules as its parent node_modules
39755 silly build source-list-map@2.0.1
39756 info linkStuff source-list-map@2.0.1
39757 silly linkStuff source-list-map@2.0.1 has D:\software\CodeLibrary\es-vue-project\node_modules as its parent node_modules
39758 silly build source-map@0.6.1
39759 info linkStuff source-map@0.6.1
39760 silly linkStuff source-map@0.6.1 has D:\software\CodeLibrary\es-vue-project\node_modules as its parent node_modules
39761 silly build clean-css@4.2.4
39762 info linkStuff clean-css@4.2.4
39763 silly linkStuff clean-css@4.2.4 has D:\software\CodeLibrary\es-vue-project\node_modules as its parent node_modules
39764 silly build postcss@7.0.39
39765 info linkStuff postcss@7.0.39
39766 silly linkStuff postcss@7.0.39 has D:\software\CodeLibrary\es-vue-project\node_modules\css-declaration-sorter\node_modules as its parent node_modules
39767 silly build css-tree@1.0.0-alpha.37
39768 info linkStuff css-tree@1.0.0-alpha.37
39769 silly linkStuff css-tree@1.0.0-alpha.37 has D:\software\CodeLibrary\es-vue-project\node_modules as its parent node_modules
39770 silly build css-tree@1.1.3
39771 info linkStuff css-tree@1.1.3
39772 silly linkStuff css-tree@1.1.3 has D:\software\CodeLibrary\es-vue-project\node_modules\cssnano-preset-default\node_modules\csso\node_modules as its parent node_modules
39773 silly build csso@4.2.0
39774 info linkStuff csso@4.2.0
39775 silly linkStuff csso@4.2.0 has D:\software\CodeLibrary\es-vue-project\node_modules\cssnano-preset-default\node_modules as its parent node_modules
39776 silly build postcss@7.0.39
39777 info linkStuff postcss@7.0.39
39778 silly linkStuff postcss@7.0.39 has D:\software\CodeLibrary\es-vue-project\node_modules\cssnano-preset-default\node_modules as its parent node_modules
39779 silly build postcss-convert-values@4.0.1
39780 info linkStuff postcss-convert-values@4.0.1
39781 silly linkStuff postcss-convert-values@4.0.1 has D:\software\CodeLibrary\es-vue-project\node_modules\cssnano-preset-default\node_modules as its parent node_modules
39782 silly build postcss-discard-comments@4.0.2
39783 info linkStuff postcss-discard-comments@4.0.2
39784 silly linkStuff postcss-discard-comments@4.0.2 has D:\software\CodeLibrary\es-vue-project\node_modules\cssnano-preset-default\node_modules as its parent node_modules
39785 silly build postcss-discard-duplicates@4.0.2
39786 info linkStuff postcss-discard-duplicates@4.0.2
39787 silly linkStuff postcss-discard-duplicates@4.0.2 has D:\software\CodeLibrary\es-vue-project\node_modules\cssnano-preset-default\node_modules as its parent node_modules
39788 silly build postcss-discard-empty@4.0.1
39789 info linkStuff postcss-discard-empty@4.0.1
39790 silly linkStuff postcss-discard-empty@4.0.1 has D:\software\CodeLibrary\es-vue-project\node_modules\cssnano-preset-default\node_modules as its parent node_modules
39791 silly build postcss-discard-overridden@4.0.1
39792 info linkStuff postcss-discard-overridden@4.0.1
39793 silly linkStuff postcss-discard-overridden@4.0.1 has D:\software\CodeLibrary\es-vue-project\node_modules\cssnano-preset-default\node_modules as its parent node_modules
39794 silly build postcss-minify-font-values@4.0.2
39795 info linkStuff postcss-minify-font-values@4.0.2
39796 silly linkStuff postcss-minify-font-values@4.0.2 has D:\software\CodeLibrary\es-vue-project\node_modules\cssnano-preset-default\node_modules as its parent node_modules
39797 silly build postcss-minify-gradients@4.0.2
39798 info linkStuff postcss-minify-gradients@4.0.2
39799 silly linkStuff postcss-minify-gradients@4.0.2 has D:\software\CodeLibrary\es-vue-project\node_modules\cssnano-preset-default\node_modules as its parent node_modules
39800 silly build postcss-normalize-charset@4.0.1
39801 info linkStuff postcss-normalize-charset@4.0.1
39802 silly linkStuff postcss-normalize-charset@4.0.1 has D:\software\CodeLibrary\es-vue-project\node_modules\cssnano-preset-default\node_modules as its parent node_modules
39803 silly build postcss-normalize-url@4.0.1
39804 info linkStuff postcss-normalize-url@4.0.1
39805 silly linkStuff postcss-normalize-url@4.0.1 has D:\software\CodeLibrary\es-vue-project\node_modules\cssnano-preset-default\node_modules as its parent node_modules
39806 silly build postcss-ordered-values@4.1.2
39807 info linkStuff postcss-ordered-values@4.1.2
39808 silly linkStuff postcss-ordered-values@4.1.2 has D:\software\CodeLibrary\es-vue-project\node_modules\cssnano-preset-default\node_modules as its parent node_modules
39809 silly build postcss-reduce-transforms@4.0.2
39810 info linkStuff postcss-reduce-transforms@4.0.2
39811 silly linkStuff postcss-reduce-transforms@4.0.2 has D:\software\CodeLibrary\es-vue-project\node_modules\cssnano-preset-default\node_modules as its parent node_modules
39812 silly build postcss@7.0.39
39813 info linkStuff postcss@7.0.39
39814 silly linkStuff postcss@7.0.39 has D:\software\CodeLibrary\es-vue-project\node_modules\cssnano-util-raw-cache\node_modules as its parent node_modules
39815 silly build cssnano-util-raw-cache@4.0.1
39816 info linkStuff cssnano-util-raw-cache@4.0.1
39817 silly linkStuff cssnano-util-raw-cache@4.0.1 has D:\software\CodeLibrary\es-vue-project\node_modules as its parent node_modules
39818 silly build postcss@7.0.39
39819 info linkStuff postcss@7.0.39
39820 silly linkStuff postcss@7.0.39 has D:\software\CodeLibrary\es-vue-project\node_modules\optimize-css-assets-webpack-plugin\node_modules as its parent node_modules
39821 silly build postcss@7.0.39
39822 info linkStuff postcss@7.0.39
39823 silly linkStuff postcss@7.0.39 has D:\software\CodeLibrary\es-vue-project\node_modules\postcss-normalize-display-values\node_modules as its parent node_modules
39824 silly build postcss-normalize-display-values@4.0.2
39825 info linkStuff postcss-normalize-display-values@4.0.2
39826 silly linkStuff postcss-normalize-display-values@4.0.2 has D:\software\CodeLibrary\es-vue-project\node_modules as its parent node_modules
39827 silly build postcss@7.0.39
39828 info linkStuff postcss@7.0.39
39829 silly linkStuff postcss@7.0.39 has D:\software\CodeLibrary\es-vue-project\node_modules\postcss-normalize-positions\node_modules as its parent node_modules
39830 silly build postcss-normalize-positions@4.0.2
39831 info linkStuff postcss-normalize-positions@4.0.2
39832 silly linkStuff postcss-normalize-positions@4.0.2 has D:\software\CodeLibrary\es-vue-project\node_modules as its parent node_modules
39833 silly build postcss@7.0.39
39834 info linkStuff postcss@7.0.39
39835 silly linkStuff postcss@7.0.39 has D:\software\CodeLibrary\es-vue-project\node_modules\postcss-normalize-repeat-style\node_modules as its parent node_modules
39836 silly build postcss-normalize-repeat-style@4.0.2
39837 info linkStuff postcss-normalize-repeat-style@4.0.2
39838 silly linkStuff postcss-normalize-repeat-style@4.0.2 has D:\software\CodeLibrary\es-vue-project\node_modules as its parent node_modules
39839 silly build postcss@7.0.39
39840 info linkStuff postcss@7.0.39
39841 silly linkStuff postcss@7.0.39 has D:\software\CodeLibrary\es-vue-project\node_modules\postcss-normalize-string\node_modules as its parent node_modules
39842 silly build postcss-normalize-string@4.0.2
39843 info linkStuff postcss-normalize-string@4.0.2
39844 silly linkStuff postcss-normalize-string@4.0.2 has D:\software\CodeLibrary\es-vue-project\node_modules as its parent node_modules
39845 silly build postcss@7.0.39
39846 info linkStuff postcss@7.0.39
39847 silly linkStuff postcss@7.0.39 has D:\software\CodeLibrary\es-vue-project\node_modules\postcss-normalize-timing-functions\node_modules as its parent node_modules
39848 silly build postcss-normalize-timing-functions@4.0.2
39849 info linkStuff postcss-normalize-timing-functions@4.0.2
39850 silly linkStuff postcss-normalize-timing-functions@4.0.2 has D:\software\CodeLibrary\es-vue-project\node_modules as its parent node_modules
39851 silly build postcss@7.0.39
39852 info linkStuff postcss@7.0.39
39853 silly linkStuff postcss@7.0.39 has D:\software\CodeLibrary\es-vue-project\node_modules\postcss-normalize-unicode\node_modules as its parent node_modules
39854 silly build postcss@7.0.39
39855 info linkStuff postcss@7.0.39
39856 silly linkStuff postcss@7.0.39 has D:\software\CodeLibrary\es-vue-project\node_modules\postcss-normalize-whitespace\node_modules as its parent node_modules
39857 silly build postcss-normalize-whitespace@4.0.2
39858 info linkStuff postcss-normalize-whitespace@4.0.2
39859 silly linkStuff postcss-normalize-whitespace@4.0.2 has D:\software\CodeLibrary\es-vue-project\node_modules as its parent node_modules
39860 silly build source-map-js@1.0.2
39861 info linkStuff source-map-js@1.0.2
39862 silly linkStuff source-map-js@1.0.2 has D:\software\CodeLibrary\es-vue-project\node_modules as its parent node_modules
39863 silly build postcss@8.4.23
39864 info linkStuff postcss@8.4.23
39865 silly linkStuff postcss@8.4.23 has D:\software\CodeLibrary\es-vue-project\node_modules as its parent node_modules
39866 silly build @vue/compiler-sfc@2.7.14
39867 info linkStuff @vue/compiler-sfc@2.7.14
39868 silly linkStuff @vue/compiler-sfc@2.7.14 has D:\software\CodeLibrary\es-vue-project\node_modules as its parent node_modules
39869 silly build source-map@0.5.7
39870 info linkStuff source-map@0.5.7
39871 silly linkStuff source-map@0.5.7 has D:\software\CodeLibrary\es-vue-project\node_modules\source-map-support\node_modules as its parent node_modules
39872 silly build source-map-support@0.4.18
39873 info linkStuff source-map-support@0.4.18
39874 silly linkStuff source-map-support@0.4.18 has D:\software\CodeLibrary\es-vue-project\node_modules as its parent node_modules
39875 silly build source-map-url@0.4.1
39876 info linkStuff source-map-url@0.4.1
39877 silly linkStuff source-map-url@0.4.1 has D:\software\CodeLibrary\es-vue-project\node_modules as its parent node_modules
39878 silly build spdx-exceptions@2.3.0
39879 info linkStuff spdx-exceptions@2.3.0
39880 silly linkStuff spdx-exceptions@2.3.0 has D:\software\CodeLibrary\es-vue-project\node_modules as its parent node_modules
39881 silly build spdx-license-ids@3.0.13
39882 info linkStuff spdx-license-ids@3.0.13
39883 silly linkStuff spdx-license-ids@3.0.13 has D:\software\CodeLibrary\es-vue-project\node_modules as its parent node_modules
39884 silly build spdx-expression-parse@3.0.1
39885 info linkStuff spdx-expression-parse@3.0.1
39886 silly linkStuff spdx-expression-parse@3.0.1 has D:\software\CodeLibrary\es-vue-project\node_modules as its parent node_modules
39887 silly build spdx-correct@3.2.0
39888 info linkStuff spdx-correct@3.2.0
39889 silly linkStuff spdx-correct@3.2.0 has D:\software\CodeLibrary\es-vue-project\node_modules as its parent node_modules
39890 silly build ms@2.1.2
39891 info linkStuff ms@2.1.2
39892 silly linkStuff ms@2.1.2 has D:\software\CodeLibrary\es-vue-project\node_modules\spdy-transport\node_modules as its parent node_modules
39893 silly build debug@4.3.4
39894 info linkStuff debug@4.3.4
39895 silly linkStuff debug@4.3.4 has D:\software\CodeLibrary\es-vue-project\node_modules\spdy-transport\node_modules as its parent node_modules
39896 silly build ms@2.1.2
39897 info linkStuff ms@2.1.2
39898 silly linkStuff ms@2.1.2 has D:\software\CodeLibrary\es-vue-project\node_modules\spdy\node_modules as its parent node_modules
39899 silly build debug@4.3.4
39900 info linkStuff debug@4.3.4
39901 silly linkStuff debug@4.3.4 has D:\software\CodeLibrary\es-vue-project\node_modules\spdy\node_modules as its parent node_modules
39902 silly build split-string@3.1.0
39903 info linkStuff split-string@3.1.0
39904 silly linkStuff split-string@3.1.0 has D:\software\CodeLibrary\es-vue-project\node_modules as its parent node_modules
39905 silly build set-value@2.0.1
39906 info linkStuff set-value@2.0.1
39907 silly linkStuff set-value@2.0.1 has D:\software\CodeLibrary\es-vue-project\node_modules as its parent node_modules
39908 silly build sprintf-js@1.0.3
39909 info linkStuff sprintf-js@1.0.3
39910 silly linkStuff sprintf-js@1.0.3 has D:\software\CodeLibrary\es-vue-project\node_modules as its parent node_modules
39911 silly build argparse@1.0.10
39912 info linkStuff argparse@1.0.10
39913 silly linkStuff argparse@1.0.10 has D:\software\CodeLibrary\es-vue-project\node_modules as its parent node_modules
39914 silly build js-yaml@3.14.1
39915 info linkStuff js-yaml@3.14.1
39916 silly linkStuff js-yaml@3.14.1 has D:\software\CodeLibrary\es-vue-project\node_modules\cosmiconfig\node_modules as its parent node_modules
39917 verbose linkBins [
39917 verbose linkBins   { 'js-yaml': 'bin/js-yaml.js' },
39917 verbose linkBins   'D:\\software\\CodeLibrary\\es-vue-project\\node_modules\\cosmiconfig\\node_modules\\.bin',
39917 verbose linkBins   false
39917 verbose linkBins ]
39918 silly build cosmiconfig@5.2.1
39919 info linkStuff cosmiconfig@5.2.1
39920 silly linkStuff cosmiconfig@5.2.1 has D:\software\CodeLibrary\es-vue-project\node_modules as its parent node_modules
39921 silly build postcss-load-config@2.1.2
39922 info linkStuff postcss-load-config@2.1.2
39923 silly linkStuff postcss-load-config@2.1.2 has D:\software\CodeLibrary\es-vue-project\node_modules as its parent node_modules
39924 silly build js-yaml@3.14.1
39925 info linkStuff js-yaml@3.14.1
39926 silly linkStuff js-yaml@3.14.1 has D:\software\CodeLibrary\es-vue-project\node_modules\cssnano-preset-default\node_modules as its parent node_modules
39927 verbose linkBins [
39927 verbose linkBins   { 'js-yaml': 'bin/js-yaml.js' },
39927 verbose linkBins   'D:\\software\\CodeLibrary\\es-vue-project\\node_modules\\cssnano-preset-default\\node_modules\\.bin',
39927 verbose linkBins   false
39927 verbose linkBins ]
39928 silly build js-yaml@3.14.1
39929 info linkStuff js-yaml@3.14.1
39930 silly linkStuff js-yaml@3.14.1 has D:\software\CodeLibrary\es-vue-project\node_modules\eslint\node_modules as its parent node_modules
39931 verbose linkBins [
39931 verbose linkBins   { 'js-yaml': 'bin/js-yaml.js' },
39931 verbose linkBins   'D:\\software\\CodeLibrary\\es-vue-project\\node_modules\\eslint\\node_modules\\.bin',
39931 verbose linkBins   false
39931 verbose linkBins ]
39932 silly build js-yaml@3.7.0
39933 info linkStuff js-yaml@3.7.0
39934 silly linkStuff js-yaml@3.7.0 has D:\software\CodeLibrary\es-vue-project\node_modules as its parent node_modules
39935 verbose linkBins [
39935 verbose linkBins   { 'js-yaml': 'bin/js-yaml.js' },
39935 verbose linkBins   'D:\\software\\CodeLibrary\\es-vue-project\\node_modules\\.bin',
39935 verbose linkBins   false
39935 verbose linkBins ]
39936 silly build cosmiconfig@2.2.2
39937 info linkStuff cosmiconfig@2.2.2
39938 silly linkStuff cosmiconfig@2.2.2 has D:\software\CodeLibrary\es-vue-project\node_modules\postcss-load-options\node_modules as its parent node_modules
39939 silly build postcss-load-options@1.2.0
39940 info linkStuff postcss-load-options@1.2.0
39941 silly linkStuff postcss-load-options@1.2.0 has D:\software\CodeLibrary\es-vue-project\node_modules as its parent node_modules
39942 silly build cosmiconfig@2.2.2
39943 info linkStuff cosmiconfig@2.2.2
39944 silly linkStuff cosmiconfig@2.2.2 has D:\software\CodeLibrary\es-vue-project\node_modules\postcss-load-plugins\node_modules as its parent node_modules
39945 silly build postcss-load-plugins@2.3.0
39946 info linkStuff postcss-load-plugins@2.3.0
39947 silly linkStuff postcss-load-plugins@2.3.0 has D:\software\CodeLibrary\es-vue-project\node_modules as its parent node_modules
39948 silly build ssri@5.3.0
39949 info linkStuff ssri@5.3.0
39950 silly linkStuff ssri@5.3.0 has D:\software\CodeLibrary\es-vue-project\node_modules as its parent node_modules
39951 silly build stable@0.1.8
39952 info linkStuff stable@0.1.8
39953 silly linkStuff stable@0.1.8 has D:\software\CodeLibrary\es-vue-project\node_modules as its parent node_modules
39954 silly build stackframe@1.3.4
39955 info linkStuff stackframe@1.3.4
39956 silly linkStuff stackframe@1.3.4 has D:\software\CodeLibrary\es-vue-project\node_modules as its parent node_modules
39957 silly build error-stack-parser@2.1.4
39958 info linkStuff error-stack-parser@2.1.4
39959 silly linkStuff error-stack-parser@2.1.4 has D:\software\CodeLibrary\es-vue-project\node_modules as its parent node_modules
39960 silly build define-property@0.2.5
39961 info linkStuff define-property@0.2.5
39962 silly linkStuff define-property@0.2.5 has D:\software\CodeLibrary\es-vue-project\node_modules\static-extend\node_modules as its parent node_modules
39963 silly build static-extend@0.1.2
39964 info linkStuff static-extend@0.1.2
39965 silly linkStuff static-extend@0.1.2 has D:\software\CodeLibrary\es-vue-project\node_modules as its parent node_modules
39966 silly build class-utils@0.3.6
39967 info linkStuff class-utils@0.3.6
39968 silly linkStuff class-utils@0.3.6 has D:\software\CodeLibrary\es-vue-project\node_modules as its parent node_modules
39969 silly build statuses@2.0.1
39970 info linkStuff statuses@2.0.1
39971 silly linkStuff statuses@2.0.1 has D:\software\CodeLibrary\es-vue-project\node_modules as its parent node_modules
39972 silly build stream-shift@1.0.1
39973 info linkStuff stream-shift@1.0.1
39974 silly linkStuff stream-shift@1.0.1 has D:\software\CodeLibrary\es-vue-project\node_modules as its parent node_modules
39975 silly build strict-uri-encode@1.1.0
39976 info linkStuff strict-uri-encode@1.1.0
39977 silly linkStuff strict-uri-encode@1.1.0 has D:\software\CodeLibrary\es-vue-project\node_modules as its parent node_modules
39978 silly build query-string@4.3.4
39979 info linkStuff query-string@4.3.4
39980 silly linkStuff query-string@4.3.4 has D:\software\CodeLibrary\es-vue-project\node_modules as its parent node_modules
39981 silly build normalize-url@1.9.1
39982 info linkStuff normalize-url@1.9.1
39983 silly linkStuff normalize-url@1.9.1 has D:\software\CodeLibrary\es-vue-project\node_modules as its parent node_modules
39984 silly build string_decoder@1.1.1
39985 info linkStuff string_decoder@1.1.1
39986 silly linkStuff string_decoder@1.1.1 has D:\software\CodeLibrary\es-vue-project\node_modules as its parent node_modules
39987 silly build ansi-regex@3.0.1
39988 info linkStuff ansi-regex@3.0.1
39989 silly linkStuff ansi-regex@3.0.1 has D:\software\CodeLibrary\es-vue-project\node_modules\string-width\node_modules as its parent node_modules
39990 silly build strip-ansi@4.0.0
39991 info linkStuff strip-ansi@4.0.0
39992 silly linkStuff strip-ansi@4.0.0 has D:\software\CodeLibrary\es-vue-project\node_modules\string-width\node_modules as its parent node_modules
39993 silly build string-width@2.1.1
39994 info linkStuff string-width@2.1.1
39995 silly linkStuff string-width@2.1.1 has D:\software\CodeLibrary\es-vue-project\node_modules as its parent node_modules
39996 silly build strip-ansi@3.0.1
39997 info linkStuff strip-ansi@3.0.1
39998 silly linkStuff strip-ansi@3.0.1 has D:\software\CodeLibrary\es-vue-project\node_modules as its parent node_modules
39999 silly build chalk@1.1.3
40000 info linkStuff chalk@1.1.3
40001 silly linkStuff chalk@1.1.3 has D:\software\CodeLibrary\es-vue-project\node_modules\babel-code-frame\node_modules as its parent node_modules
40002 silly build babel-code-frame@6.26.0
40003 info linkStuff babel-code-frame@6.26.0
40004 silly linkStuff babel-code-frame@6.26.0 has D:\software\CodeLibrary\es-vue-project\node_modules as its parent node_modules
40005 silly build chalk@1.1.3
40006 info linkStuff chalk@1.1.3
40007 silly linkStuff chalk@1.1.3 has D:\software\CodeLibrary\es-vue-project\node_modules\clap\node_modules as its parent node_modules
40008 silly build clap@1.2.3
40009 info linkStuff clap@1.2.3
40010 silly linkStuff clap@1.2.3 has D:\software\CodeLibrary\es-vue-project\node_modules as its parent node_modules
40011 silly build csso@2.3.2
40012 info linkStuff csso@2.3.2
40013 silly linkStuff csso@2.3.2 has D:\software\CodeLibrary\es-vue-project\node_modules as its parent node_modules
40014 verbose linkBins [
40014 verbose linkBins   { csso: 'bin/csso' },
40014 verbose linkBins   'D:\\software\\CodeLibrary\\es-vue-project\\node_modules\\.bin',
40014 verbose linkBins   false
40014 verbose linkBins ]
40015 silly build chalk@1.1.3
40016 info linkStuff chalk@1.1.3
40017 silly linkStuff chalk@1.1.3 has D:\software\CodeLibrary\es-vue-project\node_modules\css-loader\node_modules as its parent node_modules
40018 silly build postcss@5.2.18
40019 info linkStuff postcss@5.2.18
40020 silly linkStuff postcss@5.2.18 has D:\software\CodeLibrary\es-vue-project\node_modules\css-loader\node_modules as its parent node_modules
40021 silly build chalk@1.1.3
40022 info linkStuff chalk@1.1.3
40023 silly linkStuff chalk@1.1.3 has D:\software\CodeLibrary\es-vue-project\node_modules\cssnano\node_modules as its parent node_modules
40024 silly build postcss@5.2.18
40025 info linkStuff postcss@5.2.18
40026 silly linkStuff postcss@5.2.18 has D:\software\CodeLibrary\es-vue-project\node_modules\cssnano\node_modules as its parent node_modules
40027 silly build autoprefixer@6.7.7
40028 info linkStuff autoprefixer@6.7.7
40029 silly linkStuff autoprefixer@6.7.7 has D:\software\CodeLibrary\es-vue-project\node_modules\cssnano\node_modules as its parent node_modules
40030 silly build chalk@1.1.3
40031 info linkStuff chalk@1.1.3
40032 silly linkStuff chalk@1.1.3 has D:\software\CodeLibrary\es-vue-project\node_modules\eslint-friendly-formatter\node_modules as its parent node_modules
40033 silly build chalk@1.1.3
40034 info linkStuff chalk@1.1.3
40035 silly linkStuff chalk@1.1.3 has D:\software\CodeLibrary\es-vue-project\node_modules\friendly-errors-webpack-plugin\node_modules as its parent node_modules
40036 silly build chalk@1.1.3
40037 info linkStuff chalk@1.1.3
40038 silly linkStuff chalk@1.1.3 has D:\software\CodeLibrary\es-vue-project\node_modules\postcss-calc\node_modules as its parent node_modules
40039 silly build postcss@5.2.18
40040 info linkStuff postcss@5.2.18
40041 silly linkStuff postcss@5.2.18 has D:\software\CodeLibrary\es-vue-project\node_modules\postcss-calc\node_modules as its parent node_modules
40042 silly build postcss-calc@5.3.1
40043 info linkStuff postcss-calc@5.3.1
40044 silly linkStuff postcss-calc@5.3.1 has D:\software\CodeLibrary\es-vue-project\node_modules as its parent node_modules
40045 silly build chalk@1.1.3
40046 info linkStuff chalk@1.1.3
40047 silly linkStuff chalk@1.1.3 has D:\software\CodeLibrary\es-vue-project\node_modules\postcss-colormin\node_modules as its parent node_modules
40048 silly build postcss@5.2.18
40049 info linkStuff postcss@5.2.18
40050 silly linkStuff postcss@5.2.18 has D:\software\CodeLibrary\es-vue-project\node_modules\postcss-colormin\node_modules as its parent node_modules
40051 silly build postcss-colormin@2.2.2
40052 info linkStuff postcss-colormin@2.2.2
40053 silly linkStuff postcss-colormin@2.2.2 has D:\software\CodeLibrary\es-vue-project\node_modules as its parent node_modules
40054 silly build chalk@1.1.3
40055 info linkStuff chalk@1.1.3
40056 silly linkStuff chalk@1.1.3 has D:\software\CodeLibrary\es-vue-project\node_modules\postcss-convert-values\node_modules as its parent node_modules
40057 silly build postcss@5.2.18
40058 info linkStuff postcss@5.2.18
40059 silly linkStuff postcss@5.2.18 has D:\software\CodeLibrary\es-vue-project\node_modules\postcss-convert-values\node_modules as its parent node_modules
40060 silly build postcss-convert-values@2.6.1
40061 info linkStuff postcss-convert-values@2.6.1
40062 silly linkStuff postcss-convert-values@2.6.1 has D:\software\CodeLibrary\es-vue-project\node_modules as its parent node_modules
40063 silly build chalk@1.1.3
40064 info linkStuff chalk@1.1.3
40065 silly linkStuff chalk@1.1.3 has D:\software\CodeLibrary\es-vue-project\node_modules\postcss-discard-comments\node_modules as its parent node_modules
40066 silly build postcss@5.2.18
40067 info linkStuff postcss@5.2.18
40068 silly linkStuff postcss@5.2.18 has D:\software\CodeLibrary\es-vue-project\node_modules\postcss-discard-comments\node_modules as its parent node_modules
40069 silly build postcss-discard-comments@2.0.4
40070 info linkStuff postcss-discard-comments@2.0.4
40071 silly linkStuff postcss-discard-comments@2.0.4 has D:\software\CodeLibrary\es-vue-project\node_modules as its parent node_modules
40072 silly build chalk@1.1.3
40073 info linkStuff chalk@1.1.3
40074 silly linkStuff chalk@1.1.3 has D:\software\CodeLibrary\es-vue-project\node_modules\postcss-discard-duplicates\node_modules as its parent node_modules
40075 silly build postcss@5.2.18
40076 info linkStuff postcss@5.2.18
40077 silly linkStuff postcss@5.2.18 has D:\software\CodeLibrary\es-vue-project\node_modules\postcss-discard-duplicates\node_modules as its parent node_modules
40078 silly build postcss-discard-duplicates@2.1.0
40079 info linkStuff postcss-discard-duplicates@2.1.0
40080 silly linkStuff postcss-discard-duplicates@2.1.0 has D:\software\CodeLibrary\es-vue-project\node_modules as its parent node_modules
40081 silly build chalk@1.1.3
40082 info linkStuff chalk@1.1.3
40083 silly linkStuff chalk@1.1.3 has D:\software\CodeLibrary\es-vue-project\node_modules\postcss-discard-empty\node_modules as its parent node_modules
40084 silly build postcss@5.2.18
40085 info linkStuff postcss@5.2.18
40086 silly linkStuff postcss@5.2.18 has D:\software\CodeLibrary\es-vue-project\node_modules\postcss-discard-empty\node_modules as its parent node_modules
40087 silly build postcss-discard-empty@2.1.0
40088 info linkStuff postcss-discard-empty@2.1.0
40089 silly linkStuff postcss-discard-empty@2.1.0 has D:\software\CodeLibrary\es-vue-project\node_modules as its parent node_modules
40090 silly build chalk@1.1.3
40091 info linkStuff chalk@1.1.3
40092 silly linkStuff chalk@1.1.3 has D:\software\CodeLibrary\es-vue-project\node_modules\postcss-discard-overridden\node_modules as its parent node_modules
40093 silly build postcss@5.2.18
40094 info linkStuff postcss@5.2.18
40095 silly linkStuff postcss@5.2.18 has D:\software\CodeLibrary\es-vue-project\node_modules\postcss-discard-overridden\node_modules as its parent node_modules
40096 silly build postcss-discard-overridden@0.1.1
40097 info linkStuff postcss-discard-overridden@0.1.1
40098 silly linkStuff postcss-discard-overridden@0.1.1 has D:\software\CodeLibrary\es-vue-project\node_modules as its parent node_modules
40099 silly build chalk@1.1.3
40100 info linkStuff chalk@1.1.3
40101 silly linkStuff chalk@1.1.3 has D:\software\CodeLibrary\es-vue-project\node_modules\postcss-discard-unused\node_modules as its parent node_modules
40102 silly build postcss@5.2.18
40103 info linkStuff postcss@5.2.18
40104 silly linkStuff postcss@5.2.18 has D:\software\CodeLibrary\es-vue-project\node_modules\postcss-discard-unused\node_modules as its parent node_modules
40105 silly build chalk@1.1.3
40106 info linkStuff chalk@1.1.3
40107 silly linkStuff chalk@1.1.3 has D:\software\CodeLibrary\es-vue-project\node_modules\postcss-filter-plugins\node_modules as its parent node_modules
40108 silly build postcss@5.2.18
40109 info linkStuff postcss@5.2.18
40110 silly linkStuff postcss@5.2.18 has D:\software\CodeLibrary\es-vue-project\node_modules\postcss-filter-plugins\node_modules as its parent node_modules
40111 silly build postcss-filter-plugins@2.0.3
40112 info linkStuff postcss-filter-plugins@2.0.3
40113 silly linkStuff postcss-filter-plugins@2.0.3 has D:\software\CodeLibrary\es-vue-project\node_modules as its parent node_modules
40114 silly build chalk@1.1.3
40115 info linkStuff chalk@1.1.3
40116 silly linkStuff chalk@1.1.3 has D:\software\CodeLibrary\es-vue-project\node_modules\postcss-merge-idents\node_modules as its parent node_modules
40117 silly build postcss@5.2.18
40118 info linkStuff postcss@5.2.18
40119 silly linkStuff postcss@5.2.18 has D:\software\CodeLibrary\es-vue-project\node_modules\postcss-merge-idents\node_modules as its parent node_modules
40120 silly build postcss-merge-idents@2.1.7
40121 info linkStuff postcss-merge-idents@2.1.7
40122 silly linkStuff postcss-merge-idents@2.1.7 has D:\software\CodeLibrary\es-vue-project\node_modules as its parent node_modules
40123 silly build chalk@1.1.3
40124 info linkStuff chalk@1.1.3
40125 silly linkStuff chalk@1.1.3 has D:\software\CodeLibrary\es-vue-project\node_modules\postcss-merge-longhand\node_modules as its parent node_modules
40126 silly build postcss@5.2.18
40127 info linkStuff postcss@5.2.18
40128 silly linkStuff postcss@5.2.18 has D:\software\CodeLibrary\es-vue-project\node_modules\postcss-merge-longhand\node_modules as its parent node_modules
40129 silly build postcss-merge-longhand@2.0.2
40130 info linkStuff postcss-merge-longhand@2.0.2
40131 silly linkStuff postcss-merge-longhand@2.0.2 has D:\software\CodeLibrary\es-vue-project\node_modules as its parent node_modules
40132 silly build chalk@1.1.3
40133 info linkStuff chalk@1.1.3
40134 silly linkStuff chalk@1.1.3 has D:\software\CodeLibrary\es-vue-project\node_modules\postcss-merge-rules\node_modules as its parent node_modules
40135 silly build postcss@5.2.18
40136 info linkStuff postcss@5.2.18
40137 silly linkStuff postcss@5.2.18 has D:\software\CodeLibrary\es-vue-project\node_modules\postcss-merge-rules\node_modules as its parent node_modules
40138 silly build chalk@1.1.3
40139 info linkStuff chalk@1.1.3
40140 silly linkStuff chalk@1.1.3 has D:\software\CodeLibrary\es-vue-project\node_modules\postcss-minify-font-values\node_modules as its parent node_modules
40141 silly build postcss@5.2.18
40142 info linkStuff postcss@5.2.18
40143 silly linkStuff postcss@5.2.18 has D:\software\CodeLibrary\es-vue-project\node_modules\postcss-minify-font-values\node_modules as its parent node_modules
40144 silly build postcss-minify-font-values@1.0.5
40145 info linkStuff postcss-minify-font-values@1.0.5
40146 silly linkStuff postcss-minify-font-values@1.0.5 has D:\software\CodeLibrary\es-vue-project\node_modules as its parent node_modules
40147 silly build chalk@1.1.3
40148 info linkStuff chalk@1.1.3
40149 silly linkStuff chalk@1.1.3 has D:\software\CodeLibrary\es-vue-project\node_modules\postcss-minify-gradients\node_modules as its parent node_modules
40150 silly build postcss@5.2.18
40151 info linkStuff postcss@5.2.18
40152 silly linkStuff postcss@5.2.18 has D:\software\CodeLibrary\es-vue-project\node_modules\postcss-minify-gradients\node_modules as its parent node_modules
40153 silly build postcss-minify-gradients@1.0.5
40154 info linkStuff postcss-minify-gradients@1.0.5
40155 silly linkStuff postcss-minify-gradients@1.0.5 has D:\software\CodeLibrary\es-vue-project\node_modules as its parent node_modules
40156 silly build chalk@1.1.3
40157 info linkStuff chalk@1.1.3
40158 silly linkStuff chalk@1.1.3 has D:\software\CodeLibrary\es-vue-project\node_modules\postcss-minify-params\node_modules as its parent node_modules
40159 silly build postcss@5.2.18
40160 info linkStuff postcss@5.2.18
40161 silly linkStuff postcss@5.2.18 has D:\software\CodeLibrary\es-vue-project\node_modules\postcss-minify-params\node_modules as its parent node_modules
40162 silly build chalk@1.1.3
40163 info linkStuff chalk@1.1.3
40164 silly linkStuff chalk@1.1.3 has D:\software\CodeLibrary\es-vue-project\node_modules\postcss-minify-selectors\node_modules as its parent node_modules
40165 silly build postcss@5.2.18
40166 info linkStuff postcss@5.2.18
40167 silly linkStuff postcss@5.2.18 has D:\software\CodeLibrary\es-vue-project\node_modules\postcss-minify-selectors\node_modules as its parent node_modules
40168 silly build chalk@1.1.3
40169 info linkStuff chalk@1.1.3
40170 silly linkStuff chalk@1.1.3 has D:\software\CodeLibrary\es-vue-project\node_modules\postcss-normalize-charset\node_modules as its parent node_modules
40171 silly build postcss@5.2.18
40172 info linkStuff postcss@5.2.18
40173 silly linkStuff postcss@5.2.18 has D:\software\CodeLibrary\es-vue-project\node_modules\postcss-normalize-charset\node_modules as its parent node_modules
40174 silly build postcss-normalize-charset@1.1.1
40175 info linkStuff postcss-normalize-charset@1.1.1
40176 silly linkStuff postcss-normalize-charset@1.1.1 has D:\software\CodeLibrary\es-vue-project\node_modules as its parent node_modules
40177 silly build chalk@1.1.3
40178 info linkStuff chalk@1.1.3
40179 silly linkStuff chalk@1.1.3 has D:\software\CodeLibrary\es-vue-project\node_modules\postcss-normalize-url\node_modules as its parent node_modules
40180 silly build postcss@5.2.18
40181 info linkStuff postcss@5.2.18
40182 silly linkStuff postcss@5.2.18 has D:\software\CodeLibrary\es-vue-project\node_modules\postcss-normalize-url\node_modules as its parent node_modules
40183 silly build postcss-normalize-url@3.0.8
40184 info linkStuff postcss-normalize-url@3.0.8
40185 silly linkStuff postcss-normalize-url@3.0.8 has D:\software\CodeLibrary\es-vue-project\node_modules as its parent node_modules
40186 silly build chalk@1.1.3
40187 info linkStuff chalk@1.1.3
40188 silly linkStuff chalk@1.1.3 has D:\software\CodeLibrary\es-vue-project\node_modules\postcss-ordered-values\node_modules as its parent node_modules
40189 silly build postcss@5.2.18
40190 info linkStuff postcss@5.2.18
40191 silly linkStuff postcss@5.2.18 has D:\software\CodeLibrary\es-vue-project\node_modules\postcss-ordered-values\node_modules as its parent node_modules
40192 silly build postcss-ordered-values@2.2.3
40193 info linkStuff postcss-ordered-values@2.2.3
40194 silly linkStuff postcss-ordered-values@2.2.3 has D:\software\CodeLibrary\es-vue-project\node_modules as its parent node_modules
40195 silly build chalk@1.1.3
40196 info linkStuff chalk@1.1.3
40197 silly linkStuff chalk@1.1.3 has D:\software\CodeLibrary\es-vue-project\node_modules\postcss-reduce-idents\node_modules as its parent node_modules
40198 silly build postcss@5.2.18
40199 info linkStuff postcss@5.2.18
40200 silly linkStuff postcss@5.2.18 has D:\software\CodeLibrary\es-vue-project\node_modules\postcss-reduce-idents\node_modules as its parent node_modules
40201 silly build postcss-reduce-idents@2.4.0
40202 info linkStuff postcss-reduce-idents@2.4.0
40203 silly linkStuff postcss-reduce-idents@2.4.0 has D:\software\CodeLibrary\es-vue-project\node_modules as its parent node_modules
40204 silly build chalk@1.1.3
40205 info linkStuff chalk@1.1.3
40206 silly linkStuff chalk@1.1.3 has D:\software\CodeLibrary\es-vue-project\node_modules\postcss-reduce-initial\node_modules as its parent node_modules
40207 silly build postcss@5.2.18
40208 info linkStuff postcss@5.2.18
40209 silly linkStuff postcss@5.2.18 has D:\software\CodeLibrary\es-vue-project\node_modules\postcss-reduce-initial\node_modules as its parent node_modules
40210 silly build postcss-reduce-initial@1.0.1
40211 info linkStuff postcss-reduce-initial@1.0.1
40212 silly linkStuff postcss-reduce-initial@1.0.1 has D:\software\CodeLibrary\es-vue-project\node_modules as its parent node_modules
40213 silly build chalk@1.1.3
40214 info linkStuff chalk@1.1.3
40215 silly linkStuff chalk@1.1.3 has D:\software\CodeLibrary\es-vue-project\node_modules\postcss-reduce-transforms\node_modules as its parent node_modules
40216 silly build postcss@5.2.18
40217 info linkStuff postcss@5.2.18
40218 silly linkStuff postcss@5.2.18 has D:\software\CodeLibrary\es-vue-project\node_modules\postcss-reduce-transforms\node_modules as its parent node_modules
40219 silly build postcss-reduce-transforms@1.0.4
40220 info linkStuff postcss-reduce-transforms@1.0.4
40221 silly linkStuff postcss-reduce-transforms@1.0.4 has D:\software\CodeLibrary\es-vue-project\node_modules as its parent node_modules
40222 silly build chalk@1.1.3
40223 info linkStuff chalk@1.1.3
40224 silly linkStuff chalk@1.1.3 has D:\software\CodeLibrary\es-vue-project\node_modules\postcss-svgo\node_modules as its parent node_modules
40225 silly build postcss@5.2.18
40226 info linkStuff postcss@5.2.18
40227 silly linkStuff postcss@5.2.18 has D:\software\CodeLibrary\es-vue-project\node_modules\postcss-svgo\node_modules as its parent node_modules
40228 silly build chalk@1.1.3
40229 info linkStuff chalk@1.1.3
40230 silly linkStuff chalk@1.1.3 has D:\software\CodeLibrary\es-vue-project\node_modules\postcss-unique-selectors\node_modules as its parent node_modules
40231 silly build postcss@5.2.18
40232 info linkStuff postcss@5.2.18
40233 silly linkStuff postcss@5.2.18 has D:\software\CodeLibrary\es-vue-project\node_modules\postcss-unique-selectors\node_modules as its parent node_modules
40234 silly build chalk@1.1.3
40235 info linkStuff chalk@1.1.3
40236 silly linkStuff chalk@1.1.3 has D:\software\CodeLibrary\es-vue-project\node_modules\postcss-zindex\node_modules as its parent node_modules
40237 silly build postcss@5.2.18
40238 info linkStuff postcss@5.2.18
40239 silly linkStuff postcss@5.2.18 has D:\software\CodeLibrary\es-vue-project\node_modules\postcss-zindex\node_modules as its parent node_modules
40240 silly build strip-bom@2.0.0
40241 info linkStuff strip-bom@2.0.0
40242 silly linkStuff strip-bom@2.0.0 has D:\software\CodeLibrary\es-vue-project\node_modules as its parent node_modules
40243 silly build load-json-file@1.1.0
40244 info linkStuff load-json-file@1.1.0
40245 silly linkStuff load-json-file@1.1.0 has D:\software\CodeLibrary\es-vue-project\node_modules as its parent node_modules
40246 silly build strip-eof@1.0.0
40247 info linkStuff strip-eof@1.0.0
40248 silly linkStuff strip-eof@1.0.0 has D:\software\CodeLibrary\es-vue-project\node_modules as its parent node_modules
40249 silly build strip-indent@1.0.1
40250 info linkStuff strip-indent@1.0.1
40251 silly linkStuff strip-indent@1.0.1 has D:\software\CodeLibrary\es-vue-project\node_modules as its parent node_modules
40252 verbose linkBins [
40252 verbose linkBins   { 'strip-indent': 'cli.js' },
40252 verbose linkBins   'D:\\software\\CodeLibrary\\es-vue-project\\node_modules\\.bin',
40252 verbose linkBins   false
40252 verbose linkBins ]
40253 silly build redent@1.0.0
40254 info linkStuff redent@1.0.0
40255 silly linkStuff redent@1.0.0 has D:\software\CodeLibrary\es-vue-project\node_modules as its parent node_modules
40256 silly build strip-json-comments@2.0.1
40257 info linkStuff strip-json-comments@2.0.1
40258 silly linkStuff strip-json-comments@2.0.1 has D:\software\CodeLibrary\es-vue-project\node_modules as its parent node_modules
40259 silly build picocolors@0.2.1
40260 info linkStuff picocolors@0.2.1
40261 silly linkStuff picocolors@0.2.1 has D:\software\CodeLibrary\es-vue-project\node_modules\stylehacks\node_modules as its parent node_modules
40262 silly build postcss@7.0.39
40263 info linkStuff postcss@7.0.39
40264 silly linkStuff postcss@7.0.39 has D:\software\CodeLibrary\es-vue-project\node_modules\stylehacks\node_modules as its parent node_modules
40265 silly build supports-color@5.5.0
40266 info linkStuff supports-color@5.5.0
40267 silly linkStuff supports-color@5.5.0 has D:\software\CodeLibrary\es-vue-project\node_modules as its parent node_modules
40268 silly build chalk@2.4.2
40269 info linkStuff chalk@2.4.2
40270 silly linkStuff chalk@2.4.2 has D:\software\CodeLibrary\es-vue-project\node_modules as its parent node_modules
40271 silly build @babel/highlight@7.0.0-beta.44
40272 info linkStuff @babel/highlight@7.0.0-beta.44
40273 silly linkStuff @babel/highlight@7.0.0-beta.44 has D:\software\CodeLibrary\es-vue-project\node_modules as its parent node_modules
40274 silly build @babel/code-frame@7.0.0-beta.44
40275 info linkStuff @babel/code-frame@7.0.0-beta.44
40276 silly linkStuff @babel/code-frame@7.0.0-beta.44 has D:\software\CodeLibrary\es-vue-project\node_modules as its parent node_modules
40277 silly build @babel/template@7.0.0-beta.44
40278 info linkStuff @babel/template@7.0.0-beta.44
40279 silly linkStuff @babel/template@7.0.0-beta.44 has D:\software\CodeLibrary\es-vue-project\node_modules as its parent node_modules
40280 silly build @babel/helper-function-name@7.0.0-beta.44
40281 info linkStuff @babel/helper-function-name@7.0.0-beta.44
40282 silly linkStuff @babel/helper-function-name@7.0.0-beta.44 has D:\software\CodeLibrary\es-vue-project\node_modules as its parent node_modules
40283 silly build postcss@6.0.23
40284 info linkStuff postcss@6.0.23
40285 silly linkStuff postcss@6.0.23 has D:\software\CodeLibrary\es-vue-project\node_modules\autoprefixer\node_modules as its parent node_modules
40286 silly build coa@2.0.2
40287 info linkStuff coa@2.0.2
40288 silly linkStuff coa@2.0.2 has D:\software\CodeLibrary\es-vue-project\node_modules\cssnano-preset-default\node_modules as its parent node_modules
40289 silly build log-symbols@2.2.0
40290 info linkStuff log-symbols@2.2.0
40291 silly linkStuff log-symbols@2.2.0 has D:\software\CodeLibrary\es-vue-project\node_modules as its parent node_modules
40292 silly build postcss@6.0.23
40293 info linkStuff postcss@6.0.23
40294 silly linkStuff postcss@6.0.23 has D:\software\CodeLibrary\es-vue-project\node_modules\icss-utils\node_modules as its parent node_modules
40295 silly build icss-utils@2.1.0
40296 info linkStuff icss-utils@2.1.0
40297 silly linkStuff icss-utils@2.1.0 has D:\software\CodeLibrary\es-vue-project\node_modules as its parent node_modules
40298 silly build postcss@6.0.23
40299 info linkStuff postcss@6.0.23
40300 silly linkStuff postcss@6.0.23 has D:\software\CodeLibrary\es-vue-project\node_modules\postcss-import\node_modules as its parent node_modules
40301 silly build postcss@6.0.23
40302 info linkStuff postcss@6.0.23
40303 silly linkStuff postcss@6.0.23 has D:\software\CodeLibrary\es-vue-project\node_modules\postcss-loader\node_modules as its parent node_modules
40304 silly build postcss@6.0.23
40305 info linkStuff postcss@6.0.23
40306 silly linkStuff postcss@6.0.23 has D:\software\CodeLibrary\es-vue-project\node_modules\postcss-modules-extract-imports\node_modules as its parent node_modules
40307 silly build postcss-modules-extract-imports@1.2.1
40308 info linkStuff postcss-modules-extract-imports@1.2.1
40309 silly linkStuff postcss-modules-extract-imports@1.2.1 has D:\software\CodeLibrary\es-vue-project\node_modules as its parent node_modules
40310 silly build postcss@6.0.23
40311 info linkStuff postcss@6.0.23
40312 silly linkStuff postcss@6.0.23 has D:\software\CodeLibrary\es-vue-project\node_modules\postcss-modules-local-by-default\node_modules as its parent node_modules
40313 silly build postcss-modules-local-by-default@1.2.0
40314 info linkStuff postcss-modules-local-by-default@1.2.0
40315 silly linkStuff postcss-modules-local-by-default@1.2.0 has D:\software\CodeLibrary\es-vue-project\node_modules as its parent node_modules
40316 silly build postcss@6.0.23
40317 info linkStuff postcss@6.0.23
40318 silly linkStuff postcss@6.0.23 has D:\software\CodeLibrary\es-vue-project\node_modules\postcss-modules-scope\node_modules as its parent node_modules
40319 silly build postcss-modules-scope@1.1.0
40320 info linkStuff postcss-modules-scope@1.1.0
40321 silly linkStuff postcss-modules-scope@1.1.0 has D:\software\CodeLibrary\es-vue-project\node_modules as its parent node_modules
40322 silly build postcss@6.0.23
40323 info linkStuff postcss@6.0.23
40324 silly linkStuff postcss@6.0.23 has D:\software\CodeLibrary\es-vue-project\node_modules\postcss-modules-values\node_modules as its parent node_modules
40325 silly build postcss-modules-values@1.3.0
40326 info linkStuff postcss-modules-values@1.3.0
40327 silly linkStuff postcss-modules-values@1.3.0 has D:\software\CodeLibrary\es-vue-project\node_modules as its parent node_modules
40328 silly build postcss@6.0.23
40329 info linkStuff postcss@6.0.23
40330 silly linkStuff postcss@6.0.23 has D:\software\CodeLibrary\es-vue-project\node_modules\postcss-url\node_modules as its parent node_modules
40331 silly build supports-preserve-symlinks-flag@1.0.0
40332 info linkStuff supports-preserve-symlinks-flag@1.0.0
40333 silly linkStuff supports-preserve-symlinks-flag@1.0.0 has D:\software\CodeLibrary\es-vue-project\node_modules as its parent node_modules
40334 silly build resolve@1.22.2
40335 info linkStuff resolve@1.22.2
40336 silly linkStuff resolve@1.22.2 has D:\software\CodeLibrary\es-vue-project\node_modules as its parent node_modules
40337 verbose linkBins [
40337 verbose linkBins   { resolve: 'bin/resolve' },
40337 verbose linkBins   'D:\\software\\CodeLibrary\\es-vue-project\\node_modules\\.bin',
40337 verbose linkBins   false
40337 verbose linkBins ]
40338 silly build eslint-import-resolver-node@0.3.7
40339 info linkStuff eslint-import-resolver-node@0.3.7
40340 silly linkStuff eslint-import-resolver-node@0.3.7 has D:\software\CodeLibrary\es-vue-project\node_modules as its parent node_modules
40341 silly build rechoir@0.6.2
40342 info linkStuff rechoir@0.6.2
40343 silly linkStuff rechoir@0.6.2 has D:\software\CodeLibrary\es-vue-project\node_modules as its parent node_modules
40344 silly build table@4.0.2
40345 info linkStuff table@4.0.2
40346 silly linkStuff table@4.0.2 has D:\software\CodeLibrary\es-vue-project\node_modules as its parent node_modules
40347 silly build tapable@0.2.9
40348 info linkStuff tapable@0.2.9
40349 silly linkStuff tapable@0.2.9 has D:\software\CodeLibrary\es-vue-project\node_modules as its parent node_modules
40350 silly build text-table@0.2.0
40351 info linkStuff text-table@0.2.0
40352 silly linkStuff text-table@0.2.0 has D:\software\CodeLibrary\es-vue-project\node_modules as its parent node_modules
40353 silly build throttle-debounce@1.1.0
40354 info linkStuff throttle-debounce@1.1.0
40355 silly linkStuff throttle-debounce@1.1.0 has D:\software\CodeLibrary\es-vue-project\node_modules as its parent node_modules
40356 silly build throttleit@1.0.0
40357 info linkStuff throttleit@1.0.0
40358 silly linkStuff throttleit@1.0.0 has D:\software\CodeLibrary\es-vue-project\node_modules as its parent node_modules
40359 silly build request-progress@2.0.1
40360 info linkStuff request-progress@2.0.1
40361 silly linkStuff request-progress@2.0.1 has D:\software\CodeLibrary\es-vue-project\node_modules as its parent node_modules
40362 silly build through@2.3.8
40363 info linkStuff through@2.3.8
40364 silly linkStuff through@2.3.8 has D:\software\CodeLibrary\es-vue-project\node_modules as its parent node_modules
40365 silly build thunky@1.1.0
40366 info linkStuff thunky@1.1.0
40367 silly linkStuff thunky@1.1.0 has D:\software\CodeLibrary\es-vue-project\node_modules as its parent node_modules
40368 silly build multicast-dns@6.2.3
40369 info linkStuff multicast-dns@6.2.3
40370 silly linkStuff multicast-dns@6.2.3 has D:\software\CodeLibrary\es-vue-project\node_modules as its parent node_modules
40371 verbose linkBins [
40371 verbose linkBins   { 'multicast-dns': 'cli.js' },
40371 verbose linkBins   'D:\\software\\CodeLibrary\\es-vue-project\\node_modules\\.bin',
40371 verbose linkBins   false
40371 verbose linkBins ]
40372 silly build bonjour@3.5.0
40373 info linkStuff bonjour@3.5.0
40374 silly linkStuff bonjour@3.5.0 has D:\software\CodeLibrary\es-vue-project\node_modules as its parent node_modules
40375 silly build time-stamp@2.2.0
40376 info linkStuff time-stamp@2.2.0
40377 silly linkStuff time-stamp@2.2.0 has D:\software\CodeLibrary\es-vue-project\node_modules as its parent node_modules
40378 silly build timers-browserify@2.0.12
40379 info linkStuff timers-browserify@2.0.12
40380 silly linkStuff timers-browserify@2.0.12 has D:\software\CodeLibrary\es-vue-project\node_modules as its parent node_modules
40381 silly build timsort@0.3.0
40382 info linkStuff timsort@0.3.0
40383 silly linkStuff timsort@0.3.0 has D:\software\CodeLibrary\es-vue-project\node_modules as its parent node_modules
40384 silly build css-declaration-sorter@4.0.1
40385 info linkStuff css-declaration-sorter@4.0.1
40386 silly linkStuff css-declaration-sorter@4.0.1 has D:\software\CodeLibrary\es-vue-project\node_modules as its parent node_modules
40387 silly build tmp@0.0.33
40388 info linkStuff tmp@0.0.33
40389 silly linkStuff tmp@0.0.33 has D:\software\CodeLibrary\es-vue-project\node_modules as its parent node_modules
40390 silly build external-editor@2.2.0
40391 info linkStuff external-editor@2.2.0
40392 silly linkStuff external-editor@2.2.0 has D:\software\CodeLibrary\es-vue-project\node_modules as its parent node_modules
40393 silly build inquirer@3.3.0
40394 info linkStuff inquirer@3.3.0
40395 silly linkStuff inquirer@3.3.0 has D:\software\CodeLibrary\es-vue-project\node_modules as its parent node_modules
40396 silly build to-array@0.1.4
40397 info linkStuff to-array@0.1.4
40398 silly linkStuff to-array@0.1.4 has D:\software\CodeLibrary\es-vue-project\node_modules as its parent node_modules
40399 silly build to-arraybuffer@1.0.1
40400 info linkStuff to-arraybuffer@1.0.1
40401 silly linkStuff to-arraybuffer@1.0.1 has D:\software\CodeLibrary\es-vue-project\node_modules as its parent node_modules
40402 silly build to-fast-properties@1.0.3
40403 info linkStuff to-fast-properties@1.0.3
40404 silly linkStuff to-fast-properties@1.0.3 has D:\software\CodeLibrary\es-vue-project\node_modules as its parent node_modules
40405 silly build babel-types@6.26.0
40406 info linkStuff babel-types@6.26.0
40407 silly linkStuff babel-types@6.26.0 has D:\software\CodeLibrary\es-vue-project\node_modules as its parent node_modules
40408 silly build babel-helper-get-function-arity@6.24.1
40409 info linkStuff babel-helper-get-function-arity@6.24.1
40410 silly linkStuff babel-helper-get-function-arity@6.24.1 has D:\software\CodeLibrary\es-vue-project\node_modules as its parent node_modules
40411 silly build babel-helper-hoist-variables@6.24.1
40412 info linkStuff babel-helper-hoist-variables@6.24.1
40413 silly linkStuff babel-helper-hoist-variables@6.24.1 has D:\software\CodeLibrary\es-vue-project\node_modules as its parent node_modules
40414 silly build babel-helper-optimise-call-expression@6.24.1
40415 info linkStuff babel-helper-optimise-call-expression@6.24.1
40416 silly linkStuff babel-helper-optimise-call-expression@6.24.1 has D:\software\CodeLibrary\es-vue-project\node_modules as its parent node_modules
40417 silly build babel-helper-regex@6.26.0
40418 info linkStuff babel-helper-regex@6.26.0
40419 silly linkStuff babel-helper-regex@6.26.0 has D:\software\CodeLibrary\es-vue-project\node_modules as its parent node_modules
40420 silly build babel-plugin-transform-es2015-unicode-regex@6.24.1
40421 info linkStuff babel-plugin-transform-es2015-unicode-regex@6.24.1
40422 silly linkStuff babel-plugin-transform-es2015-unicode-regex@6.24.1 has D:\software\CodeLibrary\es-vue-project\node_modules as its parent node_modules
40423 silly build babel-plugin-transform-es2015-duplicate-keys@6.24.1
40424 info linkStuff babel-plugin-transform-es2015-duplicate-keys@6.24.1
40425 silly linkStuff babel-plugin-transform-es2015-duplicate-keys@6.24.1 has D:\software\CodeLibrary\es-vue-project\node_modules as its parent node_modules
40426 silly build babel-plugin-transform-es2015-shorthand-properties@6.24.1
40427 info linkStuff babel-plugin-transform-es2015-shorthand-properties@6.24.1
40428 silly linkStuff babel-plugin-transform-es2015-shorthand-properties@6.24.1 has D:\software\CodeLibrary\es-vue-project\node_modules as its parent node_modules
40429 silly build babel-plugin-transform-es2015-sticky-regex@6.24.1
40430 info linkStuff babel-plugin-transform-es2015-sticky-regex@6.24.1
40431 silly linkStuff babel-plugin-transform-es2015-sticky-regex@6.24.1 has D:\software\CodeLibrary\es-vue-project\node_modules as its parent node_modules
40432 silly build babel-plugin-transform-strict-mode@6.24.1
40433 info linkStuff babel-plugin-transform-strict-mode@6.24.1
40434 silly linkStuff babel-plugin-transform-strict-mode@6.24.1 has D:\software\CodeLibrary\es-vue-project\node_modules as its parent node_modules
40435 silly build babel-traverse@6.26.0
40436 info linkStuff babel-traverse@6.26.0
40437 silly linkStuff babel-traverse@6.26.0 has D:\software\CodeLibrary\es-vue-project\node_modules as its parent node_modules
40438 silly build babel-helper-bindify-decorators@6.24.1
40439 info linkStuff babel-helper-bindify-decorators@6.24.1
40440 silly linkStuff babel-helper-bindify-decorators@6.24.1 has D:\software\CodeLibrary\es-vue-project\node_modules as its parent node_modules
40441 silly build babel-helper-call-delegate@6.24.1
40442 info linkStuff babel-helper-call-delegate@6.24.1
40443 silly linkStuff babel-helper-call-delegate@6.24.1 has D:\software\CodeLibrary\es-vue-project\node_modules as its parent node_modules
40444 silly build babel-helper-explode-assignable-expression@6.24.1
40445 info linkStuff babel-helper-explode-assignable-expression@6.24.1
40446 silly linkStuff babel-helper-explode-assignable-expression@6.24.1 has D:\software\CodeLibrary\es-vue-project\node_modules as its parent node_modules
40447 silly build babel-helper-builder-binary-assignment-operator-visitor@6.24.1
40448 info linkStuff babel-helper-builder-binary-assignment-operator-visitor@6.24.1
40449 silly linkStuff babel-helper-builder-binary-assignment-operator-visitor@6.24.1 has D:\software\CodeLibrary\es-vue-project\node_modules as its parent node_modules
40450 silly build babel-plugin-transform-exponentiation-operator@6.24.1
40451 info linkStuff babel-plugin-transform-exponentiation-operator@6.24.1
40452 silly linkStuff babel-plugin-transform-exponentiation-operator@6.24.1 has D:\software\CodeLibrary\es-vue-project\node_modules as its parent node_modules
40453 silly build babel-helper-explode-class@6.24.1
40454 info linkStuff babel-helper-explode-class@6.24.1
40455 silly linkStuff babel-helper-explode-class@6.24.1 has D:\software\CodeLibrary\es-vue-project\node_modules as its parent node_modules
40456 silly build babel-template@6.26.0
40457 info linkStuff babel-template@6.26.0
40458 silly linkStuff babel-template@6.26.0 has D:\software\CodeLibrary\es-vue-project\node_modules as its parent node_modules
40459 silly build babel-helper-function-name@6.24.1
40460 info linkStuff babel-helper-function-name@6.24.1
40461 silly linkStuff babel-helper-function-name@6.24.1 has D:\software\CodeLibrary\es-vue-project\node_modules as its parent node_modules
40462 silly build babel-helper-define-map@6.26.0
40463 info linkStuff babel-helper-define-map@6.26.0
40464 silly linkStuff babel-helper-define-map@6.26.0 has D:\software\CodeLibrary\es-vue-project\node_modules as its parent node_modules
40465 silly build babel-plugin-transform-es2015-function-name@6.24.1
40466 info linkStuff babel-plugin-transform-es2015-function-name@6.24.1
40467 silly linkStuff babel-plugin-transform-es2015-function-name@6.24.1 has D:\software\CodeLibrary\es-vue-project\node_modules as its parent node_modules
40468 silly build babel-helper-remap-async-to-generator@6.24.1
40469 info linkStuff babel-helper-remap-async-to-generator@6.24.1
40470 silly linkStuff babel-helper-remap-async-to-generator@6.24.1 has D:\software\CodeLibrary\es-vue-project\node_modules as its parent node_modules
40471 silly build babel-plugin-transform-async-generator-functions@6.24.1
40472 info linkStuff babel-plugin-transform-async-generator-functions@6.24.1
40473 silly linkStuff babel-plugin-transform-async-generator-functions@6.24.1 has D:\software\CodeLibrary\es-vue-project\node_modules as its parent node_modules
40474 silly build babel-plugin-transform-async-to-generator@6.24.1
40475 info linkStuff babel-plugin-transform-async-to-generator@6.24.1
40476 silly linkStuff babel-plugin-transform-async-to-generator@6.24.1 has D:\software\CodeLibrary\es-vue-project\node_modules as its parent node_modules
40477 silly build babel-preset-stage-3@6.24.1
40478 info linkStuff babel-preset-stage-3@6.24.1
40479 silly linkStuff babel-preset-stage-3@6.24.1 has D:\software\CodeLibrary\es-vue-project\node_modules as its parent node_modules
40480 silly build babel-helper-replace-supers@6.24.1
40481 info linkStuff babel-helper-replace-supers@6.24.1
40482 silly linkStuff babel-helper-replace-supers@6.24.1 has D:\software\CodeLibrary\es-vue-project\node_modules as its parent node_modules
40483 silly build babel-plugin-transform-es2015-object-super@6.24.1
40484 info linkStuff babel-plugin-transform-es2015-object-super@6.24.1
40485 silly linkStuff babel-plugin-transform-es2015-object-super@6.24.1 has D:\software\CodeLibrary\es-vue-project\node_modules as its parent node_modules
40486 silly build babel-helpers@6.24.1
40487 info linkStuff babel-helpers@6.24.1
40488 silly linkStuff babel-helpers@6.24.1 has D:\software\CodeLibrary\es-vue-project\node_modules as its parent node_modules
40489 silly build babel-plugin-transform-class-properties@6.24.1
40490 info linkStuff babel-plugin-transform-class-properties@6.24.1
40491 silly linkStuff babel-plugin-transform-class-properties@6.24.1 has D:\software\CodeLibrary\es-vue-project\node_modules as its parent node_modules
40492 silly build babel-plugin-transform-decorators@6.24.1
40493 info linkStuff babel-plugin-transform-decorators@6.24.1
40494 silly linkStuff babel-plugin-transform-decorators@6.24.1 has D:\software\CodeLibrary\es-vue-project\node_modules as its parent node_modules
40495 silly build babel-plugin-transform-es2015-block-scoping@6.26.0
40496 info linkStuff babel-plugin-transform-es2015-block-scoping@6.26.0
40497 silly linkStuff babel-plugin-transform-es2015-block-scoping@6.26.0 has D:\software\CodeLibrary\es-vue-project\node_modules as its parent node_modules
40498 silly build babel-plugin-transform-es2015-classes@6.24.1
40499 info linkStuff babel-plugin-transform-es2015-classes@6.24.1
40500 silly linkStuff babel-plugin-transform-es2015-classes@6.24.1 has D:\software\CodeLibrary\es-vue-project\node_modules as its parent node_modules
40501 silly build babel-plugin-transform-es2015-computed-properties@6.24.1
40502 info linkStuff babel-plugin-transform-es2015-computed-properties@6.24.1
40503 silly linkStuff babel-plugin-transform-es2015-computed-properties@6.24.1 has D:\software\CodeLibrary\es-vue-project\node_modules as its parent node_modules
40504 silly build babel-plugin-transform-es2015-modules-commonjs@6.26.2
40505 info linkStuff babel-plugin-transform-es2015-modules-commonjs@6.26.2
40506 silly linkStuff babel-plugin-transform-es2015-modules-commonjs@6.26.2 has D:\software\CodeLibrary\es-vue-project\node_modules as its parent node_modules
40507 silly build babel-plugin-transform-es2015-modules-amd@6.24.1
40508 info linkStuff babel-plugin-transform-es2015-modules-amd@6.24.1
40509 silly linkStuff babel-plugin-transform-es2015-modules-amd@6.24.1 has D:\software\CodeLibrary\es-vue-project\node_modules as its parent node_modules
40510 silly build babel-plugin-transform-es2015-modules-systemjs@6.24.1
40511 info linkStuff babel-plugin-transform-es2015-modules-systemjs@6.24.1
40512 silly linkStuff babel-plugin-transform-es2015-modules-systemjs@6.24.1 has D:\software\CodeLibrary\es-vue-project\node_modules as its parent node_modules
40513 silly build babel-plugin-transform-es2015-modules-umd@6.24.1
40514 info linkStuff babel-plugin-transform-es2015-modules-umd@6.24.1
40515 silly linkStuff babel-plugin-transform-es2015-modules-umd@6.24.1 has D:\software\CodeLibrary\es-vue-project\node_modules as its parent node_modules
40516 silly build babel-plugin-transform-es2015-parameters@6.24.1
40517 info linkStuff babel-plugin-transform-es2015-parameters@6.24.1
40518 silly linkStuff babel-plugin-transform-es2015-parameters@6.24.1 has D:\software\CodeLibrary\es-vue-project\node_modules as its parent node_modules
40519 silly build regenerator-transform@0.10.1
40520 info linkStuff regenerator-transform@0.10.1
40521 silly linkStuff regenerator-transform@0.10.1 has D:\software\CodeLibrary\es-vue-project\node_modules as its parent node_modules
40522 silly build babel-plugin-transform-regenerator@6.26.0
40523 info linkStuff babel-plugin-transform-regenerator@6.26.0
40524 silly linkStuff babel-plugin-transform-regenerator@6.26.0 has D:\software\CodeLibrary\es-vue-project\node_modules as its parent node_modules
40525 silly build to-object-path@0.3.0
40526 info linkStuff to-object-path@0.3.0
40527 silly linkStuff to-object-path@0.3.0 has D:\software\CodeLibrary\es-vue-project\node_modules as its parent node_modules
40528 silly build to-regex@3.0.2
40529 info linkStuff to-regex@3.0.2
40530 silly linkStuff to-regex@3.0.2 has D:\software\CodeLibrary\es-vue-project\node_modules as its parent node_modules
40531 silly build is-number@3.0.0
40532 info linkStuff is-number@3.0.0
40533 silly linkStuff is-number@3.0.0 has D:\software\CodeLibrary\es-vue-project\node_modules\to-regex-range\node_modules as its parent node_modules
40534 silly build to-regex-range@2.1.1
40535 info linkStuff to-regex-range@2.1.1
40536 silly linkStuff to-regex-range@2.1.1 has D:\software\CodeLibrary\es-vue-project\node_modules as its parent node_modules
40537 silly build fill-range@4.0.0
40538 info linkStuff fill-range@4.0.0
40539 silly linkStuff fill-range@4.0.0 has D:\software\CodeLibrary\es-vue-project\node_modules\http-proxy-middleware\node_modules as its parent node_modules
40540 silly build fill-range@4.0.0
40541 info linkStuff fill-range@4.0.0
40542 silly linkStuff fill-range@4.0.0 has D:\software\CodeLibrary\es-vue-project\node_modules\readdirp\node_modules as its parent node_modules
40543 silly build toidentifier@1.0.1
40544 info linkStuff toidentifier@1.0.1
40545 silly linkStuff toidentifier@1.0.1 has D:\software\CodeLibrary\es-vue-project\node_modules as its parent node_modules
40546 silly build http-errors@2.0.0
40547 info linkStuff http-errors@2.0.0
40548 silly linkStuff http-errors@2.0.0 has D:\software\CodeLibrary\es-vue-project\node_modules as its parent node_modules
40549 silly build send@0.18.0
40550 info linkStuff send@0.18.0
40551 silly linkStuff send@0.18.0 has D:\software\CodeLibrary\es-vue-project\node_modules as its parent node_modules
40552 silly build serve-static@1.15.0
40553 info linkStuff serve-static@1.15.0
40554 silly linkStuff serve-static@1.15.0 has D:\software\CodeLibrary\es-vue-project\node_modules as its parent node_modules
40555 silly build toposort@1.0.7
40556 info linkStuff toposort@1.0.7
40557 silly linkStuff toposort@1.0.7 has D:\software\CodeLibrary\es-vue-project\node_modules as its parent node_modules
40558 silly build tough-cookie@2.5.0
40559 info linkStuff tough-cookie@2.5.0
40560 silly linkStuff tough-cookie@2.5.0 has D:\software\CodeLibrary\es-vue-project\node_modules as its parent node_modules
40561 silly build trim-newlines@1.0.0
40562 info linkStuff trim-newlines@1.0.0
40563 silly linkStuff trim-newlines@1.0.0 has D:\software\CodeLibrary\es-vue-project\node_modules as its parent node_modules
40564 silly build trim-right@1.0.1
40565 info linkStuff trim-right@1.0.1
40566 silly linkStuff trim-right@1.0.1 has D:\software\CodeLibrary\es-vue-project\node_modules as its parent node_modules
40567 silly build @babel/generator@7.0.0-beta.44
40568 info linkStuff @babel/generator@7.0.0-beta.44
40569 silly linkStuff @babel/generator@7.0.0-beta.44 has D:\software\CodeLibrary\es-vue-project\node_modules as its parent node_modules
40570 silly build @babel/traverse@7.0.0-beta.44
40571 info linkStuff @babel/traverse@7.0.0-beta.44
40572 silly linkStuff @babel/traverse@7.0.0-beta.44 has D:\software\CodeLibrary\es-vue-project\node_modules as its parent node_modules
40573 silly build babel-generator@6.26.1
40574 info linkStuff babel-generator@6.26.1
40575 silly linkStuff babel-generator@6.26.1 has D:\software\CodeLibrary\es-vue-project\node_modules as its parent node_modules
40576 silly build babel-core@6.26.3
40577 info linkStuff babel-core@6.26.3
40578 silly linkStuff babel-core@6.26.3 has D:\software\CodeLibrary\es-vue-project\node_modules as its parent node_modules
40579 silly build babel-register@6.26.0
40580 info linkStuff babel-register@6.26.0
40581 silly linkStuff babel-register@6.26.0 has D:\software\CodeLibrary\es-vue-project\node_modules as its parent node_modules
40582 silly build istanbul-lib-instrument@1.10.2
40583 info linkStuff istanbul-lib-instrument@1.10.2
40584 silly linkStuff istanbul-lib-instrument@1.10.2 has D:\software\CodeLibrary\es-vue-project\node_modules as its parent node_modules
40585 silly build tryer@1.0.1
40586 info linkStuff tryer@1.0.1
40587 silly linkStuff tryer@1.0.1 has D:\software\CodeLibrary\es-vue-project\node_modules as its parent node_modules
40588 silly build bfj-node4@5.3.1
40589 info linkStuff bfj-node4@5.3.1
40590 silly linkStuff bfj-node4@5.3.1 has D:\software\CodeLibrary\es-vue-project\node_modules as its parent node_modules
40591 silly build json5@1.0.2
40592 info linkStuff json5@1.0.2
40593 silly linkStuff json5@1.0.2 has D:\software\CodeLibrary\es-vue-project\node_modules\tsconfig-paths\node_modules as its parent node_modules
40594 verbose linkBins [
40594 verbose linkBins   { json5: 'lib/cli.js' },
40594 verbose linkBins   'D:\\software\\CodeLibrary\\es-vue-project\\node_modules\\tsconfig-paths\\node_modules\\.bin',
40594 verbose linkBins   false
40594 verbose linkBins ]
40595 silly build strip-bom@3.0.0
40596 info linkStuff strip-bom@3.0.0
40597 silly linkStuff strip-bom@3.0.0 has D:\software\CodeLibrary\es-vue-project\node_modules\tsconfig-paths\node_modules as its parent node_modules
40598 silly build tsconfig-paths@3.14.2
40599 info linkStuff tsconfig-paths@3.14.2
40600 silly linkStuff tsconfig-paths@3.14.2 has D:\software\CodeLibrary\es-vue-project\node_modules as its parent node_modules
40601 silly build tty-browserify@0.0.0
40602 info linkStuff tty-browserify@0.0.0
40603 silly linkStuff tty-browserify@0.0.0 has D:\software\CodeLibrary\es-vue-project\node_modules as its parent node_modules
40604 silly build tunnel-agent@0.6.0
40605 info linkStuff tunnel-agent@0.6.0
40606 silly linkStuff tunnel-agent@0.6.0 has D:\software\CodeLibrary\es-vue-project\node_modules as its parent node_modules
40607 silly build tweetnacl@0.14.5
40608 info linkStuff tweetnacl@0.14.5
40609 silly linkStuff tweetnacl@0.14.5 has D:\software\CodeLibrary\es-vue-project\node_modules as its parent node_modules
40610 silly build bcrypt-pbkdf@1.0.2
40611 info linkStuff bcrypt-pbkdf@1.0.2
40612 silly linkStuff bcrypt-pbkdf@1.0.2 has D:\software\CodeLibrary\es-vue-project\node_modules as its parent node_modules
40613 silly build sshpk@1.17.0
40614 info linkStuff sshpk@1.17.0
40615 silly linkStuff sshpk@1.17.0 has D:\software\CodeLibrary\es-vue-project\node_modules as its parent node_modules
40616 verbose linkBins [
40616 verbose linkBins   {
40616 verbose linkBins     'sshpk-conv': 'bin/sshpk-conv',
40616 verbose linkBins     'sshpk-sign': 'bin/sshpk-sign',
40616 verbose linkBins     'sshpk-verify': 'bin/sshpk-verify'
40616 verbose linkBins   },
40616 verbose linkBins   'D:\\software\\CodeLibrary\\es-vue-project\\node_modules\\.bin',
40616 verbose linkBins   false
40616 verbose linkBins ]
40617 silly build type@1.2.0
40618 info linkStuff type@1.2.0
40619 silly linkStuff type@1.2.0 has D:\software\CodeLibrary\es-vue-project\node_modules as its parent node_modules
40620 silly build d@1.0.1
40621 info linkStuff d@1.0.1
40622 silly linkStuff d@1.0.1 has D:\software\CodeLibrary\es-vue-project\node_modules as its parent node_modules
40623 silly build es6-symbol@3.1.3
40624 info linkStuff es6-symbol@3.1.3
40625 silly linkStuff es6-symbol@3.1.3 has D:\software\CodeLibrary\es-vue-project\node_modules as its parent node_modules
40626 silly build es6-iterator@2.0.3
40627 info linkStuff es6-iterator@2.0.3
40628 silly linkStuff es6-iterator@2.0.3 has D:\software\CodeLibrary\es-vue-project\node_modules as its parent node_modules
40629 silly build es5-ext@0.10.62
40630 info linkStuff es5-ext@0.10.62
40631 silly linkStuff es5-ext@0.10.62 has D:\software\CodeLibrary\es-vue-project\node_modules as its parent node_modules
40632 silly build es6-weak-map@2.0.3
40633 info linkStuff es6-weak-map@2.0.3
40634 silly linkStuff es6-weak-map@2.0.3 has D:\software\CodeLibrary\es-vue-project\node_modules as its parent node_modules
40635 silly build event-emitter@0.3.5
40636 info linkStuff event-emitter@0.3.5
40637 silly linkStuff event-emitter@0.3.5 has D:\software\CodeLibrary\es-vue-project\node_modules as its parent node_modules
40638 silly build es6-set@0.1.6
40639 info linkStuff es6-set@0.1.6
40640 silly linkStuff es6-set@0.1.6 has D:\software\CodeLibrary\es-vue-project\node_modules as its parent node_modules
40641 silly build es6-map@0.1.5
40642 info linkStuff es6-map@0.1.5
40643 silly linkStuff es6-map@0.1.5 has D:\software\CodeLibrary\es-vue-project\node_modules as its parent node_modules
40644 silly build escope@3.6.0
40645 info linkStuff escope@3.6.0
40646 silly linkStuff escope@3.6.0 has D:\software\CodeLibrary\es-vue-project\node_modules as its parent node_modules
40647 silly build type-check@0.3.2
40648 info linkStuff type-check@0.3.2
40649 silly linkStuff type-check@0.3.2 has D:\software\CodeLibrary\es-vue-project\node_modules as its parent node_modules
40650 silly build levn@0.3.0
40651 info linkStuff levn@0.3.0
40652 silly linkStuff levn@0.3.0 has D:\software\CodeLibrary\es-vue-project\node_modules as its parent node_modules
40653 silly build type-detect@4.0.8
40654 info linkStuff type-detect@4.0.8
40655 silly linkStuff type-detect@4.0.8 has D:\software\CodeLibrary\es-vue-project\node_modules as its parent node_modules
40656 silly build @sinonjs/commons@1.8.6
40657 info linkStuff @sinonjs/commons@1.8.6
40658 silly linkStuff @sinonjs/commons@1.8.6 has D:\software\CodeLibrary\es-vue-project\node_modules as its parent node_modules
40659 silly build @sinonjs/samsam@3.3.3
40660 info linkStuff @sinonjs/samsam@3.3.3
40661 silly linkStuff @sinonjs/samsam@3.3.3 has D:\software\CodeLibrary\es-vue-project\node_modules as its parent node_modules
40662 silly build @sinonjs/formatio@3.2.2
40663 info linkStuff @sinonjs/formatio@3.2.2
40664 silly linkStuff @sinonjs/formatio@3.2.2 has D:\software\CodeLibrary\es-vue-project\node_modules\nise\node_modules as its parent node_modules
40665 silly build lolex@5.1.2
40666 info linkStuff lolex@5.1.2
40667 silly linkStuff lolex@5.1.2 has D:\software\CodeLibrary\es-vue-project\node_modules\nise\node_modules as its parent node_modules
40668 silly build nise@1.5.3
40669 info linkStuff nise@1.5.3
40670 silly linkStuff nise@1.5.3 has D:\software\CodeLibrary\es-vue-project\node_modules as its parent node_modules
40671 silly build deep-eql@4.1.3
40672 info linkStuff deep-eql@4.1.3
40673 silly linkStuff deep-eql@4.1.3 has D:\software\CodeLibrary\es-vue-project\node_modules as its parent node_modules
40674 silly build type-is@1.6.18
40675 info linkStuff type-is@1.6.18
40676 silly linkStuff type-is@1.6.18 has D:\software\CodeLibrary\es-vue-project\node_modules as its parent node_modules
40677 silly build typed-array-length@1.0.4
40678 info linkStuff typed-array-length@1.0.4
40679 silly linkStuff typed-array-length@1.0.4 has D:\software\CodeLibrary\es-vue-project\node_modules as its parent node_modules
40680 silly build typedarray@0.0.6
40681 info linkStuff typedarray@0.0.6
40682 silly linkStuff typedarray@0.0.6 has D:\software\CodeLibrary\es-vue-project\node_modules as its parent node_modules
40683 silly build commander@2.19.0
40684 info linkStuff commander@2.19.0
40685 silly linkStuff commander@2.19.0 has D:\software\CodeLibrary\es-vue-project\node_modules\uglify-js\node_modules as its parent node_modules
40686 silly build uglify-js@3.4.10
40687 info linkStuff uglify-js@3.4.10
40688 silly linkStuff uglify-js@3.4.10 has D:\software\CodeLibrary\es-vue-project\node_modules as its parent node_modules
40689 verbose linkBins [
40689 verbose linkBins   { uglifyjs: 'bin/uglifyjs' },
40689 verbose linkBins   'D:\\software\\CodeLibrary\\es-vue-project\\node_modules\\.bin',
40689 verbose linkBins   false
40689 verbose linkBins ]
40690 silly build handlebars@4.7.7
40691 info linkStuff handlebars@4.7.7
40692 silly linkStuff handlebars@4.7.7 has D:\software\CodeLibrary\es-vue-project\node_modules as its parent node_modules
40693 verbose linkBins [
40693 verbose linkBins   { handlebars: 'bin/handlebars' },
40693 verbose linkBins   'D:\\software\\CodeLibrary\\es-vue-project\\node_modules\\.bin',
40693 verbose linkBins   false
40693 verbose linkBins ]
40694 silly build uglify-to-browserify@1.0.2
40695 info linkStuff uglify-to-browserify@1.0.2
40696 silly linkStuff uglify-to-browserify@1.0.2 has D:\software\CodeLibrary\es-vue-project\node_modules as its parent node_modules
40697 silly build ajv-keywords@3.5.2
40698 info linkStuff ajv-keywords@3.5.2
40699 silly linkStuff ajv-keywords@3.5.2 has D:\software\CodeLibrary\es-vue-project\node_modules\uglifyjs-webpack-plugin\node_modules as its parent node_modules
40700 silly build commander@2.13.0
40701 info linkStuff commander@2.13.0
40702 silly linkStuff commander@2.13.0 has D:\software\CodeLibrary\es-vue-project\node_modules\uglifyjs-webpack-plugin\node_modules as its parent node_modules
40703 silly build fast-deep-equal@3.1.3
40704 info linkStuff fast-deep-equal@3.1.3
40705 silly linkStuff fast-deep-equal@3.1.3 has D:\software\CodeLibrary\es-vue-project\node_modules\uglifyjs-webpack-plugin\node_modules as its parent node_modules
40706 silly build json-schema-traverse@0.4.1
40707 info linkStuff json-schema-traverse@0.4.1
40708 silly linkStuff json-schema-traverse@0.4.1 has D:\software\CodeLibrary\es-vue-project\node_modules\uglifyjs-webpack-plugin\node_modules as its parent node_modules
40709 silly build uglify-es@3.3.9
40710 info linkStuff uglify-es@3.3.9
40711 silly linkStuff uglify-es@3.3.9 has D:\software\CodeLibrary\es-vue-project\node_modules\uglifyjs-webpack-plugin\node_modules as its parent node_modules
40712 verbose linkBins [
40712 verbose linkBins   { uglifyjs: 'bin/uglifyjs' },
40712 verbose linkBins   'D:\\software\\CodeLibrary\\es-vue-project\\node_modules\\uglifyjs-webpack-plugin\\node_modules\\.bin',
40712 verbose linkBins   false
40712 verbose linkBins ]
40713 silly build ultron@1.0.2
40714 info linkStuff ultron@1.0.2
40715 silly linkStuff ultron@1.0.2 has D:\software\CodeLibrary\es-vue-project\node_modules as its parent node_modules
40716 silly build union-value@1.0.1
40717 info linkStuff union-value@1.0.1
40718 silly linkStuff union-value@1.0.1 has D:\software\CodeLibrary\es-vue-project\node_modules as its parent node_modules
40719 silly build uniq@1.0.1
40720 info linkStuff uniq@1.0.1
40721 silly linkStuff uniq@1.0.1 has D:\software\CodeLibrary\es-vue-project\node_modules as its parent node_modules
40722 silly build postcss-selector-parser@3.1.2
40723 info linkStuff postcss-selector-parser@3.1.2
40724 silly linkStuff postcss-selector-parser@3.1.2 has D:\software\CodeLibrary\es-vue-project\node_modules\cssnano-preset-default\node_modules\postcss-merge-rules\node_modules as its parent node_modules
40725 silly build postcss-selector-parser@3.1.2
40726 info linkStuff postcss-selector-parser@3.1.2
40727 silly linkStuff postcss-selector-parser@3.1.2 has D:\software\CodeLibrary\es-vue-project\node_modules\cssnano-preset-default\node_modules\postcss-minify-selectors\node_modules as its parent node_modules
40728 silly build postcss-minify-selectors@4.0.2
40729 info linkStuff postcss-minify-selectors@4.0.2
40730 silly linkStuff postcss-minify-selectors@4.0.2 has D:\software\CodeLibrary\es-vue-project\node_modules\cssnano-preset-default\node_modules as its parent node_modules
40731 silly build postcss-selector-parser@2.2.3
40732 info linkStuff postcss-selector-parser@2.2.3
40733 silly linkStuff postcss-selector-parser@2.2.3 has D:\software\CodeLibrary\es-vue-project\node_modules as its parent node_modules
40734 silly build postcss-minify-selectors@2.1.1
40735 info linkStuff postcss-minify-selectors@2.1.1
40736 silly linkStuff postcss-minify-selectors@2.1.1 has D:\software\CodeLibrary\es-vue-project\node_modules as its parent node_modules
40737 silly build postcss-selector-parser@3.1.2
40738 info linkStuff postcss-selector-parser@3.1.2
40739 silly linkStuff postcss-selector-parser@3.1.2 has D:\software\CodeLibrary\es-vue-project\node_modules\stylehacks\node_modules as its parent node_modules
40740 silly build uniqs@2.0.0
40741 info linkStuff uniqs@2.0.0
40742 silly linkStuff uniqs@2.0.0 has D:\software\CodeLibrary\es-vue-project\node_modules as its parent node_modules
40743 silly build postcss-unique-selectors@4.0.1
40744 info linkStuff postcss-unique-selectors@4.0.1
40745 silly linkStuff postcss-unique-selectors@4.0.1 has D:\software\CodeLibrary\es-vue-project\node_modules\cssnano-preset-default\node_modules as its parent node_modules
40746 silly build postcss-discard-unused@2.2.3
40747 info linkStuff postcss-discard-unused@2.2.3
40748 silly linkStuff postcss-discard-unused@2.2.3 has D:\software\CodeLibrary\es-vue-project\node_modules as its parent node_modules
40749 silly build postcss-minify-params@1.2.2
40750 info linkStuff postcss-minify-params@1.2.2
40751 silly linkStuff postcss-minify-params@1.2.2 has D:\software\CodeLibrary\es-vue-project\node_modules as its parent node_modules
40752 silly build postcss-unique-selectors@2.0.2
40753 info linkStuff postcss-unique-selectors@2.0.2
40754 silly linkStuff postcss-unique-selectors@2.0.2 has D:\software\CodeLibrary\es-vue-project\node_modules as its parent node_modules
40755 silly build postcss-zindex@2.2.0
40756 info linkStuff postcss-zindex@2.2.0
40757 silly linkStuff postcss-zindex@2.2.0 has D:\software\CodeLibrary\es-vue-project\node_modules as its parent node_modules
40758 silly build unique-slug@2.0.2
40759 info linkStuff unique-slug@2.0.2
40760 silly linkStuff unique-slug@2.0.2 has D:\software\CodeLibrary\es-vue-project\node_modules as its parent node_modules
40761 silly build unique-filename@1.1.1
40762 info linkStuff unique-filename@1.1.1
40763 silly linkStuff unique-filename@1.1.1 has D:\software\CodeLibrary\es-vue-project\node_modules as its parent node_modules
40764 silly build unpipe@1.0.0
40765 info linkStuff unpipe@1.0.0
40766 silly linkStuff unpipe@1.0.0 has D:\software\CodeLibrary\es-vue-project\node_modules as its parent node_modules
40767 silly build finalhandler@1.2.0
40768 info linkStuff finalhandler@1.2.0
40769 silly linkStuff finalhandler@1.2.0 has D:\software\CodeLibrary\es-vue-project\node_modules\express\node_modules as its parent node_modules
40770 silly build raw-body@2.5.1
40771 info linkStuff raw-body@2.5.1
40772 silly linkStuff raw-body@2.5.1 has D:\software\CodeLibrary\es-vue-project\node_modules\express\node_modules as its parent node_modules
40773 silly build body-parser@1.20.1
40774 info linkStuff body-parser@1.20.1
40775 silly linkStuff body-parser@1.20.1 has D:\software\CodeLibrary\es-vue-project\node_modules\express\node_modules as its parent node_modules
40776 silly build finalhandler@1.1.2
40777 info linkStuff finalhandler@1.1.2
40778 silly linkStuff finalhandler@1.1.2 has D:\software\CodeLibrary\es-vue-project\node_modules as its parent node_modules
40779 silly build raw-body@2.5.2
40780 info linkStuff raw-body@2.5.2
40781 silly linkStuff raw-body@2.5.2 has D:\software\CodeLibrary\es-vue-project\node_modules as its parent node_modules
40782 silly build body-parser@1.20.2
40783 info linkStuff body-parser@1.20.2
40784 silly linkStuff body-parser@1.20.2 has D:\software\CodeLibrary\es-vue-project\node_modules as its parent node_modules
40785 silly build unquote@1.1.1
40786 info linkStuff unquote@1.1.1
40787 silly linkStuff unquote@1.1.1 has D:\software\CodeLibrary\es-vue-project\node_modules as its parent node_modules
40788 silly build isobject@2.1.0
40789 info linkStuff isobject@2.1.0
40790 silly linkStuff isobject@2.1.0 has D:\software\CodeLibrary\es-vue-project\node_modules\unset-value\node_modules\has-value\node_modules as its parent node_modules
40791 silly build has-values@0.1.4
40792 info linkStuff has-values@0.1.4
40793 silly linkStuff has-values@0.1.4 has D:\software\CodeLibrary\es-vue-project\node_modules\unset-value\node_modules as its parent node_modules
40794 silly build has-value@0.3.1
40795 info linkStuff has-value@0.3.1
40796 silly linkStuff has-value@0.3.1 has D:\software\CodeLibrary\es-vue-project\node_modules\unset-value\node_modules as its parent node_modules
40797 silly build isobject@3.0.1
40798 info linkStuff isobject@3.0.1
40799 silly linkStuff isobject@3.0.1 has D:\software\CodeLibrary\es-vue-project\node_modules\unset-value\node_modules as its parent node_modules
40800 silly build unset-value@1.0.0
40801 info linkStuff unset-value@1.0.0
40802 silly linkStuff unset-value@1.0.0 has D:\software\CodeLibrary\es-vue-project\node_modules as its parent node_modules
40803 silly build cache-base@1.0.1
40804 info linkStuff cache-base@1.0.1
40805 silly linkStuff cache-base@1.0.1 has D:\software\CodeLibrary\es-vue-project\node_modules as its parent node_modules
40806 silly build base@0.11.2
40807 info linkStuff base@0.11.2
40808 silly linkStuff base@0.11.2 has D:\software\CodeLibrary\es-vue-project\node_modules as its parent node_modules
40809 silly build upath@1.2.0
40810 info linkStuff upath@1.2.0
40811 silly linkStuff upath@1.2.0 has D:\software\CodeLibrary\es-vue-project\node_modules as its parent node_modules
40812 silly build update-browserslist-db@1.0.11
40813 info linkStuff update-browserslist-db@1.0.11
40814 silly linkStuff update-browserslist-db@1.0.11 has D:\software\CodeLibrary\es-vue-project\node_modules as its parent node_modules
40815 verbose linkBins [
40815 verbose linkBins   { 'update-browserslist-db': 'cli.js' },
40815 verbose linkBins   'D:\\software\\CodeLibrary\\es-vue-project\\node_modules\\.bin',
40815 verbose linkBins   false
40815 verbose linkBins ]
40816 silly build browserslist@4.21.5
40817 info linkStuff browserslist@4.21.5
40818 silly linkStuff browserslist@4.21.5 has D:\software\CodeLibrary\es-vue-project\node_modules\cssnano-preset-default\node_modules as its parent node_modules
40819 verbose linkBins [
40819 verbose linkBins   { browserslist: 'cli.js' },
40819 verbose linkBins   'D:\\software\\CodeLibrary\\es-vue-project\\node_modules\\cssnano-preset-default\\node_modules\\.bin',
40819 verbose linkBins   false
40819 verbose linkBins ]
40820 silly build caniuse-api@3.0.0
40821 info linkStuff caniuse-api@3.0.0
40822 silly linkStuff caniuse-api@3.0.0 has D:\software\CodeLibrary\es-vue-project\node_modules\cssnano-preset-default\node_modules as its parent node_modules
40823 silly build postcss-colormin@4.0.3
40824 info linkStuff postcss-colormin@4.0.3
40825 silly linkStuff postcss-colormin@4.0.3 has D:\software\CodeLibrary\es-vue-project\node_modules\cssnano-preset-default\node_modules as its parent node_modules
40826 silly build postcss-minify-params@4.0.2
40827 info linkStuff postcss-minify-params@4.0.2
40828 silly linkStuff postcss-minify-params@4.0.2 has D:\software\CodeLibrary\es-vue-project\node_modules\cssnano-preset-default\node_modules as its parent node_modules
40829 silly build postcss-reduce-initial@4.0.3
40830 info linkStuff postcss-reduce-initial@4.0.3
40831 silly linkStuff postcss-reduce-initial@4.0.3 has D:\software\CodeLibrary\es-vue-project\node_modules\cssnano-preset-default\node_modules as its parent node_modules
40832 silly build browserslist@4.21.5
40833 info linkStuff browserslist@4.21.5
40834 silly linkStuff browserslist@4.21.5 has D:\software\CodeLibrary\es-vue-project\node_modules\postcss-normalize-unicode\node_modules as its parent node_modules
40835 verbose linkBins [
40835 verbose linkBins   { browserslist: 'cli.js' },
40835 verbose linkBins   'D:\\software\\CodeLibrary\\es-vue-project\\node_modules\\postcss-normalize-unicode\\node_modules\\.bin',
40835 verbose linkBins   false
40835 verbose linkBins ]
40836 silly build postcss-normalize-unicode@4.0.1
40837 info linkStuff postcss-normalize-unicode@4.0.1
40838 silly linkStuff postcss-normalize-unicode@4.0.1 has D:\software\CodeLibrary\es-vue-project\node_modules as its parent node_modules
40839 silly build browserslist@4.21.5
40840 info linkStuff browserslist@4.21.5
40841 silly linkStuff browserslist@4.21.5 has D:\software\CodeLibrary\es-vue-project\node_modules\stylehacks\node_modules as its parent node_modules
40842 verbose linkBins [
40842 verbose linkBins   { browserslist: 'cli.js' },
40842 verbose linkBins   'D:\\software\\CodeLibrary\\es-vue-project\\node_modules\\stylehacks\\node_modules\\.bin',
40842 verbose linkBins   false
40842 verbose linkBins ]
40843 silly build stylehacks@4.0.3
40844 info linkStuff stylehacks@4.0.3
40845 silly linkStuff stylehacks@4.0.3 has D:\software\CodeLibrary\es-vue-project\node_modules as its parent node_modules
40846 silly build postcss-merge-longhand@4.0.11
40847 info linkStuff postcss-merge-longhand@4.0.11
40848 silly linkStuff postcss-merge-longhand@4.0.11 has D:\software\CodeLibrary\es-vue-project\node_modules\cssnano-preset-default\node_modules as its parent node_modules
40849 silly build upper-case@1.1.3
40850 info linkStuff upper-case@1.1.3
40851 silly linkStuff upper-case@1.1.3 has D:\software\CodeLibrary\es-vue-project\node_modules as its parent node_modules
40852 silly build camel-case@3.0.0
40853 info linkStuff camel-case@3.0.0
40854 silly linkStuff camel-case@3.0.0 has D:\software\CodeLibrary\es-vue-project\node_modules as its parent node_modules
40855 silly build html-minifier@3.5.21
40856 info linkStuff html-minifier@3.5.21
40857 silly linkStuff html-minifier@3.5.21 has D:\software\CodeLibrary\es-vue-project\node_modules as its parent node_modules
40858 verbose linkBins [
40858 verbose linkBins   { 'html-minifier': 'cli.js' },
40858 verbose linkBins   'D:\\software\\CodeLibrary\\es-vue-project\\node_modules\\.bin',
40858 verbose linkBins   false
40858 verbose linkBins ]
40859 silly build uri-js@4.4.1
40860 info linkStuff uri-js@4.4.1
40861 silly linkStuff uri-js@4.4.1 has D:\software\CodeLibrary\es-vue-project\node_modules as its parent node_modules
40862 silly build ajv@6.12.6
40863 info linkStuff ajv@6.12.6
40864 silly linkStuff ajv@6.12.6 has D:\software\CodeLibrary\es-vue-project\node_modules\file-loader\node_modules as its parent node_modules
40865 silly build schema-utils@0.4.7
40866 info linkStuff schema-utils@0.4.7
40867 silly linkStuff schema-utils@0.4.7 has D:\software\CodeLibrary\es-vue-project\node_modules\file-loader\node_modules as its parent node_modules
40868 silly build ajv@6.12.6
40869 info linkStuff ajv@6.12.6
40870 silly linkStuff ajv@6.12.6 has D:\software\CodeLibrary\es-vue-project\node_modules\har-validator\node_modules as its parent node_modules
40871 silly build har-validator@5.1.5
40872 info linkStuff har-validator@5.1.5
40873 silly linkStuff har-validator@5.1.5 has D:\software\CodeLibrary\es-vue-project\node_modules as its parent node_modules
40874 silly build ajv@6.12.6
40875 info linkStuff ajv@6.12.6
40876 silly linkStuff ajv@6.12.6 has D:\software\CodeLibrary\es-vue-project\node_modules\postcss-loader\node_modules as its parent node_modules
40877 silly build schema-utils@0.4.7
40878 info linkStuff schema-utils@0.4.7
40879 silly linkStuff schema-utils@0.4.7 has D:\software\CodeLibrary\es-vue-project\node_modules\postcss-loader\node_modules as its parent node_modules
40880 silly build ajv@6.12.6
40881 info linkStuff ajv@6.12.6
40882 silly linkStuff ajv@6.12.6 has D:\software\CodeLibrary\es-vue-project\node_modules\uglifyjs-webpack-plugin\node_modules as its parent node_modules
40883 silly build schema-utils@0.4.7
40884 info linkStuff schema-utils@0.4.7
40885 silly linkStuff schema-utils@0.4.7 has D:\software\CodeLibrary\es-vue-project\node_modules\uglifyjs-webpack-plugin\node_modules as its parent node_modules
40886 silly build urix@0.1.0
40887 info linkStuff urix@0.1.0
40888 silly linkStuff urix@0.1.0 has D:\software\CodeLibrary\es-vue-project\node_modules as its parent node_modules
40889 silly build source-map-resolve@0.5.3
40890 info linkStuff source-map-resolve@0.5.3
40891 silly linkStuff source-map-resolve@0.5.3 has D:\software\CodeLibrary\es-vue-project\node_modules as its parent node_modules
40892 silly build mime@1.3.6
40893 info linkStuff mime@1.3.6
40894 silly linkStuff mime@1.3.6 has D:\software\CodeLibrary\es-vue-project\node_modules\url-loader\node_modules as its parent node_modules
40895 verbose linkBins [
40895 verbose linkBins   { mime: 'cli.js' },
40895 verbose linkBins   'D:\\software\\CodeLibrary\\es-vue-project\\node_modules\\url-loader\\node_modules\\.bin',
40895 verbose linkBins   false
40895 verbose linkBins ]
40896 silly build url-parse@1.5.10
40897 info linkStuff url-parse@1.5.10
40898 silly linkStuff url-parse@1.5.10 has D:\software\CodeLibrary\es-vue-project\node_modules as its parent node_modules
40899 silly build original@1.0.2
40900 info linkStuff original@1.0.2
40901 silly linkStuff original@1.0.2 has D:\software\CodeLibrary\es-vue-project\node_modules as its parent node_modules
40902 silly build eventsource@0.1.6
40903 info linkStuff eventsource@0.1.6
40904 silly linkStuff eventsource@0.1.6 has D:\software\CodeLibrary\es-vue-project\node_modules as its parent node_modules
40905 silly build punycode@1.3.2
40906 info linkStuff punycode@1.3.2
40907 silly linkStuff punycode@1.3.2 has D:\software\CodeLibrary\es-vue-project\node_modules\url\node_modules as its parent node_modules
40908 silly build url@0.11.0
40909 info linkStuff url@0.11.0
40910 silly linkStuff url@0.11.0 has D:\software\CodeLibrary\es-vue-project\node_modules as its parent node_modules
40911 silly build use@3.1.1
40912 info linkStuff use@3.1.1
40913 silly linkStuff use@3.1.1 has D:\software\CodeLibrary\es-vue-project\node_modules as its parent node_modules
40914 silly build snapdragon@0.8.2
40915 info linkStuff snapdragon@0.8.2
40916 silly linkStuff snapdragon@0.8.2 has D:\software\CodeLibrary\es-vue-project\node_modules as its parent node_modules
40917 silly build braces@2.3.2
40918 info linkStuff braces@2.3.2
40919 silly linkStuff braces@2.3.2 has D:\software\CodeLibrary\es-vue-project\node_modules\http-proxy-middleware\node_modules as its parent node_modules
40920 silly build expand-brackets@2.1.4
40921 info linkStuff expand-brackets@2.1.4
40922 silly linkStuff expand-brackets@2.1.4 has D:\software\CodeLibrary\es-vue-project\node_modules\http-proxy-middleware\node_modules as its parent node_modules
40923 silly build extglob@2.0.4
40924 info linkStuff extglob@2.0.4
40925 silly linkStuff extglob@2.0.4 has D:\software\CodeLibrary\es-vue-project\node_modules\http-proxy-middleware\node_modules as its parent node_modules
40926 silly build nanomatch@1.2.13
40927 info linkStuff nanomatch@1.2.13
40928 silly linkStuff nanomatch@1.2.13 has D:\software\CodeLibrary\es-vue-project\node_modules as its parent node_modules
40929 silly build micromatch@3.1.10
40930 info linkStuff micromatch@3.1.10
40931 silly linkStuff micromatch@3.1.10 has D:\software\CodeLibrary\es-vue-project\node_modules\http-proxy-middleware\node_modules as its parent node_modules
40932 silly build http-proxy-middleware@0.19.2
40933 info linkStuff http-proxy-middleware@0.19.2
40934 silly linkStuff http-proxy-middleware@0.19.2 has D:\software\CodeLibrary\es-vue-project\node_modules as its parent node_modules
40935 silly build braces@2.3.2
40936 info linkStuff braces@2.3.2
40937 silly linkStuff braces@2.3.2 has D:\software\CodeLibrary\es-vue-project\node_modules\readdirp\node_modules as its parent node_modules
40938 silly build expand-brackets@2.1.4
40939 info linkStuff expand-brackets@2.1.4
40940 silly linkStuff expand-brackets@2.1.4 has D:\software\CodeLibrary\es-vue-project\node_modules\readdirp\node_modules as its parent node_modules
40941 silly build extglob@2.0.4
40942 info linkStuff extglob@2.0.4
40943 silly linkStuff extglob@2.0.4 has D:\software\CodeLibrary\es-vue-project\node_modules\readdirp\node_modules as its parent node_modules
40944 silly build micromatch@3.1.10
40945 info linkStuff micromatch@3.1.10
40946 silly linkStuff micromatch@3.1.10 has D:\software\CodeLibrary\es-vue-project\node_modules\readdirp\node_modules as its parent node_modules
40947 silly build util-deprecate@1.0.2
40948 info linkStuff util-deprecate@1.0.2
40949 silly linkStuff util-deprecate@1.0.2 has D:\software\CodeLibrary\es-vue-project\node_modules as its parent node_modules
40950 silly build readable-stream@3.6.2
40951 info linkStuff readable-stream@3.6.2
40952 silly linkStuff readable-stream@3.6.2 has D:\software\CodeLibrary\es-vue-project\node_modules\browserify-sign\node_modules as its parent node_modules
40953 silly build postcss-selector-parser@6.0.11
40954 info linkStuff postcss-selector-parser@6.0.11
40955 silly linkStuff postcss-selector-parser@6.0.11 has D:\software\CodeLibrary\es-vue-project\node_modules\cssnano-preset-default\node_modules as its parent node_modules
40956 silly build postcss-calc@7.0.5
40957 info linkStuff postcss-calc@7.0.5
40958 silly linkStuff postcss-calc@7.0.5 has D:\software\CodeLibrary\es-vue-project\node_modules\cssnano-preset-default\node_modules as its parent node_modules
40959 silly build readable-stream@3.6.2
40960 info linkStuff readable-stream@3.6.2
40961 silly linkStuff readable-stream@3.6.2 has D:\software\CodeLibrary\es-vue-project\node_modules\hash-base\node_modules as its parent node_modules
40962 silly build hash-base@3.1.0
40963 info linkStuff hash-base@3.1.0
40964 silly linkStuff hash-base@3.1.0 has D:\software\CodeLibrary\es-vue-project\node_modules as its parent node_modules
40965 silly build md5.js@1.3.5
40966 info linkStuff md5.js@1.3.5
40967 silly linkStuff md5.js@1.3.5 has D:\software\CodeLibrary\es-vue-project\node_modules as its parent node_modules
40968 silly build evp_bytestokey@1.0.3
40969 info linkStuff evp_bytestokey@1.0.3
40970 silly linkStuff evp_bytestokey@1.0.3 has D:\software\CodeLibrary\es-vue-project\node_modules as its parent node_modules
40971 silly build ripemd160@2.0.2
40972 info linkStuff ripemd160@2.0.2
40973 silly linkStuff ripemd160@2.0.2 has D:\software\CodeLibrary\es-vue-project\node_modules as its parent node_modules
40974 silly build create-hash@1.2.0
40975 info linkStuff create-hash@1.2.0
40976 silly linkStuff create-hash@1.2.0 has D:\software\CodeLibrary\es-vue-project\node_modules as its parent node_modules
40977 silly build browserify-aes@1.2.0
40978 info linkStuff browserify-aes@1.2.0
40979 silly linkStuff browserify-aes@1.2.0 has D:\software\CodeLibrary\es-vue-project\node_modules as its parent node_modules
40980 silly build browserify-cipher@1.0.1
40981 info linkStuff browserify-cipher@1.0.1
40982 silly linkStuff browserify-cipher@1.0.1 has D:\software\CodeLibrary\es-vue-project\node_modules as its parent node_modules
40983 silly build create-hmac@1.1.7
40984 info linkStuff create-hmac@1.1.7
40985 silly linkStuff create-hmac@1.1.7 has D:\software\CodeLibrary\es-vue-project\node_modules as its parent node_modules
40986 silly build pbkdf2@3.1.2
40987 info linkStuff pbkdf2@3.1.2
40988 silly linkStuff pbkdf2@3.1.2 has D:\software\CodeLibrary\es-vue-project\node_modules as its parent node_modules
40989 silly build parse-asn1@5.1.6
40990 info linkStuff parse-asn1@5.1.6
40991 silly linkStuff parse-asn1@5.1.6 has D:\software\CodeLibrary\es-vue-project\node_modules as its parent node_modules
40992 silly build browserify-sign@4.2.1
40993 info linkStuff browserify-sign@4.2.1
40994 silly linkStuff browserify-sign@4.2.1 has D:\software\CodeLibrary\es-vue-project\node_modules as its parent node_modules
40995 silly build public-encrypt@4.0.3
40996 info linkStuff public-encrypt@4.0.3
40997 silly linkStuff public-encrypt@4.0.3 has D:\software\CodeLibrary\es-vue-project\node_modules as its parent node_modules
40998 silly build crypto-browserify@3.12.0
40999 info linkStuff crypto-browserify@3.12.0
41000 silly linkStuff crypto-browserify@3.12.0 has D:\software\CodeLibrary\es-vue-project\node_modules as its parent node_modules
41001 silly build readable-stream@2.3.8
41002 info linkStuff readable-stream@2.3.8
41003 silly linkStuff readable-stream@2.3.8 has D:\software\CodeLibrary\es-vue-project\node_modules as its parent node_modules
41004 silly build concat-stream@1.6.2
41005 info linkStuff concat-stream@1.6.2
41006 silly linkStuff concat-stream@1.6.2 has D:\software\CodeLibrary\es-vue-project\node_modules as its parent node_modules
41007 silly build flush-write-stream@1.1.1
41008 info linkStuff flush-write-stream@1.1.1
41009 silly linkStuff flush-write-stream@1.1.1 has D:\software\CodeLibrary\es-vue-project\node_modules as its parent node_modules
41010 silly build from2@2.3.0
41011 info linkStuff from2@2.3.0
41012 silly linkStuff from2@2.3.0 has D:\software\CodeLibrary\es-vue-project\node_modules as its parent node_modules
41013 silly build fs-write-stream-atomic@1.0.10
41014 info linkStuff fs-write-stream-atomic@1.0.10
41015 silly linkStuff fs-write-stream-atomic@1.0.10 has D:\software\CodeLibrary\es-vue-project\node_modules as its parent node_modules
41016 silly build memory-fs@0.4.1
41017 info linkStuff memory-fs@0.4.1
41018 silly linkStuff memory-fs@0.4.1 has D:\software\CodeLibrary\es-vue-project\node_modules as its parent node_modules
41019 silly build enhanced-resolve@3.4.1
41020 info linkStuff enhanced-resolve@3.4.1
41021 silly linkStuff enhanced-resolve@3.4.1 has D:\software\CodeLibrary\es-vue-project\node_modules as its parent node_modules
41022 silly build parallel-transform@1.2.0
41023 info linkStuff parallel-transform@1.2.0
41024 silly linkStuff parallel-transform@1.2.0 has D:\software\CodeLibrary\es-vue-project\node_modules as its parent node_modules
41025 silly build readdirp@2.2.1
41026 info linkStuff readdirp@2.2.1
41027 silly linkStuff readdirp@2.2.1 has D:\software\CodeLibrary\es-vue-project\node_modules as its parent node_modules
41028 silly build chokidar@1.7.0
41029 info linkStuff chokidar@1.7.0
41030 silly linkStuff chokidar@1.7.0 has D:\software\CodeLibrary\es-vue-project\node_modules as its parent node_modules
41031 silly build stream-browserify@2.0.2
41032 info linkStuff stream-browserify@2.0.2
41033 silly linkStuff stream-browserify@2.0.2 has D:\software\CodeLibrary\es-vue-project\node_modules as its parent node_modules
41034 silly build readable-stream@3.6.2
41035 info linkStuff readable-stream@3.6.2
41036 silly linkStuff readable-stream@3.6.2 has D:\software\CodeLibrary\es-vue-project\node_modules\spdy-transport\node_modules as its parent node_modules
41037 silly build inherits@2.0.3
41038 info linkStuff inherits@2.0.3
41039 silly linkStuff inherits@2.0.3 has D:\software\CodeLibrary\es-vue-project\node_modules\util\node_modules as its parent node_modules
41040 silly build util@0.11.1
41041 info linkStuff util@0.11.1
41042 silly linkStuff util@0.11.1 has D:\software\CodeLibrary\es-vue-project\node_modules as its parent node_modules
41043 silly build utila@0.4.0
41044 info linkStuff utila@0.4.0
41045 silly linkStuff utila@0.4.0 has D:\software\CodeLibrary\es-vue-project\node_modules as its parent node_modules
41046 silly build dom-converter@0.2.0
41047 info linkStuff dom-converter@0.2.0
41048 silly linkStuff dom-converter@0.2.0 has D:\software\CodeLibrary\es-vue-project\node_modules as its parent node_modules
41049 silly build renderkid@2.0.7
41050 info linkStuff renderkid@2.0.7
41051 silly linkStuff renderkid@2.0.7 has D:\software\CodeLibrary\es-vue-project\node_modules as its parent node_modules
41052 silly build pretty-error@2.1.2
41053 info linkStuff pretty-error@2.1.2
41054 silly linkStuff pretty-error@2.1.2 has D:\software\CodeLibrary\es-vue-project\node_modules as its parent node_modules
41055 silly build utils-merge@1.0.1
41056 info linkStuff utils-merge@1.0.1
41057 silly linkStuff utils-merge@1.0.1 has D:\software\CodeLibrary\es-vue-project\node_modules as its parent node_modules
41058 silly build connect@3.7.0
41059 info linkStuff connect@3.7.0
41060 silly linkStuff connect@3.7.0 has D:\software\CodeLibrary\es-vue-project\node_modules as its parent node_modules
41061 silly build uuid@3.4.0
41062 info linkStuff uuid@3.4.0
41063 silly linkStuff uuid@3.4.0 has D:\software\CodeLibrary\es-vue-project\node_modules as its parent node_modules
41064 verbose linkBins [
41064 verbose linkBins   { uuid: 'bin/uuid' },
41064 verbose linkBins   'D:\\software\\CodeLibrary\\es-vue-project\\node_modules\\.bin',
41064 verbose linkBins   false
41064 verbose linkBins ]
41065 silly build validate-npm-package-license@3.0.4
41066 info linkStuff validate-npm-package-license@3.0.4
41067 silly linkStuff validate-npm-package-license@3.0.4 has D:\software\CodeLibrary\es-vue-project\node_modules as its parent node_modules
41068 silly build normalize-package-data@2.5.0
41069 info linkStuff normalize-package-data@2.5.0
41070 silly linkStuff normalize-package-data@2.5.0 has D:\software\CodeLibrary\es-vue-project\node_modules as its parent node_modules
41071 silly build read-pkg@1.1.0
41072 info linkStuff read-pkg@1.1.0
41073 silly linkStuff read-pkg@1.1.0 has D:\software\CodeLibrary\es-vue-project\node_modules as its parent node_modules
41074 silly build read-pkg-up@1.0.1
41075 info linkStuff read-pkg-up@1.0.1
41076 silly linkStuff read-pkg-up@1.0.1 has D:\software\CodeLibrary\es-vue-project\node_modules as its parent node_modules
41077 silly build meow@3.7.0
41078 info linkStuff meow@3.7.0
41079 silly linkStuff meow@3.7.0 has D:\software\CodeLibrary\es-vue-project\node_modules as its parent node_modules
41080 silly build dateformat@1.0.12
41081 info linkStuff dateformat@1.0.12
41082 silly linkStuff dateformat@1.0.12 has D:\software\CodeLibrary\es-vue-project\node_modules as its parent node_modules
41083 verbose linkBins [
41083 verbose linkBins   { dateformat: 'bin/cli.js' },
41083 verbose linkBins   'D:\\software\\CodeLibrary\\es-vue-project\\node_modules\\.bin',
41083 verbose linkBins   false
41083 verbose linkBins ]
41084 silly build internal-ip@1.2.0
41085 info linkStuff internal-ip@1.2.0
41086 silly linkStuff internal-ip@1.2.0 has D:\software\CodeLibrary\es-vue-project\node_modules as its parent node_modules
41087 verbose linkBins [
41087 verbose linkBins   { 'internal-ip': 'cli.js' },
41087 verbose linkBins   'D:\\software\\CodeLibrary\\es-vue-project\\node_modules\\.bin',
41087 verbose linkBins   false
41087 verbose linkBins ]
41088 silly build test-exclude@4.2.3
41089 info linkStuff test-exclude@4.2.3
41090 silly linkStuff test-exclude@4.2.3 has D:\software\CodeLibrary\es-vue-project\node_modules as its parent node_modules
41091 silly build vary@1.1.2
41092 info linkStuff vary@1.1.2
41093 silly linkStuff vary@1.1.2 has D:\software\CodeLibrary\es-vue-project\node_modules as its parent node_modules
41094 silly build compression@1.7.4
41095 info linkStuff compression@1.7.4
41096 silly linkStuff compression@1.7.4 has D:\software\CodeLibrary\es-vue-project\node_modules as its parent node_modules
41097 silly build express@4.18.2
41098 info linkStuff express@4.18.2
41099 silly linkStuff express@4.18.2 has D:\software\CodeLibrary\es-vue-project\node_modules as its parent node_modules
41100 silly build vendors@1.0.4
41101 info linkStuff vendors@1.0.4
41102 silly linkStuff vendors@1.0.4 has D:\software\CodeLibrary\es-vue-project\node_modules as its parent node_modules
41103 silly build postcss-merge-rules@4.0.3
41104 info linkStuff postcss-merge-rules@4.0.3
41105 silly linkStuff postcss-merge-rules@4.0.3 has D:\software\CodeLibrary\es-vue-project\node_modules\cssnano-preset-default\node_modules as its parent node_modules
41106 silly build postcss-merge-rules@2.1.2
41107 info linkStuff postcss-merge-rules@2.1.2
41108 silly linkStuff postcss-merge-rules@2.1.2 has D:\software\CodeLibrary\es-vue-project\node_modules as its parent node_modules
41109 silly build core-util-is@1.0.2
41110 info linkStuff core-util-is@1.0.2
41111 silly linkStuff core-util-is@1.0.2 has D:\software\CodeLibrary\es-vue-project\node_modules\verror\node_modules as its parent node_modules
41112 silly build verror@1.10.0
41113 info linkStuff verror@1.10.0
41114 silly linkStuff verror@1.10.0 has D:\software\CodeLibrary\es-vue-project\node_modules as its parent node_modules
41115 silly build jsprim@1.4.2
41116 info linkStuff jsprim@1.4.2
41117 silly linkStuff jsprim@1.4.2 has D:\software\CodeLibrary\es-vue-project\node_modules as its parent node_modules
41118 silly build http-signature@1.2.0
41119 info linkStuff http-signature@1.2.0
41120 silly linkStuff http-signature@1.2.0 has D:\software\CodeLibrary\es-vue-project\node_modules as its parent node_modules
41121 silly build request@2.88.2
41122 info linkStuff request@2.88.2
41123 silly linkStuff request@2.88.2 has D:\software\CodeLibrary\es-vue-project\node_modules as its parent node_modules
41124 silly build vm-browserify@1.1.2
41125 info linkStuff vm-browserify@1.1.2
41126 silly linkStuff vm-browserify@1.1.2 has D:\software\CodeLibrary\es-vue-project\node_modules as its parent node_modules
41127 silly build void-elements@2.0.1
41128 info linkStuff void-elements@2.0.1
41129 silly linkStuff void-elements@2.0.1 has D:\software\CodeLibrary\es-vue-project\node_modules as its parent node_modules
41130 silly build dom-serialize@2.2.1
41131 info linkStuff dom-serialize@2.2.1
41132 silly linkStuff dom-serialize@2.2.1 has D:\software\CodeLibrary\es-vue-project\node_modules as its parent node_modules
41133 silly build ms@2.1.3
41134 info linkStuff ms@2.1.3
41135 silly linkStuff ms@2.1.3 has D:\software\CodeLibrary\es-vue-project\node_modules\vue-eslint-parser\node_modules as its parent node_modules
41136 silly build debug@3.2.7
41137 info linkStuff debug@3.2.7
41138 silly linkStuff debug@3.2.7 has D:\software\CodeLibrary\es-vue-project\node_modules\vue-eslint-parser\node_modules as its parent node_modules
41139 silly build vue-eslint-parser@2.0.3
41140 info linkStuff vue-eslint-parser@2.0.3
41141 silly linkStuff vue-eslint-parser@2.0.3 has D:\software\CodeLibrary\es-vue-project\node_modules as its parent node_modules
41142 silly build vue-hot-reload-api@2.3.4
41143 info linkStuff vue-hot-reload-api@2.3.4
41144 silly linkStuff vue-hot-reload-api@2.3.4 has D:\software\CodeLibrary\es-vue-project\node_modules as its parent node_modules
41145 silly build cosmiconfig@2.2.2
41146 info linkStuff cosmiconfig@2.2.2
41147 silly linkStuff cosmiconfig@2.2.2 has D:\software\CodeLibrary\es-vue-project\node_modules\vue-loader\node_modules as its parent node_modules
41148 silly build postcss@6.0.23
41149 info linkStuff postcss@6.0.23
41150 silly linkStuff postcss@6.0.23 has D:\software\CodeLibrary\es-vue-project\node_modules\vue-loader\node_modules as its parent node_modules
41151 silly build postcss-load-config@1.2.0
41152 info linkStuff postcss-load-config@1.2.0
41153 silly linkStuff postcss-load-config@1.2.0 has D:\software\CodeLibrary\es-vue-project\node_modules\vue-loader\node_modules as its parent node_modules
41154 silly build vue-style-loader@3.1.2
41155 info linkStuff vue-style-loader@3.1.2
41156 silly linkStuff vue-style-loader@3.1.2 has D:\software\CodeLibrary\es-vue-project\node_modules as its parent node_modules
41157 silly build vue-template-es2015-compiler@1.9.1
41158 info linkStuff vue-template-es2015-compiler@1.9.1
41159 silly linkStuff vue-template-es2015-compiler@1.9.1 has D:\software\CodeLibrary\es-vue-project\node_modules as its parent node_modules
41160 silly build normalize-path@2.1.1
41161 info linkStuff normalize-path@2.1.1
41162 silly linkStuff normalize-path@2.1.1 has D:\software\CodeLibrary\es-vue-project\node_modules\watchpack-chokidar2\node_modules\anymatch\node_modules as its parent node_modules
41163 silly build arr-diff@4.0.0
41164 info linkStuff arr-diff@4.0.0
41165 silly linkStuff arr-diff@4.0.0 has D:\software\CodeLibrary\es-vue-project\node_modules\watchpack-chokidar2\node_modules as its parent node_modules
41166 silly build array-unique@0.3.2
41167 info linkStuff array-unique@0.3.2
41168 silly linkStuff array-unique@0.3.2 has D:\software\CodeLibrary\es-vue-project\node_modules\watchpack-chokidar2\node_modules as its parent node_modules
41169 silly build extend-shallow@2.0.1
41170 info linkStuff extend-shallow@2.0.1
41171 silly linkStuff extend-shallow@2.0.1 has D:\software\CodeLibrary\es-vue-project\node_modules\watchpack-chokidar2\node_modules\braces\node_modules as its parent node_modules
41172 silly build extend-shallow@2.0.1
41173 info linkStuff extend-shallow@2.0.1
41174 silly linkStuff extend-shallow@2.0.1 has D:\software\CodeLibrary\es-vue-project\node_modules\watchpack-chokidar2\node_modules\expand-brackets\node_modules as its parent node_modules
41175 silly build kind-of@3.2.2
41176 info linkStuff kind-of@3.2.2
41177 silly linkStuff kind-of@3.2.2 has D:\software\CodeLibrary\es-vue-project\node_modules\watchpack-chokidar2\node_modules\expand-brackets\node_modules\is-accessor-descriptor\node_modules as its parent node_modules
41178 silly build is-accessor-descriptor@0.1.6
41179 info linkStuff is-accessor-descriptor@0.1.6
41180 silly linkStuff is-accessor-descriptor@0.1.6 has D:\software\CodeLibrary\es-vue-project\node_modules\watchpack-chokidar2\node_modules\expand-brackets\node_modules as its parent node_modules
41181 silly build kind-of@3.2.2
41182 info linkStuff kind-of@3.2.2
41183 silly linkStuff kind-of@3.2.2 has D:\software\CodeLibrary\es-vue-project\node_modules\watchpack-chokidar2\node_modules\expand-brackets\node_modules\is-data-descriptor\node_modules as its parent node_modules
41184 silly build is-data-descriptor@0.1.4
41185 info linkStuff is-data-descriptor@0.1.4
41186 silly linkStuff is-data-descriptor@0.1.4 has D:\software\CodeLibrary\es-vue-project\node_modules\watchpack-chokidar2\node_modules\expand-brackets\node_modules as its parent node_modules
41187 silly build kind-of@5.1.0
41188 info linkStuff kind-of@5.1.0
41189 silly linkStuff kind-of@5.1.0 has D:\software\CodeLibrary\es-vue-project\node_modules\watchpack-chokidar2\node_modules\expand-brackets\node_modules as its parent node_modules
41190 silly build is-descriptor@0.1.6
41191 info linkStuff is-descriptor@0.1.6
41192 silly linkStuff is-descriptor@0.1.6 has D:\software\CodeLibrary\es-vue-project\node_modules\watchpack-chokidar2\node_modules\expand-brackets\node_modules as its parent node_modules
41193 silly build define-property@0.2.5
41194 info linkStuff define-property@0.2.5
41195 silly linkStuff define-property@0.2.5 has D:\software\CodeLibrary\es-vue-project\node_modules\watchpack-chokidar2\node_modules\expand-brackets\node_modules as its parent node_modules
41196 silly build expand-brackets@2.1.4
41197 info linkStuff expand-brackets@2.1.4
41198 silly linkStuff expand-brackets@2.1.4 has D:\software\CodeLibrary\es-vue-project\node_modules\watchpack-chokidar2\node_modules as its parent node_modules
41199 silly build extend-shallow@2.0.1
41200 info linkStuff extend-shallow@2.0.1
41201 silly linkStuff extend-shallow@2.0.1 has D:\software\CodeLibrary\es-vue-project\node_modules\watchpack-chokidar2\node_modules\extglob\node_modules as its parent node_modules
41202 silly build extend-shallow@2.0.1
41203 info linkStuff extend-shallow@2.0.1
41204 silly linkStuff extend-shallow@2.0.1 has D:\software\CodeLibrary\es-vue-project\node_modules\watchpack-chokidar2\node_modules\fill-range\node_modules as its parent node_modules
41205 silly build is-extglob@2.1.1
41206 info linkStuff is-extglob@2.1.1
41207 silly linkStuff is-extglob@2.1.1 has D:\software\CodeLibrary\es-vue-project\node_modules\watchpack-chokidar2\node_modules as its parent node_modules
41208 silly build is-glob@3.1.0
41209 info linkStuff is-glob@3.1.0
41210 silly linkStuff is-glob@3.1.0 has D:\software\CodeLibrary\es-vue-project\node_modules\watchpack-chokidar2\node_modules\glob-parent\node_modules as its parent node_modules
41211 silly build glob-parent@3.1.0
41212 info linkStuff glob-parent@3.1.0
41213 silly linkStuff glob-parent@3.1.0 has D:\software\CodeLibrary\es-vue-project\node_modules\watchpack-chokidar2\node_modules as its parent node_modules
41214 silly build is-glob@4.0.3
41215 info linkStuff is-glob@4.0.3
41216 silly linkStuff is-glob@4.0.3 has D:\software\CodeLibrary\es-vue-project\node_modules\watchpack-chokidar2\node_modules as its parent node_modules
41217 silly build kind-of@3.2.2
41218 info linkStuff kind-of@3.2.2
41219 silly linkStuff kind-of@3.2.2 has D:\software\CodeLibrary\es-vue-project\node_modules\watchpack-chokidar2\node_modules\is-number\node_modules as its parent node_modules
41220 silly build is-number@3.0.0
41221 info linkStuff is-number@3.0.0
41222 silly linkStuff is-number@3.0.0 has D:\software\CodeLibrary\es-vue-project\node_modules\watchpack-chokidar2\node_modules as its parent node_modules
41223 silly build fill-range@4.0.0
41224 info linkStuff fill-range@4.0.0
41225 silly linkStuff fill-range@4.0.0 has D:\software\CodeLibrary\es-vue-project\node_modules\watchpack-chokidar2\node_modules as its parent node_modules
41226 silly build isobject@3.0.1
41227 info linkStuff isobject@3.0.1
41228 silly linkStuff isobject@3.0.1 has D:\software\CodeLibrary\es-vue-project\node_modules\watchpack-chokidar2\node_modules as its parent node_modules
41229 silly build braces@2.3.2
41230 info linkStuff braces@2.3.2
41231 silly linkStuff braces@2.3.2 has D:\software\CodeLibrary\es-vue-project\node_modules\watchpack-chokidar2\node_modules as its parent node_modules
41232 silly build kind-of@6.0.3
41233 info linkStuff kind-of@6.0.3
41234 silly linkStuff kind-of@6.0.3 has D:\software\CodeLibrary\es-vue-project\node_modules\watchpack-chokidar2\node_modules as its parent node_modules
41235 silly build is-accessor-descriptor@1.0.0
41236 info linkStuff is-accessor-descriptor@1.0.0
41237 silly linkStuff is-accessor-descriptor@1.0.0 has D:\software\CodeLibrary\es-vue-project\node_modules\watchpack-chokidar2\node_modules as its parent node_modules
41238 silly build is-data-descriptor@1.0.0
41239 info linkStuff is-data-descriptor@1.0.0
41240 silly linkStuff is-data-descriptor@1.0.0 has D:\software\CodeLibrary\es-vue-project\node_modules\watchpack-chokidar2\node_modules as its parent node_modules
41241 silly build is-descriptor@1.0.2
41242 info linkStuff is-descriptor@1.0.2
41243 silly linkStuff is-descriptor@1.0.2 has D:\software\CodeLibrary\es-vue-project\node_modules\watchpack-chokidar2\node_modules as its parent node_modules
41244 silly build define-property@1.0.0
41245 info linkStuff define-property@1.0.0
41246 silly linkStuff define-property@1.0.0 has D:\software\CodeLibrary\es-vue-project\node_modules\watchpack-chokidar2\node_modules\extglob\node_modules as its parent node_modules
41247 silly build extglob@2.0.4
41248 info linkStuff extglob@2.0.4
41249 silly linkStuff extglob@2.0.4 has D:\software\CodeLibrary\es-vue-project\node_modules\watchpack-chokidar2\node_modules as its parent node_modules
41250 silly build micromatch@3.1.10
41251 info linkStuff micromatch@3.1.10
41252 silly linkStuff micromatch@3.1.10 has D:\software\CodeLibrary\es-vue-project\node_modules\watchpack-chokidar2\node_modules as its parent node_modules
41253 silly build anymatch@2.0.0
41254 info linkStuff anymatch@2.0.0
41255 silly linkStuff anymatch@2.0.0 has D:\software\CodeLibrary\es-vue-project\node_modules\watchpack-chokidar2\node_modules as its parent node_modules
41256 silly build normalize-path@3.0.0
41257 info linkStuff normalize-path@3.0.0
41258 silly linkStuff normalize-path@3.0.0 has D:\software\CodeLibrary\es-vue-project\node_modules\watchpack-chokidar2\node_modules as its parent node_modules
41259 silly build chokidar@2.1.8
41260 info linkStuff chokidar@2.1.8
41261 silly linkStuff chokidar@2.1.8 has D:\software\CodeLibrary\es-vue-project\node_modules\watchpack-chokidar2\node_modules as its parent node_modules
41262 silly build watchpack-chokidar2@2.0.1
41263 info linkStuff watchpack-chokidar2@2.0.1
41264 silly linkStuff watchpack-chokidar2@2.0.1 has D:\software\CodeLibrary\es-vue-project\node_modules as its parent node_modules
41265 silly build binary-extensions@2.2.0
41266 info linkStuff binary-extensions@2.2.0
41267 silly linkStuff binary-extensions@2.2.0 has D:\software\CodeLibrary\es-vue-project\node_modules\watchpack\node_modules as its parent node_modules
41268 silly build is-binary-path@2.1.0
41269 info linkStuff is-binary-path@2.1.0
41270 silly linkStuff is-binary-path@2.1.0 has D:\software\CodeLibrary\es-vue-project\node_modules\watchpack\node_modules as its parent node_modules
41271 silly build is-extglob@2.1.1
41272 info linkStuff is-extglob@2.1.1
41273 silly linkStuff is-extglob@2.1.1 has D:\software\CodeLibrary\es-vue-project\node_modules\watchpack\node_modules as its parent node_modules
41274 silly build is-glob@4.0.3
41275 info linkStuff is-glob@4.0.3
41276 silly linkStuff is-glob@4.0.3 has D:\software\CodeLibrary\es-vue-project\node_modules\watchpack\node_modules as its parent node_modules
41277 silly build glob-parent@5.1.2
41278 info linkStuff glob-parent@5.1.2
41279 silly linkStuff glob-parent@5.1.2 has D:\software\CodeLibrary\es-vue-project\node_modules\watchpack\node_modules as its parent node_modules
41280 silly build is-number@7.0.0
41281 info linkStuff is-number@7.0.0
41282 silly linkStuff is-number@7.0.0 has D:\software\CodeLibrary\es-vue-project\node_modules\watchpack\node_modules as its parent node_modules
41283 silly build normalize-path@3.0.0
41284 info linkStuff normalize-path@3.0.0
41285 silly linkStuff normalize-path@3.0.0 has D:\software\CodeLibrary\es-vue-project\node_modules\watchpack\node_modules as its parent node_modules
41286 silly build anymatch@3.1.3
41287 info linkStuff anymatch@3.1.3
41288 silly linkStuff anymatch@3.1.3 has D:\software\CodeLibrary\es-vue-project\node_modules\watchpack\node_modules as its parent node_modules
41289 silly build readdirp@3.6.0
41290 info linkStuff readdirp@3.6.0
41291 silly linkStuff readdirp@3.6.0 has D:\software\CodeLibrary\es-vue-project\node_modules\watchpack\node_modules as its parent node_modules
41292 silly build to-regex-range@5.0.1
41293 info linkStuff to-regex-range@5.0.1
41294 silly linkStuff to-regex-range@5.0.1 has D:\software\CodeLibrary\es-vue-project\node_modules\watchpack\node_modules as its parent node_modules
41295 silly build fill-range@7.0.1
41296 info linkStuff fill-range@7.0.1
41297 silly linkStuff fill-range@7.0.1 has D:\software\CodeLibrary\es-vue-project\node_modules\watchpack\node_modules as its parent node_modules
41298 silly build braces@3.0.2
41299 info linkStuff braces@3.0.2
41300 silly linkStuff braces@3.0.2 has D:\software\CodeLibrary\es-vue-project\node_modules\watchpack\node_modules as its parent node_modules
41301 silly build chokidar@3.5.3
41302 info linkStuff chokidar@3.5.3
41303 silly linkStuff chokidar@3.5.3 has D:\software\CodeLibrary\es-vue-project\node_modules\watchpack\node_modules as its parent node_modules
41304 silly build watchpack@1.7.5
41305 info linkStuff watchpack@1.7.5
41306 silly linkStuff watchpack@1.7.5 has D:\software\CodeLibrary\es-vue-project\node_modules as its parent node_modules
41307 silly build wbuf@1.7.3
41308 info linkStuff wbuf@1.7.3
41309 silly linkStuff wbuf@1.7.3 has D:\software\CodeLibrary\es-vue-project\node_modules as its parent node_modules
41310 silly build hpack.js@2.1.6
41311 info linkStuff hpack.js@2.1.6
41312 silly linkStuff hpack.js@2.1.6 has D:\software\CodeLibrary\es-vue-project\node_modules as its parent node_modules
41313 silly build spdy-transport@3.0.0
41314 info linkStuff spdy-transport@3.0.0
41315 silly linkStuff spdy-transport@3.0.0 has D:\software\CodeLibrary\es-vue-project\node_modules as its parent node_modules
41316 silly build spdy@4.0.2
41317 info linkStuff spdy@4.0.2
41318 silly linkStuff spdy@4.0.2 has D:\software\CodeLibrary\es-vue-project\node_modules as its parent node_modules
41319 silly build ws@4.1.0
41320 info linkStuff ws@4.1.0
41321 silly linkStuff ws@4.1.0 has D:\software\CodeLibrary\es-vue-project\node_modules\webpack-bundle-analyzer\node_modules as its parent node_modules
41322 silly build webpack-dev-middleware@1.12.2
41323 info linkStuff webpack-dev-middleware@1.12.2
41324 silly linkStuff webpack-dev-middleware@1.12.2 has D:\software\CodeLibrary\es-vue-project\node_modules as its parent node_modules
41325 silly build normalize-path@2.1.1
41326 info linkStuff normalize-path@2.1.1
41327 silly linkStuff normalize-path@2.1.1 has D:\software\CodeLibrary\es-vue-project\node_modules\webpack-dev-server\node_modules\anymatch\node_modules as its parent node_modules
41328 silly build arr-diff@4.0.0
41329 info linkStuff arr-diff@4.0.0
41330 silly linkStuff arr-diff@4.0.0 has D:\software\CodeLibrary\es-vue-project\node_modules\webpack-dev-server\node_modules as its parent node_modules
41331 silly build array-unique@0.3.2
41332 info linkStuff array-unique@0.3.2
41333 silly linkStuff array-unique@0.3.2 has D:\software\CodeLibrary\es-vue-project\node_modules\webpack-dev-server\node_modules as its parent node_modules
41334 silly build extend-shallow@2.0.1
41335 info linkStuff extend-shallow@2.0.1
41336 silly linkStuff extend-shallow@2.0.1 has D:\software\CodeLibrary\es-vue-project\node_modules\webpack-dev-server\node_modules\braces\node_modules as its parent node_modules
41337 silly build camelcase@3.0.0
41338 info linkStuff camelcase@3.0.0
41339 silly linkStuff camelcase@3.0.0 has D:\software\CodeLibrary\es-vue-project\node_modules\webpack-dev-server\node_modules as its parent node_modules
41340 silly build ms@2.1.3
41341 info linkStuff ms@2.1.3
41342 silly linkStuff ms@2.1.3 has D:\software\CodeLibrary\es-vue-project\node_modules\webpack-dev-server\node_modules\debug\node_modules as its parent node_modules
41343 silly build debug@3.2.7
41344 info linkStuff debug@3.2.7
41345 silly linkStuff debug@3.2.7 has D:\software\CodeLibrary\es-vue-project\node_modules\webpack-dev-server\node_modules as its parent node_modules
41346 silly build debug@2.6.9
41347 info linkStuff debug@2.6.9
41348 silly linkStuff debug@2.6.9 has D:\software\CodeLibrary\es-vue-project\node_modules\webpack-dev-server\node_modules\expand-brackets\node_modules as its parent node_modules
41349 silly build extend-shallow@2.0.1
41350 info linkStuff extend-shallow@2.0.1
41351 silly linkStuff extend-shallow@2.0.1 has D:\software\CodeLibrary\es-vue-project\node_modules\webpack-dev-server\node_modules\expand-brackets\node_modules as its parent node_modules
41352 silly build kind-of@3.2.2
41353 info linkStuff kind-of@3.2.2
41354 silly linkStuff kind-of@3.2.2 has D:\software\CodeLibrary\es-vue-project\node_modules\webpack-dev-server\node_modules\expand-brackets\node_modules\is-accessor-descriptor\node_modules as its parent node_modules
41355 silly build is-accessor-descriptor@0.1.6
41356 info linkStuff is-accessor-descriptor@0.1.6
41357 silly linkStuff is-accessor-descriptor@0.1.6 has D:\software\CodeLibrary\es-vue-project\node_modules\webpack-dev-server\node_modules\expand-brackets\node_modules as its parent node_modules
41358 silly build kind-of@3.2.2
41359 info linkStuff kind-of@3.2.2
41360 silly linkStuff kind-of@3.2.2 has D:\software\CodeLibrary\es-vue-project\node_modules\webpack-dev-server\node_modules\expand-brackets\node_modules\is-data-descriptor\node_modules as its parent node_modules
41361 silly build is-data-descriptor@0.1.4
41362 info linkStuff is-data-descriptor@0.1.4
41363 silly linkStuff is-data-descriptor@0.1.4 has D:\software\CodeLibrary\es-vue-project\node_modules\webpack-dev-server\node_modules\expand-brackets\node_modules as its parent node_modules
41364 silly build kind-of@5.1.0
41365 info linkStuff kind-of@5.1.0
41366 silly linkStuff kind-of@5.1.0 has D:\software\CodeLibrary\es-vue-project\node_modules\webpack-dev-server\node_modules\expand-brackets\node_modules as its parent node_modules
41367 silly build is-descriptor@0.1.6
41368 info linkStuff is-descriptor@0.1.6
41369 silly linkStuff is-descriptor@0.1.6 has D:\software\CodeLibrary\es-vue-project\node_modules\webpack-dev-server\node_modules\expand-brackets\node_modules as its parent node_modules
41370 silly build define-property@0.2.5
41371 info linkStuff define-property@0.2.5
41372 silly linkStuff define-property@0.2.5 has D:\software\CodeLibrary\es-vue-project\node_modules\webpack-dev-server\node_modules\expand-brackets\node_modules as its parent node_modules
41373 silly build expand-brackets@2.1.4
41374 info linkStuff expand-brackets@2.1.4
41375 silly linkStuff expand-brackets@2.1.4 has D:\software\CodeLibrary\es-vue-project\node_modules\webpack-dev-server\node_modules as its parent node_modules
41376 silly build extend-shallow@2.0.1
41377 info linkStuff extend-shallow@2.0.1
41378 silly linkStuff extend-shallow@2.0.1 has D:\software\CodeLibrary\es-vue-project\node_modules\webpack-dev-server\node_modules\extglob\node_modules as its parent node_modules
41379 silly build extend-shallow@2.0.1
41380 info linkStuff extend-shallow@2.0.1
41381 silly linkStuff extend-shallow@2.0.1 has D:\software\CodeLibrary\es-vue-project\node_modules\webpack-dev-server\node_modules\fill-range\node_modules as its parent node_modules
41382 silly build is-extglob@2.1.1
41383 info linkStuff is-extglob@2.1.1
41384 silly linkStuff is-extglob@2.1.1 has D:\software\CodeLibrary\es-vue-project\node_modules\webpack-dev-server\node_modules as its parent node_modules
41385 silly build is-glob@3.1.0
41386 info linkStuff is-glob@3.1.0
41387 silly linkStuff is-glob@3.1.0 has D:\software\CodeLibrary\es-vue-project\node_modules\webpack-dev-server\node_modules\glob-parent\node_modules as its parent node_modules
41388 silly build glob-parent@3.1.0
41389 info linkStuff glob-parent@3.1.0
41390 silly linkStuff glob-parent@3.1.0 has D:\software\CodeLibrary\es-vue-project\node_modules\webpack-dev-server\node_modules as its parent node_modules
41391 silly build is-fullwidth-code-point@1.0.0
41392 info linkStuff is-fullwidth-code-point@1.0.0
41393 silly linkStuff is-fullwidth-code-point@1.0.0 has D:\software\CodeLibrary\es-vue-project\node_modules\webpack-dev-server\node_modules as its parent node_modules
41394 silly build is-glob@4.0.3
41395 info linkStuff is-glob@4.0.3
41396 silly linkStuff is-glob@4.0.3 has D:\software\CodeLibrary\es-vue-project\node_modules\webpack-dev-server\node_modules as its parent node_modules
41397 silly build kind-of@3.2.2
41398 info linkStuff kind-of@3.2.2
41399 silly linkStuff kind-of@3.2.2 has D:\software\CodeLibrary\es-vue-project\node_modules\webpack-dev-server\node_modules\is-number\node_modules as its parent node_modules
41400 silly build is-number@3.0.0
41401 info linkStuff is-number@3.0.0
41402 silly linkStuff is-number@3.0.0 has D:\software\CodeLibrary\es-vue-project\node_modules\webpack-dev-server\node_modules as its parent node_modules
41403 silly build fill-range@4.0.0
41404 info linkStuff fill-range@4.0.0
41405 silly linkStuff fill-range@4.0.0 has D:\software\CodeLibrary\es-vue-project\node_modules\webpack-dev-server\node_modules as its parent node_modules
41406 silly build isobject@3.0.1
41407 info linkStuff isobject@3.0.1
41408 silly linkStuff isobject@3.0.1 has D:\software\CodeLibrary\es-vue-project\node_modules\webpack-dev-server\node_modules as its parent node_modules
41409 silly build braces@2.3.2
41410 info linkStuff braces@2.3.2
41411 silly linkStuff braces@2.3.2 has D:\software\CodeLibrary\es-vue-project\node_modules\webpack-dev-server\node_modules as its parent node_modules
41412 silly build kind-of@6.0.3
41413 info linkStuff kind-of@6.0.3
41414 silly linkStuff kind-of@6.0.3 has D:\software\CodeLibrary\es-vue-project\node_modules\webpack-dev-server\node_modules as its parent node_modules
41415 silly build is-accessor-descriptor@1.0.0
41416 info linkStuff is-accessor-descriptor@1.0.0
41417 silly linkStuff is-accessor-descriptor@1.0.0 has D:\software\CodeLibrary\es-vue-project\node_modules\webpack-dev-server\node_modules as its parent node_modules
41418 silly build is-data-descriptor@1.0.0
41419 info linkStuff is-data-descriptor@1.0.0
41420 silly linkStuff is-data-descriptor@1.0.0 has D:\software\CodeLibrary\es-vue-project\node_modules\webpack-dev-server\node_modules as its parent node_modules
41421 silly build is-descriptor@1.0.2
41422 info linkStuff is-descriptor@1.0.2
41423 silly linkStuff is-descriptor@1.0.2 has D:\software\CodeLibrary\es-vue-project\node_modules\webpack-dev-server\node_modules as its parent node_modules
41424 silly build define-property@1.0.0
41425 info linkStuff define-property@1.0.0
41426 silly linkStuff define-property@1.0.0 has D:\software\CodeLibrary\es-vue-project\node_modules\webpack-dev-server\node_modules\extglob\node_modules as its parent node_modules
41427 silly build extglob@2.0.4
41428 info linkStuff extglob@2.0.4
41429 silly linkStuff extglob@2.0.4 has D:\software\CodeLibrary\es-vue-project\node_modules\webpack-dev-server\node_modules as its parent node_modules
41430 silly build micromatch@3.1.10
41431 info linkStuff micromatch@3.1.10
41432 silly linkStuff micromatch@3.1.10 has D:\software\CodeLibrary\es-vue-project\node_modules\webpack-dev-server\node_modules as its parent node_modules
41433 silly build anymatch@2.0.0
41434 info linkStuff anymatch@2.0.0
41435 silly linkStuff anymatch@2.0.0 has D:\software\CodeLibrary\es-vue-project\node_modules\webpack-dev-server\node_modules as its parent node_modules
41436 silly build normalize-path@3.0.0
41437 info linkStuff normalize-path@3.0.0
41438 silly linkStuff normalize-path@3.0.0 has D:\software\CodeLibrary\es-vue-project\node_modules\webpack-dev-server\node_modules as its parent node_modules
41439 silly build chokidar@2.1.8
41440 info linkStuff chokidar@2.1.8
41441 silly linkStuff chokidar@2.1.8 has D:\software\CodeLibrary\es-vue-project\node_modules\webpack-dev-server\node_modules as its parent node_modules
41442 silly build os-locale@1.4.0
41443 info linkStuff os-locale@1.4.0
41444 silly linkStuff os-locale@1.4.0 has D:\software\CodeLibrary\es-vue-project\node_modules\webpack-dev-server\node_modules as its parent node_modules
41445 silly build string-width@1.0.2
41446 info linkStuff string-width@1.0.2
41447 silly linkStuff string-width@1.0.2 has D:\software\CodeLibrary\es-vue-project\node_modules\webpack-dev-server\node_modules as its parent node_modules
41448 silly build which-module@1.0.0
41449 info linkStuff which-module@1.0.0
41450 silly linkStuff which-module@1.0.0 has D:\software\CodeLibrary\es-vue-project\node_modules\webpack-dev-server\node_modules as its parent node_modules
41451 silly build y18n@3.2.2
41452 info linkStuff y18n@3.2.2
41453 silly linkStuff y18n@3.2.2 has D:\software\CodeLibrary\es-vue-project\node_modules\webpack-dev-server\node_modules as its parent node_modules
41454 silly build yargs-parser@4.2.1
41455 info linkStuff yargs-parser@4.2.1
41456 silly linkStuff yargs-parser@4.2.1 has D:\software\CodeLibrary\es-vue-project\node_modules\webpack-dev-server\node_modules as its parent node_modules
41457 silly build webpack-sources@1.4.3
41458 info linkStuff webpack-sources@1.4.3
41459 silly linkStuff webpack-sources@1.4.3 has D:\software\CodeLibrary\es-vue-project\node_modules as its parent node_modules
41460 silly build last-call-webpack-plugin@2.1.2
41461 info linkStuff last-call-webpack-plugin@2.1.2
41462 silly linkStuff last-call-webpack-plugin@2.1.2 has D:\software\CodeLibrary\es-vue-project\node_modules as its parent node_modules
41463 silly build ajv-keywords@3.5.2
41464 info linkStuff ajv-keywords@3.5.2
41465 silly linkStuff ajv-keywords@3.5.2 has D:\software\CodeLibrary\es-vue-project\node_modules\webpack\node_modules as its parent node_modules
41466 silly build camelcase@1.2.1
41467 info linkStuff camelcase@1.2.1
41468 silly linkStuff camelcase@1.2.1 has D:\software\CodeLibrary\es-vue-project\node_modules\webpack\node_modules as its parent node_modules
41469 silly build fast-deep-equal@3.1.3
41470 info linkStuff fast-deep-equal@3.1.3
41471 silly linkStuff fast-deep-equal@3.1.3 has D:\software\CodeLibrary\es-vue-project\node_modules\webpack\node_modules as its parent node_modules
41472 silly build has-flag@2.0.0
41473 info linkStuff has-flag@2.0.0
41474 silly linkStuff has-flag@2.0.0 has D:\software\CodeLibrary\es-vue-project\node_modules\webpack\node_modules as its parent node_modules
41475 silly build json-schema-traverse@0.4.1
41476 info linkStuff json-schema-traverse@0.4.1
41477 silly linkStuff json-schema-traverse@0.4.1 has D:\software\CodeLibrary\es-vue-project\node_modules\webpack\node_modules as its parent node_modules
41478 silly build ajv@6.12.6
41479 info linkStuff ajv@6.12.6
41480 silly linkStuff ajv@6.12.6 has D:\software\CodeLibrary\es-vue-project\node_modules\webpack\node_modules as its parent node_modules
41481 silly build source-map@0.5.7
41482 info linkStuff source-map@0.5.7
41483 silly linkStuff source-map@0.5.7 has D:\software\CodeLibrary\es-vue-project\node_modules\webpack\node_modules as its parent node_modules
41484 silly build supports-color@4.5.0
41485 info linkStuff supports-color@4.5.0
41486 silly linkStuff supports-color@4.5.0 has D:\software\CodeLibrary\es-vue-project\node_modules\webpack\node_modules as its parent node_modules
41487 silly build websocket-extensions@0.1.4
41488 info linkStuff websocket-extensions@0.1.4
41489 silly linkStuff websocket-extensions@0.1.4 has D:\software\CodeLibrary\es-vue-project\node_modules as its parent node_modules
41490 silly build websocket-driver@0.7.4
41491 info linkStuff websocket-driver@0.7.4
41492 silly linkStuff websocket-driver@0.7.4 has D:\software\CodeLibrary\es-vue-project\node_modules as its parent node_modules
41493 silly build faye-websocket@0.10.0
41494 info linkStuff faye-websocket@0.10.0
41495 silly linkStuff faye-websocket@0.10.0 has D:\software\CodeLibrary\es-vue-project\node_modules as its parent node_modules
41496 silly build sockjs@0.3.19
41497 info linkStuff sockjs@0.3.19
41498 silly linkStuff sockjs@0.3.19 has D:\software\CodeLibrary\es-vue-project\node_modules as its parent node_modules
41499 silly build faye-websocket@0.11.4
41500 info linkStuff faye-websocket@0.11.4
41501 silly linkStuff faye-websocket@0.11.4 has D:\software\CodeLibrary\es-vue-project\node_modules\sockjs-client\node_modules as its parent node_modules
41502 silly build sockjs-client@1.1.5
41503 info linkStuff sockjs-client@1.1.5
41504 silly linkStuff sockjs-client@1.1.5 has D:\software\CodeLibrary\es-vue-project\node_modules as its parent node_modules
41505 silly build whet.extend@0.9.9
41506 info linkStuff whet.extend@0.9.9
41507 silly linkStuff whet.extend@0.9.9 has D:\software\CodeLibrary\es-vue-project\node_modules as its parent node_modules
41508 silly build svgo@0.7.2
41509 info linkStuff svgo@0.7.2
41510 silly linkStuff svgo@0.7.2 has D:\software\CodeLibrary\es-vue-project\node_modules as its parent node_modules
41511 verbose linkBins [
41511 verbose linkBins   { svgo: 'bin/svgo' },
41511 verbose linkBins   'D:\\software\\CodeLibrary\\es-vue-project\\node_modules\\.bin',
41511 verbose linkBins   false
41511 verbose linkBins ]
41512 silly build postcss-svgo@2.1.6
41513 info linkStuff postcss-svgo@2.1.6
41514 silly linkStuff postcss-svgo@2.1.6 has D:\software\CodeLibrary\es-vue-project\node_modules as its parent node_modules
41515 silly build cssnano@3.10.0
41516 info linkStuff cssnano@3.10.0
41517 silly linkStuff cssnano@3.10.0 has D:\software\CodeLibrary\es-vue-project\node_modules as its parent node_modules
41518 silly build which@1.3.1
41519 info linkStuff which@1.3.1
41520 silly linkStuff which@1.3.1 has D:\software\CodeLibrary\es-vue-project\node_modules as its parent node_modules
41521 verbose linkBins [
41521 verbose linkBins   { which: 'bin/which' },
41521 verbose linkBins   'D:\\software\\CodeLibrary\\es-vue-project\\node_modules\\.bin',
41521 verbose linkBins   false
41521 verbose linkBins ]
41522 silly build cross-spawn@6.0.5
41523 info linkStuff cross-spawn@6.0.5
41524 silly linkStuff cross-spawn@6.0.5 has D:\software\CodeLibrary\es-vue-project\node_modules as its parent node_modules
41525 silly build which-boxed-primitive@1.0.2
41526 info linkStuff which-boxed-primitive@1.0.2
41527 silly linkStuff which-boxed-primitive@1.0.2 has D:\software\CodeLibrary\es-vue-project\node_modules as its parent node_modules
41528 silly build unbox-primitive@1.0.2
41529 info linkStuff unbox-primitive@1.0.2
41530 silly linkStuff unbox-primitive@1.0.2 has D:\software\CodeLibrary\es-vue-project\node_modules as its parent node_modules
41531 silly build which-module@2.0.1
41532 info linkStuff which-module@2.0.1
41533 silly linkStuff which-module@2.0.1 has D:\software\CodeLibrary\es-vue-project\node_modules as its parent node_modules
41534 silly build which-typed-array@1.1.9
41535 info linkStuff which-typed-array@1.1.9
41536 silly linkStuff which-typed-array@1.1.9 has D:\software\CodeLibrary\es-vue-project\node_modules as its parent node_modules
41537 silly build es-abstract@1.21.2
41538 info linkStuff es-abstract@1.21.2
41539 silly linkStuff es-abstract@1.21.2 has D:\software\CodeLibrary\es-vue-project\node_modules as its parent node_modules
41540 silly build array-includes@3.1.6
41541 info linkStuff array-includes@3.1.6
41542 silly linkStuff array-includes@3.1.6 has D:\software\CodeLibrary\es-vue-project\node_modules as its parent node_modules
41543 silly build array.prototype.flat@1.3.1
41544 info linkStuff array.prototype.flat@1.3.1
41545 silly linkStuff array.prototype.flat@1.3.1 has D:\software\CodeLibrary\es-vue-project\node_modules as its parent node_modules
41546 silly build array.prototype.flatmap@1.3.1
41547 info linkStuff array.prototype.flatmap@1.3.1
41548 silly linkStuff array.prototype.flatmap@1.3.1 has D:\software\CodeLibrary\es-vue-project\node_modules as its parent node_modules
41549 silly build array.prototype.reduce@1.0.5
41550 info linkStuff array.prototype.reduce@1.0.5
41551 silly linkStuff array.prototype.reduce@1.0.5 has D:\software\CodeLibrary\es-vue-project\node_modules as its parent node_modules
41552 silly build function.prototype.name@1.1.5
41553 info linkStuff function.prototype.name@1.1.5
41554 silly linkStuff function.prototype.name@1.1.5 has D:\software\CodeLibrary\es-vue-project\node_modules as its parent node_modules
41555 silly build object.getownpropertydescriptors@2.1.6
41556 info linkStuff object.getownpropertydescriptors@2.1.6
41557 silly linkStuff object.getownpropertydescriptors@2.1.6 has D:\software\CodeLibrary\es-vue-project\node_modules as its parent node_modules
41558 silly build object.values@1.1.6
41559 info linkStuff object.values@1.1.6
41560 silly linkStuff object.values@1.1.6 has D:\software\CodeLibrary\es-vue-project\node_modules as its parent node_modules
41561 silly build string.prototype.trim@1.2.7
41562 info linkStuff string.prototype.trim@1.2.7
41563 silly linkStuff string.prototype.trim@1.2.7 has D:\software\CodeLibrary\es-vue-project\node_modules as its parent node_modules
41564 silly build string.prototype.trimend@1.0.6
41565 info linkStuff string.prototype.trimend@1.0.6
41566 silly linkStuff string.prototype.trimend@1.0.6 has D:\software\CodeLibrary\es-vue-project\node_modules as its parent node_modules
41567 silly build string.prototype.trimstart@1.0.6
41568 info linkStuff string.prototype.trimstart@1.0.6
41569 silly linkStuff string.prototype.trimstart@1.0.6 has D:\software\CodeLibrary\es-vue-project\node_modules as its parent node_modules
41570 silly build util.promisify@1.0.1
41571 info linkStuff util.promisify@1.0.1
41572 silly linkStuff util.promisify@1.0.1 has D:\software\CodeLibrary\es-vue-project\node_modules as its parent node_modules
41573 silly build svgo@1.3.2
41574 info linkStuff svgo@1.3.2
41575 silly linkStuff svgo@1.3.2 has D:\software\CodeLibrary\es-vue-project\node_modules\cssnano-preset-default\node_modules as its parent node_modules
41576 verbose linkBins [
41576 verbose linkBins   { svgo: 'bin/svgo' },
41576 verbose linkBins   'D:\\software\\CodeLibrary\\es-vue-project\\node_modules\\cssnano-preset-default\\node_modules\\.bin',
41576 verbose linkBins   false
41576 verbose linkBins ]
41577 silly build postcss-svgo@4.0.3
41578 info linkStuff postcss-svgo@4.0.3
41579 silly linkStuff postcss-svgo@4.0.3 has D:\software\CodeLibrary\es-vue-project\node_modules\cssnano-preset-default\node_modules as its parent node_modules
41580 silly build cssnano-preset-default@4.0.8
41581 info linkStuff cssnano-preset-default@4.0.8
41582 silly linkStuff cssnano-preset-default@4.0.8 has D:\software\CodeLibrary\es-vue-project\node_modules as its parent node_modules
41583 silly build cssnano@4.1.11
41584 info linkStuff cssnano@4.1.11
41585 silly linkStuff cssnano@4.1.11 has D:\software\CodeLibrary\es-vue-project\node_modules\optimize-css-assets-webpack-plugin\node_modules as its parent node_modules
41586 silly build window-size@0.1.0
41587 info linkStuff window-size@0.1.0
41588 silly linkStuff window-size@0.1.0 has D:\software\CodeLibrary\es-vue-project\node_modules as its parent node_modules
41589 silly build yargs@3.10.0
41590 info linkStuff yargs@3.10.0
41591 silly linkStuff yargs@3.10.0 has D:\software\CodeLibrary\es-vue-project\node_modules\webpack\node_modules\uglify-js\node_modules as its parent node_modules
41592 silly build uglify-js@2.8.29
41593 info linkStuff uglify-js@2.8.29
41594 silly linkStuff uglify-js@2.8.29 has D:\software\CodeLibrary\es-vue-project\node_modules\webpack\node_modules as its parent node_modules
41595 verbose linkBins [
41595 verbose linkBins   { uglifyjs: 'bin/uglifyjs' },
41595 verbose linkBins   'D:\\software\\CodeLibrary\\es-vue-project\\node_modules\\webpack\\node_modules\\.bin',
41595 verbose linkBins   false
41595 verbose linkBins ]
41596 silly build uglifyjs-webpack-plugin@0.4.6
41597 info linkStuff uglifyjs-webpack-plugin@0.4.6
41598 silly linkStuff uglifyjs-webpack-plugin@0.4.6 has D:\software\CodeLibrary\es-vue-project\node_modules\webpack\node_modules as its parent node_modules
41599 silly build word-wrap@1.2.3
41600 info linkStuff word-wrap@1.2.3
41601 silly linkStuff word-wrap@1.2.3 has D:\software\CodeLibrary\es-vue-project\node_modules as its parent node_modules
41602 silly build optionator@0.8.3
41603 info linkStuff optionator@0.8.3
41604 silly linkStuff optionator@0.8.3 has D:\software\CodeLibrary\es-vue-project\node_modules as its parent node_modules
41605 silly build escodegen@1.8.1
41606 info linkStuff escodegen@1.8.1
41607 silly linkStuff escodegen@1.8.1 has D:\software\CodeLibrary\es-vue-project\node_modules as its parent node_modules
41608 verbose linkBins [
41608 verbose linkBins   { esgenerate: 'bin/esgenerate.js', escodegen: 'bin/escodegen.js' },
41608 verbose linkBins   'D:\\software\\CodeLibrary\\es-vue-project\\node_modules\\.bin',
41608 verbose linkBins   false
41608 verbose linkBins ]
41609 silly build wordwrap@0.0.3
41610 info linkStuff wordwrap@0.0.3
41611 silly linkStuff wordwrap@0.0.3 has D:\software\CodeLibrary\es-vue-project\node_modules as its parent node_modules
41612 silly build optimist@0.6.1
41613 info linkStuff optimist@0.6.1
41614 silly linkStuff optimist@0.6.1 has D:\software\CodeLibrary\es-vue-project\node_modules as its parent node_modules
41615 silly build worker-farm@1.7.0
41616 info linkStuff worker-farm@1.7.0
41617 silly linkStuff worker-farm@1.7.0 has D:\software\CodeLibrary\es-vue-project\node_modules as its parent node_modules
41618 silly build is-fullwidth-code-point@1.0.0
41619 info linkStuff is-fullwidth-code-point@1.0.0
41620 silly linkStuff is-fullwidth-code-point@1.0.0 has D:\software\CodeLibrary\es-vue-project\node_modules\wrap-ansi\node_modules as its parent node_modules
41621 silly build string-width@1.0.2
41622 info linkStuff string-width@1.0.2
41623 silly linkStuff string-width@1.0.2 has D:\software\CodeLibrary\es-vue-project\node_modules\wrap-ansi\node_modules as its parent node_modules
41624 silly build wrap-ansi@2.1.0
41625 info linkStuff wrap-ansi@2.1.0
41626 silly linkStuff wrap-ansi@2.1.0 has D:\software\CodeLibrary\es-vue-project\node_modules as its parent node_modules
41627 silly build cliui@3.2.0
41628 info linkStuff cliui@3.2.0
41629 silly linkStuff cliui@3.2.0 has D:\software\CodeLibrary\es-vue-project\node_modules\webpack-dev-server\node_modules as its parent node_modules
41630 silly build yargs@6.6.0
41631 info linkStuff yargs@6.6.0
41632 silly linkStuff yargs@6.6.0 has D:\software\CodeLibrary\es-vue-project\node_modules\webpack-dev-server\node_modules as its parent node_modules
41633 silly build wrappy@1.0.2
41634 info linkStuff wrappy@1.0.2
41635 silly linkStuff wrappy@1.0.2 has D:\software\CodeLibrary\es-vue-project\node_modules as its parent node_modules
41636 silly build once@1.4.0
41637 info linkStuff once@1.4.0
41638 silly linkStuff once@1.4.0 has D:\software\CodeLibrary\es-vue-project\node_modules as its parent node_modules
41639 silly build end-of-stream@1.4.4
41640 info linkStuff end-of-stream@1.4.4
41641 silly linkStuff end-of-stream@1.4.4 has D:\software\CodeLibrary\es-vue-project\node_modules as its parent node_modules
41642 silly build duplexify@3.7.1
41643 info linkStuff duplexify@3.7.1
41644 silly linkStuff duplexify@3.7.1 has D:\software\CodeLibrary\es-vue-project\node_modules as its parent node_modules
41645 silly build stream-each@1.2.3
41646 info linkStuff stream-each@1.2.3
41647 silly linkStuff stream-each@1.2.3 has D:\software\CodeLibrary\es-vue-project\node_modules as its parent node_modules
41648 silly build inflight@1.0.6
41649 info linkStuff inflight@1.0.6
41650 silly linkStuff inflight@1.0.6 has D:\software\CodeLibrary\es-vue-project\node_modules as its parent node_modules
41651 silly build glob@7.2.3
41652 info linkStuff glob@7.2.3
41653 silly linkStuff glob@7.2.3 has D:\software\CodeLibrary\es-vue-project\node_modules as its parent node_modules
41654 silly build globby@6.1.0
41655 info linkStuff globby@6.1.0
41656 silly linkStuff globby@6.1.0 has D:\software\CodeLibrary\es-vue-project\node_modules\del\node_modules as its parent node_modules
41657 silly build rimraf@2.6.3
41658 info linkStuff rimraf@2.6.3
41659 silly linkStuff rimraf@2.6.3 has D:\software\CodeLibrary\es-vue-project\node_modules\flat-cache\node_modules as its parent node_modules
41660 verbose linkBins [
41660 verbose linkBins   { rimraf: 'bin.js' },
41660 verbose linkBins   'D:\\software\\CodeLibrary\\es-vue-project\\node_modules\\flat-cache\\node_modules\\.bin',
41660 verbose linkBins   false
41660 verbose linkBins ]
41661 silly build globby@7.1.1
41662 info linkStuff globby@7.1.1
41663 silly linkStuff globby@7.1.1 has D:\software\CodeLibrary\es-vue-project\node_modules as its parent node_modules
41664 silly build rimraf@2.7.1
41665 info linkStuff rimraf@2.7.1
41666 silly linkStuff rimraf@2.7.1 has D:\software\CodeLibrary\es-vue-project\node_modules as its parent node_modules
41667 verbose linkBins [
41667 verbose linkBins   { rimraf: 'bin.js' },
41667 verbose linkBins   'D:\\software\\CodeLibrary\\es-vue-project\\node_modules\\.bin',
41667 verbose linkBins   false
41667 verbose linkBins ]
41668 silly build copy-concurrently@1.0.5
41669 info linkStuff copy-concurrently@1.0.5
41670 silly linkStuff copy-concurrently@1.0.5 has D:\software\CodeLibrary\es-vue-project\node_modules as its parent node_modules
41671 silly build del@3.0.0
41672 info linkStuff del@3.0.0
41673 silly linkStuff del@3.0.0 has D:\software\CodeLibrary\es-vue-project\node_modules as its parent node_modules
41674 silly build move-concurrently@1.0.1
41675 info linkStuff move-concurrently@1.0.1
41676 silly linkStuff move-concurrently@1.0.1 has D:\software\CodeLibrary\es-vue-project\node_modules as its parent node_modules
41677 silly build glob@5.0.15
41678 info linkStuff glob@5.0.15
41679 silly linkStuff glob@5.0.15 has D:\software\CodeLibrary\es-vue-project\node_modules\istanbul\node_modules as its parent node_modules
41680 silly build istanbul@0.4.5
41681 info linkStuff istanbul@0.4.5
41682 silly linkStuff istanbul@0.4.5 has D:\software\CodeLibrary\es-vue-project\node_modules as its parent node_modules
41683 verbose linkBins [
41683 verbose linkBins   { istanbul: 'lib/cli.js' },
41683 verbose linkBins   'D:\\software\\CodeLibrary\\es-vue-project\\node_modules\\.bin',
41683 verbose linkBins   false
41683 verbose linkBins ]
41684 silly build glob@7.1.1
41685 info linkStuff glob@7.1.1
41686 silly linkStuff glob@7.1.1 has D:\software\CodeLibrary\es-vue-project\node_modules\mocha\node_modules as its parent node_modules
41687 silly build pump@2.0.1
41688 info linkStuff pump@2.0.1
41689 silly linkStuff pump@2.0.1 has D:\software\CodeLibrary\es-vue-project\node_modules as its parent node_modules
41690 silly build pumpify@1.5.1
41691 info linkStuff pumpify@1.5.1
41692 silly linkStuff pumpify@1.5.1 has D:\software\CodeLibrary\es-vue-project\node_modules as its parent node_modules
41693 silly build write@0.2.1
41694 info linkStuff write@0.2.1
41695 silly linkStuff write@0.2.1 has D:\software\CodeLibrary\es-vue-project\node_modules as its parent node_modules
41696 silly build flat-cache@1.3.4
41697 info linkStuff flat-cache@1.3.4
41698 silly linkStuff flat-cache@1.3.4 has D:\software\CodeLibrary\es-vue-project\node_modules as its parent node_modules
41699 silly build file-entry-cache@2.0.0
41700 info linkStuff file-entry-cache@2.0.0
41701 silly linkStuff file-entry-cache@2.0.0 has D:\software\CodeLibrary\es-vue-project\node_modules as its parent node_modules
41702 silly build ws@1.1.2
41703 info linkStuff ws@1.1.2
41704 silly linkStuff ws@1.1.2 has D:\software\CodeLibrary\es-vue-project\node_modules as its parent node_modules
41705 silly build wtf-8@1.0.0
41706 info linkStuff wtf-8@1.0.0
41707 silly linkStuff wtf-8@1.0.0 has D:\software\CodeLibrary\es-vue-project\node_modules as its parent node_modules
41708 silly build engine.io-parser@1.3.2
41709 info linkStuff engine.io-parser@1.3.2
41710 silly linkStuff engine.io-parser@1.3.2 has D:\software\CodeLibrary\es-vue-project\node_modules as its parent node_modules
41711 silly build engine.io@1.8.3
41712 info linkStuff engine.io@1.8.3
41713 silly linkStuff engine.io@1.8.3 has D:\software\CodeLibrary\es-vue-project\node_modules as its parent node_modules
41714 silly build xmlhttprequest-ssl@1.5.3
41715 info linkStuff xmlhttprequest-ssl@1.5.3
41716 silly linkStuff xmlhttprequest-ssl@1.5.3 has D:\software\CodeLibrary\es-vue-project\node_modules as its parent node_modules
41717 silly build xtend@4.0.2
41718 info linkStuff xtend@4.0.2
41719 silly linkStuff xtend@4.0.2 has D:\software\CodeLibrary\es-vue-project\node_modules as its parent node_modules
41720 silly build stream-http@2.8.3
41721 info linkStuff stream-http@2.8.3
41722 silly linkStuff stream-http@2.8.3 has D:\software\CodeLibrary\es-vue-project\node_modules as its parent node_modules
41723 silly build node-libs-browser@2.2.1
41724 info linkStuff node-libs-browser@2.2.1
41725 silly linkStuff node-libs-browser@2.2.1 has D:\software\CodeLibrary\es-vue-project\node_modules as its parent node_modules
41726 silly build through2@2.0.5
41727 info linkStuff through2@2.0.5
41728 silly linkStuff through2@2.0.5 has D:\software\CodeLibrary\es-vue-project\node_modules as its parent node_modules
41729 silly build mississippi@2.0.0
41730 info linkStuff mississippi@2.0.0
41731 silly linkStuff mississippi@2.0.0 has D:\software\CodeLibrary\es-vue-project\node_modules as its parent node_modules
41732 silly build xxhashjs@0.2.2
41733 info linkStuff xxhashjs@0.2.2
41734 silly linkStuff xxhashjs@0.2.2 has D:\software\CodeLibrary\es-vue-project\node_modules as its parent node_modules
41735 silly build y18n@4.0.3
41736 info linkStuff y18n@4.0.3
41737 silly linkStuff y18n@4.0.3 has D:\software\CodeLibrary\es-vue-project\node_modules as its parent node_modules
41738 silly build yallist@2.1.2
41739 info linkStuff yallist@2.1.2
41740 silly linkStuff yallist@2.1.2 has D:\software\CodeLibrary\es-vue-project\node_modules as its parent node_modules
41741 silly build lru-cache@4.1.5
41742 info linkStuff lru-cache@4.1.5
41743 silly linkStuff lru-cache@4.1.5 has D:\software\CodeLibrary\es-vue-project\node_modules as its parent node_modules
41744 silly build cacache@10.0.4
41745 info linkStuff cacache@10.0.4
41746 silly linkStuff cacache@10.0.4 has D:\software\CodeLibrary\es-vue-project\node_modules as its parent node_modules
41747 silly build cross-spawn@5.1.0
41748 info linkStuff cross-spawn@5.1.0
41749 silly linkStuff cross-spawn@5.1.0 has D:\software\CodeLibrary\es-vue-project\node_modules\eslint\node_modules as its parent node_modules
41750 silly build cross-spawn@5.1.0
41751 info linkStuff cross-spawn@5.1.0
41752 silly linkStuff cross-spawn@5.1.0 has D:\software\CodeLibrary\es-vue-project\node_modules\execa\node_modules as its parent node_modules
41753 silly build execa@0.7.0
41754 info linkStuff execa@0.7.0
41755 silly linkStuff execa@0.7.0 has D:\software\CodeLibrary\es-vue-project\node_modules as its parent node_modules
41756 silly build os-locale@2.1.0
41757 info linkStuff os-locale@2.1.0
41758 silly linkStuff os-locale@2.1.0 has D:\software\CodeLibrary\es-vue-project\node_modules as its parent node_modules
41759 silly build useragent@2.3.0
41760 info linkStuff useragent@2.3.0
41761 silly linkStuff useragent@2.3.0 has D:\software\CodeLibrary\es-vue-project\node_modules as its parent node_modules
41762 silly build camelcase@4.1.0
41763 info linkStuff camelcase@4.1.0
41764 silly linkStuff camelcase@4.1.0 has D:\software\CodeLibrary\es-vue-project\node_modules\yargs-parser\node_modules as its parent node_modules
41765 silly build yargs-parser@7.0.0
41766 info linkStuff yargs-parser@7.0.0
41767 silly linkStuff yargs-parser@7.0.0 has D:\software\CodeLibrary\es-vue-project\node_modules as its parent node_modules
41768 silly build camelcase@4.1.0
41769 info linkStuff camelcase@4.1.0
41770 silly linkStuff camelcase@4.1.0 has D:\software\CodeLibrary\es-vue-project\node_modules\yargs\node_modules as its parent node_modules
41771 silly build is-fullwidth-code-point@1.0.0
41772 info linkStuff is-fullwidth-code-point@1.0.0
41773 silly linkStuff is-fullwidth-code-point@1.0.0 has D:\software\CodeLibrary\es-vue-project\node_modules\yargs\node_modules as its parent node_modules
41774 silly build string-width@1.0.2
41775 info linkStuff string-width@1.0.2
41776 silly linkStuff string-width@1.0.2 has D:\software\CodeLibrary\es-vue-project\node_modules\yargs\node_modules\cliui\node_modules as its parent node_modules
41777 silly build cliui@3.2.0
41778 info linkStuff cliui@3.2.0
41779 silly linkStuff cliui@3.2.0 has D:\software\CodeLibrary\es-vue-project\node_modules\yargs\node_modules as its parent node_modules
41780 silly build pify@2.3.0
41781 info linkStuff pify@2.3.0
41782 silly linkStuff pify@2.3.0 has D:\software\CodeLibrary\es-vue-project\node_modules\yargs\node_modules as its parent node_modules
41783 silly build path-type@2.0.0
41784 info linkStuff path-type@2.0.0
41785 silly linkStuff path-type@2.0.0 has D:\software\CodeLibrary\es-vue-project\node_modules\yargs\node_modules as its parent node_modules
41786 silly build strip-bom@3.0.0
41787 info linkStuff strip-bom@3.0.0
41788 silly linkStuff strip-bom@3.0.0 has D:\software\CodeLibrary\es-vue-project\node_modules\yargs\node_modules as its parent node_modules
41789 silly build load-json-file@2.0.0
41790 info linkStuff load-json-file@2.0.0
41791 silly linkStuff load-json-file@2.0.0 has D:\software\CodeLibrary\es-vue-project\node_modules\yargs\node_modules as its parent node_modules
41792 silly build read-pkg@2.0.0
41793 info linkStuff read-pkg@2.0.0
41794 silly linkStuff read-pkg@2.0.0 has D:\software\CodeLibrary\es-vue-project\node_modules\yargs\node_modules as its parent node_modules
41795 silly build read-pkg-up@2.0.0
41796 info linkStuff read-pkg-up@2.0.0
41797 silly linkStuff read-pkg-up@2.0.0 has D:\software\CodeLibrary\es-vue-project\node_modules\yargs\node_modules as its parent node_modules
41798 silly build y18n@3.2.2
41799 info linkStuff y18n@3.2.2
41800 silly linkStuff y18n@3.2.2 has D:\software\CodeLibrary\es-vue-project\node_modules\yargs\node_modules as its parent node_modules
41801 silly build yargs@8.0.2
41802 info linkStuff yargs@8.0.2
41803 silly linkStuff yargs@8.0.2 has D:\software\CodeLibrary\es-vue-project\node_modules as its parent node_modules
41804 silly build yauzl@2.10.0
41805 info linkStuff yauzl@2.10.0
41806 silly linkStuff yauzl@2.10.0 has D:\software\CodeLibrary\es-vue-project\node_modules as its parent node_modules
41807 silly build extract-zip@1.7.0
41808 info linkStuff extract-zip@1.7.0
41809 silly linkStuff extract-zip@1.7.0 has D:\software\CodeLibrary\es-vue-project\node_modules as its parent node_modules
41810 verbose linkBins [
41810 verbose linkBins   { 'extract-zip': 'cli.js' },
41810 verbose linkBins   'D:\\software\\CodeLibrary\\es-vue-project\\node_modules\\.bin',
41810 verbose linkBins   false
41810 verbose linkBins ]
41811 silly build phantomjs-prebuilt@2.1.16
41812 info linkStuff phantomjs-prebuilt@2.1.16
41813 silly linkStuff phantomjs-prebuilt@2.1.16 has D:\software\CodeLibrary\es-vue-project\node_modules as its parent node_modules
41814 verbose linkBins [
41814 verbose linkBins   { phantomjs: 'bin/phantomjs' },
41814 verbose linkBins   'D:\\software\\CodeLibrary\\es-vue-project\\node_modules\\.bin',
41814 verbose linkBins   false
41814 verbose linkBins ]
41815 silly build yeast@0.1.2
41816 info linkStuff yeast@0.1.2
41817 silly linkStuff yeast@0.1.2 has D:\software\CodeLibrary\es-vue-project\node_modules as its parent node_modules
41818 silly build engine.io-client@1.8.3
41819 info linkStuff engine.io-client@1.8.3
41820 silly linkStuff engine.io-client@1.8.3 has D:\software\CodeLibrary\es-vue-project\node_modules as its parent node_modules
41821 silly build socket.io-client@1.7.3
41822 info linkStuff socket.io-client@1.7.3
41823 silly linkStuff socket.io-client@1.7.3 has D:\software\CodeLibrary\es-vue-project\node_modules as its parent node_modules
41824 silly build socket.io@1.7.3
41825 info linkStuff socket.io@1.7.3
41826 silly linkStuff socket.io@1.7.3 has D:\software\CodeLibrary\es-vue-project\node_modules as its parent node_modules
41827 silly build autoprefixer@7.2.6
41828 info linkStuff autoprefixer@7.2.6
41829 silly linkStuff autoprefixer@7.2.6 has D:\software\CodeLibrary\es-vue-project\node_modules as its parent node_modules
41830 verbose linkBins [
41830 verbose linkBins   { 'autoprefixer-info': 'bin/autoprefixer-info' },
41830 verbose linkBins   'D:\\software\\CodeLibrary\\es-vue-project\\node_modules\\.bin',
41830 verbose linkBins   false
41830 verbose linkBins ]
41831 silly build axios@0.25.0
41832 info linkStuff axios@0.25.0
41833 silly linkStuff axios@0.25.0 has D:\software\CodeLibrary\es-vue-project\node_modules as its parent node_modules
41834 silly build babel-eslint@8.2.6
41835 info linkStuff babel-eslint@8.2.6
41836 silly linkStuff babel-eslint@8.2.6 has D:\software\CodeLibrary\es-vue-project\node_modules as its parent node_modules
41837 silly build babel-loader@7.1.5
41838 info linkStuff babel-loader@7.1.5
41839 silly linkStuff babel-loader@7.1.5 has D:\software\CodeLibrary\es-vue-project\node_modules as its parent node_modules
41840 silly build babel-plugin-istanbul@4.1.6
41841 info linkStuff babel-plugin-istanbul@4.1.6
41842 silly linkStuff babel-plugin-istanbul@4.1.6 has D:\software\CodeLibrary\es-vue-project\node_modules as its parent node_modules
41843 silly build babel-plugin-syntax-jsx@6.18.0
41844 info linkStuff babel-plugin-syntax-jsx@6.18.0
41845 silly linkStuff babel-plugin-syntax-jsx@6.18.0 has D:\software\CodeLibrary\es-vue-project\node_modules as its parent node_modules
41846 silly build babel-plugin-transform-runtime@6.23.0
41847 info linkStuff babel-plugin-transform-runtime@6.23.0
41848 silly linkStuff babel-plugin-transform-runtime@6.23.0 has D:\software\CodeLibrary\es-vue-project\node_modules as its parent node_modules
41849 silly build babel-plugin-transform-vue-jsx@3.7.0
41850 info linkStuff babel-plugin-transform-vue-jsx@3.7.0
41851 silly linkStuff babel-plugin-transform-vue-jsx@3.7.0 has D:\software\CodeLibrary\es-vue-project\node_modules as its parent node_modules
41852 silly build babel-preset-env@1.7.0
41853 info linkStuff babel-preset-env@1.7.0
41854 silly linkStuff babel-preset-env@1.7.0 has D:\software\CodeLibrary\es-vue-project\node_modules as its parent node_modules
41855 silly build babel-preset-stage-2@6.24.1
41856 info linkStuff babel-preset-stage-2@6.24.1
41857 silly linkStuff babel-preset-stage-2@6.24.1 has D:\software\CodeLibrary\es-vue-project\node_modules as its parent node_modules
41858 silly build chai@4.3.7
41859 info linkStuff chai@4.3.7
41860 silly linkStuff chai@4.3.7 has D:\software\CodeLibrary\es-vue-project\node_modules as its parent node_modules
41861 silly build copy-webpack-plugin@4.6.0
41862 info linkStuff copy-webpack-plugin@4.6.0
41863 silly linkStuff copy-webpack-plugin@4.6.0 has D:\software\CodeLibrary\es-vue-project\node_modules as its parent node_modules
41864 silly build cross-env@5.2.1
41865 info linkStuff cross-env@5.2.1
41866 silly linkStuff cross-env@5.2.1 has D:\software\CodeLibrary\es-vue-project\node_modules as its parent node_modules
41867 verbose linkBins [
41867 verbose linkBins   {
41867 verbose linkBins     'cross-env': 'dist/bin/cross-env.js',
41867 verbose linkBins     'cross-env-shell': 'dist/bin/cross-env-shell.js'
41867 verbose linkBins   },
41867 verbose linkBins   'D:\\software\\CodeLibrary\\es-vue-project\\node_modules\\.bin',
41867 verbose linkBins   false
41867 verbose linkBins ]
41868 silly build css-loader@0.28.11
41869 info linkStuff css-loader@0.28.11
41870 silly linkStuff css-loader@0.28.11 has D:\software\CodeLibrary\es-vue-project\node_modules as its parent node_modules
41871 silly build element-ui@2.15.13
41872 info linkStuff element-ui@2.15.13
41873 silly linkStuff element-ui@2.15.13 has D:\software\CodeLibrary\es-vue-project\node_modules as its parent node_modules
41874 silly build eslint@4.19.1
41875 info linkStuff eslint@4.19.1
41876 silly linkStuff eslint@4.19.1 has D:\software\CodeLibrary\es-vue-project\node_modules as its parent node_modules
41877 verbose linkBins [
41877 verbose linkBins   { eslint: 'bin/eslint.js' },
41877 verbose linkBins   'D:\\software\\CodeLibrary\\es-vue-project\\node_modules\\.bin',
41877 verbose linkBins   false
41877 verbose linkBins ]
41878 silly build eslint-config-standard@10.2.1
41879 info linkStuff eslint-config-standard@10.2.1
41880 silly linkStuff eslint-config-standard@10.2.1 has D:\software\CodeLibrary\es-vue-project\node_modules as its parent node_modules
41881 silly build eslint-friendly-formatter@3.0.0
41882 info linkStuff eslint-friendly-formatter@3.0.0
41883 silly linkStuff eslint-friendly-formatter@3.0.0 has D:\software\CodeLibrary\es-vue-project\node_modules as its parent node_modules
41884 silly build eslint-loader@1.9.0
41885 info linkStuff eslint-loader@1.9.0
41886 silly linkStuff eslint-loader@1.9.0 has D:\software\CodeLibrary\es-vue-project\node_modules as its parent node_modules
41887 silly build eslint-plugin-import@2.27.5
41888 info linkStuff eslint-plugin-import@2.27.5
41889 silly linkStuff eslint-plugin-import@2.27.5 has D:\software\CodeLibrary\es-vue-project\node_modules as its parent node_modules
41890 silly build eslint-plugin-node@5.2.1
41891 info linkStuff eslint-plugin-node@5.2.1
41892 silly linkStuff eslint-plugin-node@5.2.1 has D:\software\CodeLibrary\es-vue-project\node_modules as its parent node_modules
41893 silly build eslint-plugin-promise@3.8.0
41894 info linkStuff eslint-plugin-promise@3.8.0
41895 silly linkStuff eslint-plugin-promise@3.8.0 has D:\software\CodeLibrary\es-vue-project\node_modules as its parent node_modules
41896 silly build eslint-plugin-standard@3.1.0
41897 info linkStuff eslint-plugin-standard@3.1.0
41898 silly linkStuff eslint-plugin-standard@3.1.0 has D:\software\CodeLibrary\es-vue-project\node_modules as its parent node_modules
41899 silly build eslint-plugin-vue@4.7.1
41900 info linkStuff eslint-plugin-vue@4.7.1
41901 silly linkStuff eslint-plugin-vue@4.7.1 has D:\software\CodeLibrary\es-vue-project\node_modules as its parent node_modules
41902 silly build extract-text-webpack-plugin@3.0.2
41903 info linkStuff extract-text-webpack-plugin@3.0.2
41904 silly linkStuff extract-text-webpack-plugin@3.0.2 has D:\software\CodeLibrary\es-vue-project\node_modules as its parent node_modules
41905 silly build file-loader@1.1.11
41906 info linkStuff file-loader@1.1.11
41907 silly linkStuff file-loader@1.1.11 has D:\software\CodeLibrary\es-vue-project\node_modules as its parent node_modules
41908 silly build friendly-errors-webpack-plugin@1.7.0
41909 info linkStuff friendly-errors-webpack-plugin@1.7.0
41910 silly linkStuff friendly-errors-webpack-plugin@1.7.0 has D:\software\CodeLibrary\es-vue-project\node_modules as its parent node_modules
41911 silly build html-webpack-plugin@2.30.1
41912 info linkStuff html-webpack-plugin@2.30.1
41913 silly linkStuff html-webpack-plugin@2.30.1 has D:\software\CodeLibrary\es-vue-project\node_modules as its parent node_modules
41914 silly build inject-loader@3.0.1
41915 info linkStuff inject-loader@3.0.1
41916 silly linkStuff inject-loader@3.0.1 has D:\software\CodeLibrary\es-vue-project\node_modules as its parent node_modules
41917 silly build karma@1.7.1
41918 info linkStuff karma@1.7.1
41919 silly linkStuff karma@1.7.1 has D:\software\CodeLibrary\es-vue-project\node_modules as its parent node_modules
41920 verbose linkBins [
41920 verbose linkBins   { karma: 'bin/karma' },
41920 verbose linkBins   'D:\\software\\CodeLibrary\\es-vue-project\\node_modules\\.bin',
41920 verbose linkBins   false
41920 verbose linkBins ]
41921 silly build karma-coverage@1.1.2
41922 info linkStuff karma-coverage@1.1.2
41923 silly linkStuff karma-coverage@1.1.2 has D:\software\CodeLibrary\es-vue-project\node_modules as its parent node_modules
41924 silly build karma-mocha@1.3.0
41925 info linkStuff karma-mocha@1.3.0
41926 silly linkStuff karma-mocha@1.3.0 has D:\software\CodeLibrary\es-vue-project\node_modules as its parent node_modules
41927 silly build karma-phantomjs-launcher@1.0.4
41928 info linkStuff karma-phantomjs-launcher@1.0.4
41929 silly linkStuff karma-phantomjs-launcher@1.0.4 has D:\software\CodeLibrary\es-vue-project\node_modules as its parent node_modules
41930 silly build karma-phantomjs-shim@1.5.0
41931 info linkStuff karma-phantomjs-shim@1.5.0
41932 silly linkStuff karma-phantomjs-shim@1.5.0 has D:\software\CodeLibrary\es-vue-project\node_modules as its parent node_modules
41933 silly build karma-sinon-chai@1.3.4
41934 info linkStuff karma-sinon-chai@1.3.4
41935 silly linkStuff karma-sinon-chai@1.3.4 has D:\software\CodeLibrary\es-vue-project\node_modules as its parent node_modules
41936 silly build karma-sourcemap-loader@0.3.8
41937 info linkStuff karma-sourcemap-loader@0.3.8
41938 silly linkStuff karma-sourcemap-loader@0.3.8 has D:\software\CodeLibrary\es-vue-project\node_modules as its parent node_modules
41939 silly build karma-spec-reporter@0.0.31
41940 info linkStuff karma-spec-reporter@0.0.31
41941 silly linkStuff karma-spec-reporter@0.0.31 has D:\software\CodeLibrary\es-vue-project\node_modules as its parent node_modules
41942 silly build karma-webpack@2.0.13
41943 info linkStuff karma-webpack@2.0.13
41944 silly linkStuff karma-webpack@2.0.13 has D:\software\CodeLibrary\es-vue-project\node_modules as its parent node_modules
41945 silly build mocha@3.5.3
41946 info linkStuff mocha@3.5.3
41947 silly linkStuff mocha@3.5.3 has D:\software\CodeLibrary\es-vue-project\node_modules as its parent node_modules
41948 verbose linkBins [
41948 verbose linkBins   { mocha: 'bin/mocha', _mocha: 'bin/_mocha' },
41948 verbose linkBins   'D:\\software\\CodeLibrary\\es-vue-project\\node_modules\\.bin',
41948 verbose linkBins   false
41948 verbose linkBins ]
41949 silly build node-notifier@5.4.5
41950 info linkStuff node-notifier@5.4.5
41951 silly linkStuff node-notifier@5.4.5 has D:\software\CodeLibrary\es-vue-project\node_modules as its parent node_modules
41952 silly build optimize-css-assets-webpack-plugin@3.2.1
41953 info linkStuff optimize-css-assets-webpack-plugin@3.2.1
41954 silly linkStuff optimize-css-assets-webpack-plugin@3.2.1 has D:\software\CodeLibrary\es-vue-project\node_modules as its parent node_modules
41955 silly build ora@1.4.0
41956 info linkStuff ora@1.4.0
41957 silly linkStuff ora@1.4.0 has D:\software\CodeLibrary\es-vue-project\node_modules as its parent node_modules
41958 silly build postcss-import@11.1.0
41959 info linkStuff postcss-import@11.1.0
41960 silly linkStuff postcss-import@11.1.0 has D:\software\CodeLibrary\es-vue-project\node_modules as its parent node_modules
41961 silly build postcss-loader@2.1.6
41962 info linkStuff postcss-loader@2.1.6
41963 silly linkStuff postcss-loader@2.1.6 has D:\software\CodeLibrary\es-vue-project\node_modules as its parent node_modules
41964 silly build postcss-url@7.3.2
41965 info linkStuff postcss-url@7.3.2
41966 silly linkStuff postcss-url@7.3.2 has D:\software\CodeLibrary\es-vue-project\node_modules as its parent node_modules
41967 silly build shelljs@0.8.5
41968 info linkStuff shelljs@0.8.5
41969 silly linkStuff shelljs@0.8.5 has D:\software\CodeLibrary\es-vue-project\node_modules as its parent node_modules
41970 verbose linkBins [
41970 verbose linkBins   { shjs: 'bin/shjs' },
41970 verbose linkBins   'D:\\software\\CodeLibrary\\es-vue-project\\node_modules\\.bin',
41970 verbose linkBins   false
41970 verbose linkBins ]
41971 silly build sinon@4.5.0
41972 info linkStuff sinon@4.5.0
41973 silly linkStuff sinon@4.5.0 has D:\software\CodeLibrary\es-vue-project\node_modules as its parent node_modules
41974 silly build sinon-chai@2.14.0
41975 info linkStuff sinon-chai@2.14.0
41976 silly linkStuff sinon-chai@2.14.0 has D:\software\CodeLibrary\es-vue-project\node_modules as its parent node_modules
41977 silly build uglifyjs-webpack-plugin@1.3.0
41978 info linkStuff uglifyjs-webpack-plugin@1.3.0
41979 silly linkStuff uglifyjs-webpack-plugin@1.3.0 has D:\software\CodeLibrary\es-vue-project\node_modules as its parent node_modules
41980 silly build url-loader@0.5.9
41981 info linkStuff url-loader@0.5.9
41982 silly linkStuff url-loader@0.5.9 has D:\software\CodeLibrary\es-vue-project\node_modules as its parent node_modules
41983 silly build vue@2.7.14
41984 info linkStuff vue@2.7.14
41985 silly linkStuff vue@2.7.14 has D:\software\CodeLibrary\es-vue-project\node_modules as its parent node_modules
41986 silly build vue-loader@13.7.3
41987 info linkStuff vue-loader@13.7.3
41988 silly linkStuff vue-loader@13.7.3 has D:\software\CodeLibrary\es-vue-project\node_modules as its parent node_modules
41989 silly build vue-router@3.6.5
41990 info linkStuff vue-router@3.6.5
41991 silly linkStuff vue-router@3.6.5 has D:\software\CodeLibrary\es-vue-project\node_modules as its parent node_modules
41992 silly build vue-template-compiler@2.7.14
41993 info linkStuff vue-template-compiler@2.7.14
41994 silly linkStuff vue-template-compiler@2.7.14 has D:\software\CodeLibrary\es-vue-project\node_modules as its parent node_modules
41995 silly build webpack@3.12.0
41996 info linkStuff webpack@3.12.0
41997 silly linkStuff webpack@3.12.0 has D:\software\CodeLibrary\es-vue-project\node_modules as its parent node_modules
41998 verbose linkBins [
41998 verbose linkBins   { webpack: 'bin/webpack.js' },
41998 verbose linkBins   'D:\\software\\CodeLibrary\\es-vue-project\\node_modules\\.bin',
41998 verbose linkBins   false
41998 verbose linkBins ]
41999 silly build webpack-bundle-analyzer@2.13.1
42000 info linkStuff webpack-bundle-analyzer@2.13.1
42001 silly linkStuff webpack-bundle-analyzer@2.13.1 has D:\software\CodeLibrary\es-vue-project\node_modules as its parent node_modules
42002 verbose linkBins [
42002 verbose linkBins   { 'webpack-bundle-analyzer': 'lib/bin/analyzer.js' },
42002 verbose linkBins   'D:\\software\\CodeLibrary\\es-vue-project\\node_modules\\.bin',
42002 verbose linkBins   false
42002 verbose linkBins ]
42003 silly build webpack-dev-server@2.11.5
42004 info linkStuff webpack-dev-server@2.11.5
42005 silly linkStuff webpack-dev-server@2.11.5 has D:\software\CodeLibrary\es-vue-project\node_modules as its parent node_modules
42006 verbose linkBins [
42006 verbose linkBins   { 'webpack-dev-server': 'bin/webpack-dev-server.js' },
42006 verbose linkBins   'D:\\software\\CodeLibrary\\es-vue-project\\node_modules\\.bin',
42006 verbose linkBins   false
42006 verbose linkBins ]
42007 silly build webpack-merge@4.2.2
42008 info linkStuff webpack-merge@4.2.2
42009 silly linkStuff webpack-merge@4.2.2 has D:\software\CodeLibrary\es-vue-project\node_modules as its parent node_modules
42010 timing action:build Completed in 643ms
42011 silly doSerial global-link 14384
42012 silly doParallel update-linked 0
42013 silly doSerial install 14384
42014 silly install jsesc@2.5.2
42015 info lifecycle jsesc@2.5.2~install: jsesc@2.5.2
42016 silly install source-map@0.5.7
42017 info lifecycle source-map@0.5.7~install: source-map@0.5.7
42018 silly install @babel/parser@7.21.4
42019 info lifecycle @babel/parser@7.21.4~install: @babel/parser@7.21.4
42020 silly install babylon@7.0.0-beta.44
42021 info lifecycle babylon@7.0.0-beta.44~install: babylon@7.0.0-beta.44
42022 silly install babylon@7.0.0-beta.44
42023 info lifecycle babylon@7.0.0-beta.44~install: babylon@7.0.0-beta.44
42024 silly install globals@11.12.0
42025 info lifecycle globals@11.12.0~install: globals@11.12.0
42026 silly install ms@2.1.3
42027 info lifecycle ms@2.1.3~install: ms@2.1.3
42028 silly install debug@3.2.7
42029 info lifecycle debug@3.2.7~install: debug@3.2.7
42030 silly install to-fast-properties@2.0.0
42031 info lifecycle to-fast-properties@2.0.0~install: to-fast-properties@2.0.0
42032 silly install @sinonjs/text-encoding@0.7.2
42033 info lifecycle @sinonjs/text-encoding@0.7.2~install: @sinonjs/text-encoding@0.7.2
42034 silly install @types/json5@0.0.29
42035 info lifecycle @types/json5@0.0.29~install: @types/json5@0.0.29
42036 silly install @types/q@1.5.5
42037 info lifecycle @types/q@1.5.5~install: @types/q@1.5.5
42038 silly install abbrev@1.0.9
42039 info lifecycle abbrev@1.0.9~install: abbrev@1.0.9
42040 silly install acorn@5.7.4
42041 info lifecycle acorn@5.7.4~install: acorn@5.7.4
42042 silly install acorn@4.0.13
42043 info lifecycle acorn@4.0.13~install: acorn@4.0.13
42044 silly install acorn-dynamic-import@2.0.2
42045 info lifecycle acorn-dynamic-import@2.0.2~install: acorn-dynamic-import@2.0.2
42046 silly install acorn@3.3.0
42047 info lifecycle acorn@3.3.0~install: acorn@3.3.0
42048 silly install acorn-jsx@3.0.1
42049 info lifecycle acorn-jsx@3.0.1~install: acorn-jsx@3.0.1
42050 silly install after@0.8.2
42051 info lifecycle after@0.8.2~install: after@0.8.2
42052 silly install ajv-keywords@2.1.1
42053 info lifecycle ajv-keywords@2.1.1~install: ajv-keywords@2.1.1
42054 silly install alphanum-sort@1.0.2
42055 info lifecycle alphanum-sort@1.0.2~install: alphanum-sort@1.0.2
42056 silly install amdefine@1.0.1
42057 info lifecycle amdefine@1.0.1~install: amdefine@1.0.1
42058 silly install ansi-escapes@3.2.0
42059 info lifecycle ansi-escapes@3.2.0~install: ansi-escapes@3.2.0
42060 silly install ansi-html@0.0.7
42061 info lifecycle ansi-html@0.0.7~install: ansi-html@0.0.7
42062 silly install ansi-regex@2.1.1
42063 info lifecycle ansi-regex@2.1.1~install: ansi-regex@2.1.1
42064 silly install aproba@1.2.0
42065 info lifecycle aproba@1.2.0~install: aproba@1.2.0
42066 silly install arr-flatten@1.1.0
42067 info lifecycle arr-flatten@1.1.0~install: arr-flatten@1.1.0
42068 silly install arr-diff@2.0.0
42069 info lifecycle arr-diff@2.0.0~install: arr-diff@2.0.0
42070 silly install arr-union@3.1.0
42071 info lifecycle arr-union@3.1.0~install: arr-union@3.1.0
42072 silly install array-find-index@1.0.2
42073 info lifecycle array-find-index@1.0.2~install: array-find-index@1.0.2
42074 silly install array-flatten@1.1.1
42075 info lifecycle array-flatten@1.1.1~install: array-flatten@1.1.1
42076 silly install array-from@2.1.1
42077 info lifecycle array-from@2.1.1~install: array-from@2.1.1
42078 silly install array-slice@0.2.3
42079 info lifecycle array-slice@0.2.3~install: array-slice@0.2.3
42080 silly install array-uniq@1.0.3
42081 info lifecycle array-uniq@1.0.3~install: array-uniq@1.0.3
42082 silly install array-union@1.0.2
42083 info lifecycle array-union@1.0.2~install: array-union@1.0.2
42084 silly install array-unique@0.2.1
42085 info lifecycle array-unique@0.2.1~install: array-unique@0.2.1
42086 silly install arraybuffer.slice@0.0.6
42087 info lifecycle arraybuffer.slice@0.0.6~install: arraybuffer.slice@0.0.6
42088 silly install arrify@1.0.1
42089 info lifecycle arrify@1.0.1~install: arrify@1.0.1
42090 silly install bn.js@4.12.0
42091 info lifecycle bn.js@4.12.0~install: bn.js@4.12.0
42092 silly install assert-plus@1.0.0
42093 info lifecycle assert-plus@1.0.0~install: assert-plus@1.0.0
42094 silly install inherits@2.0.1
42095 info lifecycle inherits@2.0.1~install: inherits@2.0.1
42096 silly install util@0.10.3
42097 info lifecycle util@0.10.3~install: util@0.10.3
42098 silly install assertion-error@1.1.0
42099 info lifecycle assertion-error@1.1.0~install: assertion-error@1.1.0
42100 silly install assign-symbols@1.0.0
42101 info lifecycle assign-symbols@1.0.0~install: assign-symbols@1.0.0
42102 silly install async-each@1.0.6
42103 info lifecycle async-each@1.0.6~install: async-each@1.0.6
42104 silly install async-limiter@1.0.1
42105 info lifecycle async-limiter@1.0.1~install: async-limiter@1.0.1
42106 silly install asynckit@0.4.0
42107 info lifecycle asynckit@0.4.0~install: asynckit@0.4.0
42108 silly install atob@2.1.2
42109 info lifecycle atob@2.1.2~install: atob@2.1.2
42110 silly install available-typed-arrays@1.0.5
42111 info lifecycle available-typed-arrays@1.0.5~install: available-typed-arrays@1.0.5
42112 silly install aws-sign2@0.7.0
42113 info lifecycle aws-sign2@0.7.0~install: aws-sign2@0.7.0
42114 silly install aws4@1.12.0
42115 info lifecycle aws4@1.12.0~install: aws4@1.12.0
42116 silly install ansi-styles@2.2.1
42117 info lifecycle ansi-styles@2.2.1~install: ansi-styles@2.2.1
42118 silly install supports-color@2.0.0
42119 info lifecycle supports-color@2.0.0~install: supports-color@2.0.0
42120 silly install source-map@0.5.7
42121 info lifecycle source-map@0.5.7~install: source-map@0.5.7
42122 silly install babylon@7.0.0-beta.44
42123 info lifecycle babylon@7.0.0-beta.44~install: babylon@7.0.0-beta.44
42124 silly install source-map@0.5.7
42125 info lifecycle source-map@0.5.7~install: source-map@0.5.7
42126 silly install babel-helper-vue-jsx-merge-props@2.0.3
42127 info lifecycle babel-helper-vue-jsx-merge-props@2.0.3~install: babel-helper-vue-jsx-merge-props@2.0.3
42128 silly install babel-plugin-syntax-async-functions@6.13.0
42129 info lifecycle babel-plugin-syntax-async-functions@6.13.0~install: babel-plugin-syntax-async-functions@6.13.0
42130 silly install babel-plugin-syntax-async-generators@6.13.0
42131 info lifecycle babel-plugin-syntax-async-generators@6.13.0~install: babel-plugin-syntax-async-generators@6.13.0
42132 silly install babel-plugin-syntax-class-properties@6.13.0
42133 info lifecycle babel-plugin-syntax-class-properties@6.13.0~install: babel-plugin-syntax-class-properties@6.13.0
42134 silly install babel-plugin-syntax-decorators@6.13.0
42135 info lifecycle babel-plugin-syntax-decorators@6.13.0~install: babel-plugin-syntax-decorators@6.13.0
42136 silly install babel-plugin-syntax-dynamic-import@6.18.0
42137 info lifecycle babel-plugin-syntax-dynamic-import@6.18.0~install: babel-plugin-syntax-dynamic-import@6.18.0
42138 silly install babel-plugin-syntax-exponentiation-operator@6.13.0
42139 info lifecycle babel-plugin-syntax-exponentiation-operator@6.13.0~install: babel-plugin-syntax-exponentiation-operator@6.13.0
42140 silly install babel-plugin-syntax-object-rest-spread@6.13.0
42141 info lifecycle babel-plugin-syntax-object-rest-spread@6.13.0~install: babel-plugin-syntax-object-rest-spread@6.13.0
42142 silly install babel-plugin-syntax-trailing-function-commas@6.22.0
42143 info lifecycle babel-plugin-syntax-trailing-function-commas@6.22.0~install: babel-plugin-syntax-trailing-function-commas@6.22.0
42144 silly install babylon@6.18.0
42145 info lifecycle babylon@6.18.0~install: babylon@6.18.0
42146 silly install backo2@1.0.2
42147 info lifecycle backo2@1.0.2~install: backo2@1.0.2
42148 silly install balanced-match@1.0.2
42149 info lifecycle balanced-match@1.0.2~install: balanced-match@1.0.2
42150 silly install isobject@3.0.1
42151 info lifecycle isobject@3.0.1~install: isobject@3.0.1
42152 silly install kind-of@6.0.3
42153 info lifecycle kind-of@6.0.3~install: kind-of@6.0.3
42154 silly install is-accessor-descriptor@1.0.0
42155 info lifecycle is-accessor-descriptor@1.0.0~install: is-accessor-descriptor@1.0.0
42156 silly install is-data-descriptor@1.0.0
42157 info lifecycle is-data-descriptor@1.0.0~install: is-data-descriptor@1.0.0
42158 silly install is-descriptor@1.0.2
42159 info lifecycle is-descriptor@1.0.2~install: is-descriptor@1.0.2
42160 silly install define-property@1.0.0
42161 info lifecycle define-property@1.0.0~install: define-property@1.0.0
42162 silly install base64-arraybuffer@0.1.5
42163 info lifecycle base64-arraybuffer@0.1.5~install: base64-arraybuffer@0.1.5
42164 silly install base64-js@1.5.1
42165 info lifecycle base64-js@1.5.1~install: base64-js@1.5.1
42166 silly install base64id@1.0.0
42167 info lifecycle base64id@1.0.0~install: base64id@1.0.0
42168 silly install batch@0.6.1
42169 info lifecycle batch@0.6.1~install: batch@0.6.1
42170 silly install big.js@5.2.2
42171 info lifecycle big.js@5.2.2~install: big.js@5.2.2
42172 silly install binary-extensions@1.13.1
42173 info lifecycle binary-extensions@1.13.1~install: binary-extensions@1.13.1
42174 silly install blob@0.0.4
42175 info lifecycle blob@0.0.4~install: blob@0.0.4
42176 silly install bluebird@3.7.2
42177 info lifecycle bluebird@3.7.2~install: bluebird@3.7.2
42178 silly install bn.js@5.2.1
42179 info lifecycle bn.js@5.2.1~install: bn.js@5.2.1
42180 silly install array-flatten@2.1.2
42181 info lifecycle array-flatten@2.1.2~install: array-flatten@2.1.2
42182 silly install boolbase@1.0.0
42183 info lifecycle boolbase@1.0.0~install: boolbase@1.0.0
42184 silly install brorand@1.1.0
42185 info lifecycle brorand@1.1.0~install: brorand@1.1.0
42186 silly install browser-stdout@1.3.0
42187 info lifecycle browser-stdout@1.3.0~install: browser-stdout@1.3.0
42188 silly install safe-buffer@5.2.1
42189 info lifecycle safe-buffer@5.2.1~install: safe-buffer@5.2.1
42190 silly install buffer-alloc-unsafe@1.1.0
42191 info lifecycle buffer-alloc-unsafe@1.1.0~install: buffer-alloc-unsafe@1.1.0
42192 silly install buffer-crc32@0.2.13
42193 info lifecycle buffer-crc32@0.2.13~install: buffer-crc32@0.2.13
42194 silly install buffer-fill@1.0.0
42195 info lifecycle buffer-fill@1.0.0~install: buffer-fill@1.0.0
42196 silly install buffer-alloc@1.2.0
42197 info lifecycle buffer-alloc@1.2.0~install: buffer-alloc@1.2.0
42198 silly install buffer-from@1.1.2
42199 info lifecycle buffer-from@1.1.2~install: buffer-from@1.1.2
42200 silly install buffer-indexof@1.1.1
42201 info lifecycle buffer-indexof@1.1.1~install: buffer-indexof@1.1.1
42202 silly install buffer-xor@1.0.3
42203 info lifecycle buffer-xor@1.0.3~install: buffer-xor@1.0.3
42204 silly install builtin-status-codes@3.0.0
42205 info lifecycle builtin-status-codes@3.0.0~install: builtin-status-codes@3.0.0
42206 silly install bytes@3.1.2
42207 info lifecycle bytes@3.1.2~install: bytes@3.1.2
42208 silly install isobject@3.0.1
42209 info lifecycle isobject@3.0.1~install: isobject@3.0.1
42210 silly install callsites@2.0.0
42211 info lifecycle callsites@2.0.0~install: callsites@2.0.0
42212 silly install caller-callsite@2.0.0
42213 info lifecycle caller-callsite@2.0.0~install: caller-callsite@2.0.0
42214 silly install callsite@1.0.0
42215 info lifecycle callsite@1.0.0~install: callsite@1.0.0
42216 silly install better-assert@1.0.2
42217 info lifecycle better-assert@1.0.2~install: better-assert@1.0.2
42218 silly install callsites@0.2.0
42219 info lifecycle callsites@0.2.0~install: callsites@0.2.0
42220 silly install caller-path@0.1.0
42221 info lifecycle caller-path@0.1.0~install: caller-path@0.1.0
42222 silly install camelcase@2.1.1
42223 info lifecycle camelcase@2.1.1~install: camelcase@2.1.1
42224 silly install caniuse-db@1.0.30001481
42225 info lifecycle caniuse-db@1.0.30001481~install: caniuse-db@1.0.30001481
42226 silly install caniuse-lite@1.0.30001481
42227 info lifecycle caniuse-lite@1.0.30001481~install: caniuse-lite@1.0.30001481
42228 silly install caseless@0.12.0
42229 info lifecycle caseless@0.12.0~install: caseless@0.12.0
42230 silly install chardet@0.4.2
42231 info lifecycle chardet@0.4.2~install: chardet@0.4.2
42232 silly install check-error@1.0.2
42233 info lifecycle check-error@1.0.2~install: check-error@1.0.2
42234 silly install check-types@7.4.0
42235 info lifecycle check-types@7.4.0~install: check-types@7.4.0
42236 silly install chownr@1.1.4
42237 info lifecycle chownr@1.1.4~install: chownr@1.1.4
42238 silly install circular-json@0.3.3
42239 info lifecycle circular-json@0.3.3~install: circular-json@0.3.3
42240 silly install ansi-styles@2.2.1
42241 info lifecycle ansi-styles@2.2.1~install: ansi-styles@2.2.1
42242 silly install supports-color@2.0.0
42243 info lifecycle supports-color@2.0.0~install: supports-color@2.0.0
42244 silly install isobject@3.0.1
42245 info lifecycle isobject@3.0.1~install: isobject@3.0.1
42246 silly install cli-spinners@1.3.1
42247 info lifecycle cli-spinners@1.3.1~install: cli-spinners@1.3.1
42248 silly install cli-width@2.2.1
42249 info lifecycle cli-width@2.2.1~install: cli-width@2.2.1
42250 silly install wordwrap@0.0.2
42251 info lifecycle wordwrap@0.0.2~install: wordwrap@0.0.2
42252 silly install clone@1.0.4
42253 info lifecycle clone@1.0.4~install: clone@1.0.4
42254 silly install co@4.6.0
42255 info lifecycle co@4.6.0~install: co@4.6.0
42256 silly install coalescy@1.0.0
42257 info lifecycle coalescy@1.0.0~install: coalescy@1.0.0
42258 silly install code-point-at@1.1.0
42259 info lifecycle code-point-at@1.1.0~install: code-point-at@1.1.0
42260 silly install color-name@1.1.3
42261 info lifecycle color-name@1.1.3~install: color-name@1.1.3
42262 silly install color-convert@1.9.3
42263 info lifecycle color-convert@1.9.3~install: color-convert@1.9.3
42264 silly install ansi-styles@3.2.1
42265 info lifecycle ansi-styles@3.2.1~install: ansi-styles@3.2.1
42266 silly install color-string@0.3.0
42267 info lifecycle color-string@0.3.0~install: color-string@0.3.0
42268 silly install color@0.11.4
42269 info lifecycle color@0.11.4~install: color@0.11.4
42270 silly install colors@1.1.2
42271 info lifecycle colors@1.1.2~install: colors@1.1.2
42272 silly install commander@2.17.1
42273 info lifecycle commander@2.17.1~install: commander@2.17.1
42274 silly install commondir@1.0.1
42275 info lifecycle commondir@1.0.1~install: commondir@1.0.1
42276 silly install component-bind@1.0.0
42277 info lifecycle component-bind@1.0.0~install: component-bind@1.0.0
42278 silly install component-emitter@1.3.0
42279 info lifecycle component-emitter@1.3.0~install: component-emitter@1.3.0
42280 silly install component-inherit@0.0.3
42281 info lifecycle component-inherit@0.0.3~install: component-inherit@0.0.3
42282 silly install bytes@3.0.0
42283 info lifecycle bytes@3.0.0~install: bytes@3.0.0
42284 silly install negotiator@0.6.3
42285 info lifecycle negotiator@0.6.3~install: negotiator@0.6.3
42286 silly install concat-map@0.0.1
42287 info lifecycle concat-map@0.0.1~install: concat-map@0.0.1
42288 silly install brace-expansion@1.1.11
42289 info lifecycle brace-expansion@1.1.11~install: brace-expansion@1.1.11
42290 silly install connect-history-api-fallback@1.6.0
42291 info lifecycle connect-history-api-fallback@1.6.0~install: connect-history-api-fallback@1.6.0
42292 silly install console-browserify@1.2.0
42293 info lifecycle console-browserify@1.2.0~install: console-browserify@1.2.0
42294 silly install consolidate@0.14.5
42295 info lifecycle consolidate@0.14.5~install: consolidate@0.14.5
42296 silly install constants-browserify@1.0.0
42297 info lifecycle constants-browserify@1.0.0~install: constants-browserify@1.0.0
42298 silly install safe-buffer@5.2.1
42299 info lifecycle safe-buffer@5.2.1~install: safe-buffer@5.2.1
42300 silly install content-disposition@0.5.4
42301 info lifecycle content-disposition@0.5.4~install: content-disposition@0.5.4
42302 silly install content-type@1.0.5
42303 info lifecycle content-type@1.0.5~install: content-type@1.0.5
42304 silly install convert-source-map@1.9.0
42305 info lifecycle convert-source-map@1.9.0~install: convert-source-map@1.9.0
42306 silly install cookie@0.3.1
42307 info lifecycle cookie@0.3.1~install: cookie@0.3.1
42308 silly install cookie-signature@1.0.6
42309 info lifecycle cookie-signature@1.0.6~install: cookie-signature@1.0.6
42310 silly install copy-descriptor@0.1.1
42311 info lifecycle copy-descriptor@0.1.1~install: copy-descriptor@0.1.1
42312 silly install is-extglob@2.1.1
42313 info lifecycle is-extglob@2.1.1~install: is-extglob@2.1.1
42314 silly install is-glob@4.0.3
42315 info lifecycle is-glob@4.0.3~install: is-glob@4.0.3
42316 silly install core-js@2.6.12
42317 info lifecycle core-js@2.6.12~install: core-js@2.6.12
42318 silly install core-util-is@1.0.3
42319 info lifecycle core-util-is@1.0.3~install: core-util-is@1.0.3
42320 silly install esprima@4.0.1
42321 info lifecycle esprima@4.0.1~install: esprima@4.0.1
42322 silly install bn.js@4.12.0
42323 info lifecycle bn.js@4.12.0~install: bn.js@4.12.0
42324 silly install css-color-names@0.0.4
42325 info lifecycle css-color-names@0.0.4~install: css-color-names@0.0.4
42326 silly install picocolors@0.2.1
42327 info lifecycle picocolors@0.2.1~install: picocolors@0.2.1
42328 silly install ansi-styles@2.2.1
42329 info lifecycle ansi-styles@2.2.1~install: ansi-styles@2.2.1
42330 silly install supports-color@2.0.0
42331 info lifecycle supports-color@2.0.0~install: supports-color@2.0.0
42332 silly install has-flag@1.0.0
42333 info lifecycle has-flag@1.0.0~install: has-flag@1.0.0
42334 silly install source-map@0.5.7
42335 info lifecycle source-map@0.5.7~install: source-map@0.5.7
42336 silly install supports-color@3.2.3
42337 info lifecycle supports-color@3.2.3~install: supports-color@3.2.3
42338 silly install css-select-base-adapter@0.1.1
42339 info lifecycle css-select-base-adapter@0.1.1~install: css-select-base-adapter@0.1.1
42340 silly install css-what@6.1.0
42341 info lifecycle css-what@6.1.0~install: css-what@6.1.0
42342 silly install cssesc@3.0.0
42343 info lifecycle cssesc@3.0.0~install: cssesc@3.0.0
42344 silly install css-what@3.4.2
42345 info lifecycle css-what@3.4.2~install: css-what@3.4.2
42346 silly install domelementtype@2.3.0
42347 info lifecycle domelementtype@2.3.0~install: domelementtype@2.3.0
42348 silly install domelementtype@1.3.1
42349 info lifecycle domelementtype@1.3.1~install: domelementtype@1.3.1
42350 silly install esprima@4.0.1
42351 info lifecycle esprima@4.0.1~install: esprima@4.0.1
42352 silly install mdn-data@2.0.14
42353 info lifecycle mdn-data@2.0.14~install: mdn-data@2.0.14
42354 silly install normalize-url@3.3.0
42355 info lifecycle normalize-url@3.3.0~install: normalize-url@3.3.0
42356 silly install nth-check@1.0.2
42357 info lifecycle nth-check@1.0.2~install: nth-check@1.0.2
42358 silly install picocolors@0.2.1
42359 info lifecycle picocolors@0.2.1~install: picocolors@0.2.1
42360 silly install postcss-value-parser@3.3.1
42361 info lifecycle postcss-value-parser@3.3.1~install: postcss-value-parser@3.3.1
42362 silly install postcss-value-parser@3.3.1
42363 info lifecycle postcss-value-parser@3.3.1~install: postcss-value-parser@3.3.1
42364 silly install postcss-value-parser@3.3.1
42365 info lifecycle postcss-value-parser@3.3.1~install: postcss-value-parser@3.3.1
42366 silly install postcss-value-parser@3.3.1
42367 info lifecycle postcss-value-parser@3.3.1~install: postcss-value-parser@3.3.1
42368 silly install postcss-value-parser@3.3.1
42369 info lifecycle postcss-value-parser@3.3.1~install: postcss-value-parser@3.3.1
42370 silly install postcss-value-parser@3.3.1
42371 info lifecycle postcss-value-parser@3.3.1~install: postcss-value-parser@3.3.1
42372 silly install postcss-value-parser@3.3.1
42373 info lifecycle postcss-value-parser@3.3.1~install: postcss-value-parser@3.3.1
42374 silly install postcss-value-parser@3.3.1
42375 info lifecycle postcss-value-parser@3.3.1~install: postcss-value-parser@3.3.1
42376 silly install postcss-value-parser@3.3.1
42377 info lifecycle postcss-value-parser@3.3.1~install: postcss-value-parser@3.3.1
42378 silly install postcss-value-parser@3.3.1
42379 info lifecycle postcss-value-parser@3.3.1~install: postcss-value-parser@3.3.1
42380 silly install postcss-value-parser@4.2.0
42381 info lifecycle postcss-value-parser@4.2.0~install: postcss-value-parser@4.2.0
42382 silly install cssnano-util-get-arguments@4.0.0
42383 info lifecycle cssnano-util-get-arguments@4.0.0~install: cssnano-util-get-arguments@4.0.0
42384 silly install cssnano-util-get-match@4.0.0
42385 info lifecycle cssnano-util-get-match@4.0.0~install: cssnano-util-get-match@4.0.0
42386 silly install picocolors@0.2.1
42387 info lifecycle picocolors@0.2.1~install: picocolors@0.2.1
42388 silly install cssnano-util-same-parent@4.0.1
42389 info lifecycle cssnano-util-same-parent@4.0.1~install: cssnano-util-same-parent@4.0.1
42390 silly install ansi-styles@2.2.1
42391 info lifecycle ansi-styles@2.2.1~install: ansi-styles@2.2.1
42392 silly install supports-color@2.0.0
42393 info lifecycle supports-color@2.0.0~install: supports-color@2.0.0
42394 silly install has-flag@1.0.0
42395 info lifecycle has-flag@1.0.0~install: has-flag@1.0.0
42396 silly install source-map@0.5.7
42397 info lifecycle source-map@0.5.7~install: source-map@0.5.7
42398 silly install supports-color@3.2.3
42399 info lifecycle supports-color@3.2.3~install: supports-color@3.2.3
42400 silly install source-map@0.5.7
42401 info lifecycle source-map@0.5.7~install: source-map@0.5.7
42402 silly install csstype@3.1.2
42403 info lifecycle csstype@3.1.2~install: csstype@3.1.2
42404 silly install cuint@0.2.2
42405 info lifecycle cuint@0.2.2~install: cuint@0.2.2
42406 silly install currently-unhandled@0.4.1
42407 info lifecycle currently-unhandled@0.4.1~install: currently-unhandled@0.4.1
42408 silly install custom-event@1.0.1
42409 info lifecycle custom-event@1.0.1~install: custom-event@1.0.1
42410 silly install cyclist@1.0.1
42411 info lifecycle cyclist@1.0.1~install: cyclist@1.0.1
42412 silly install dashdash@1.14.1
42413 info lifecycle dashdash@1.14.1~install: dashdash@1.14.1
42414 silly install de-indent@1.0.2
42415 info lifecycle de-indent@1.0.2~install: de-indent@1.0.2
42416 silly install decamelize@1.2.0
42417 info lifecycle decamelize@1.2.0~install: decamelize@1.2.0
42418 silly install decode-uri-component@0.2.2
42419 info lifecycle decode-uri-component@0.2.2~install: decode-uri-component@0.2.2
42420 silly install deep-is@0.1.4
42421 info lifecycle deep-is@0.1.4~install: deep-is@0.1.4
42422 silly install deepmerge@1.5.2
42423 info lifecycle deepmerge@1.5.2~install: deepmerge@1.5.2
42424 silly install isobject@3.0.1
42425 info lifecycle isobject@3.0.1~install: isobject@3.0.1
42426 silly install kind-of@6.0.3
42427 info lifecycle kind-of@6.0.3~install: kind-of@6.0.3
42428 silly install is-accessor-descriptor@1.0.0
42429 info lifecycle is-accessor-descriptor@1.0.0~install: is-accessor-descriptor@1.0.0
42430 silly install is-data-descriptor@1.0.0
42431 info lifecycle is-data-descriptor@1.0.0~install: is-data-descriptor@1.0.0
42432 silly install is-descriptor@1.0.2
42433 info lifecycle is-descriptor@1.0.2~install: is-descriptor@1.0.2
42434 silly install define-property@2.0.2
42435 info lifecycle define-property@2.0.2~install: define-property@2.0.2
42436 silly install defined@1.0.1
42437 info lifecycle defined@1.0.1~install: defined@1.0.1
42438 silly install pify@2.3.0
42439 info lifecycle pify@2.3.0~install: pify@2.3.0
42440 silly install delayed-stream@1.0.0
42441 info lifecycle delayed-stream@1.0.0~install: delayed-stream@1.0.0
42442 silly install combined-stream@1.0.8
42443 info lifecycle combined-stream@1.0.8~install: combined-stream@1.0.8
42444 silly install depd@2.0.0
42445 info lifecycle depd@2.0.0~install: depd@2.0.0
42446 silly install destroy@1.2.0
42447 info lifecycle destroy@1.2.0~install: destroy@1.2.0
42448 silly install detect-node@2.1.0
42449 info lifecycle detect-node@2.1.0~install: detect-node@2.1.0
42450 silly install di@0.0.1
42451 info lifecycle di@0.0.1~install: di@0.0.1
42452 silly install diff@3.2.0
42453 info lifecycle diff@3.2.0~install: diff@3.2.0
42454 silly install bn.js@4.12.0
42455 info lifecycle bn.js@4.12.0~install: bn.js@4.12.0
42456 silly install dns-equal@1.0.0
42457 info lifecycle dns-equal@1.0.0~install: dns-equal@1.0.0
42458 silly install dns-txt@2.0.2
42459 info lifecycle dns-txt@2.0.2~install: dns-txt@2.0.2
42460 silly install domain-browser@1.2.0
42461 info lifecycle domain-browser@1.2.0~install: domain-browser@1.2.0
42462 silly install domelementtype@2.3.0
42463 info lifecycle domelementtype@2.3.0~install: domelementtype@2.3.0
42464 silly install domhandler@4.3.1
42465 info lifecycle domhandler@4.3.1~install: domhandler@4.3.1
42466 silly install duplexer@0.1.2
42467 info lifecycle duplexer@0.1.2~install: duplexer@0.1.2
42468 silly install ee-first@1.1.1
42469 info lifecycle ee-first@1.1.1~install: ee-first@1.1.1
42470 silly install ejs@2.7.4
42471 info lifecycle ejs@2.7.4~install: ejs@2.7.4
42472 silly install electron-to-chromium@1.4.371
42473 info lifecycle electron-to-chromium@1.4.371~install: electron-to-chromium@1.4.371
42474 silly install browserslist@3.2.8
42475 info lifecycle browserslist@3.2.8~install: browserslist@3.2.8
42476 silly install browserslist@2.11.3
42477 info lifecycle browserslist@2.11.3~install: browserslist@2.11.3
42478 silly install browserslist@1.7.7
42479 info lifecycle browserslist@1.7.7~install: browserslist@1.7.7
42480 silly install browserslist@1.7.7
42481 info lifecycle browserslist@1.7.7~install: browserslist@1.7.7
42482 silly install bn.js@4.12.0
42483 info lifecycle bn.js@4.12.0~install: bn.js@4.12.0
42484 silly install emojis-list@3.0.0
42485 info lifecycle emojis-list@3.0.0~install: emojis-list@3.0.0
42486 silly install encodeurl@1.0.2
42487 info lifecycle encodeurl@1.0.2~install: encodeurl@1.0.2
42488 silly install component-emitter@1.2.1
42489 info lifecycle component-emitter@1.2.1~install: component-emitter@1.2.1
42490 silly install ms@0.7.2
42491 info lifecycle ms@0.7.2~install: ms@0.7.2
42492 silly install debug@2.3.3
42493 info lifecycle debug@2.3.3~install: debug@2.3.3
42494 silly install ms@0.7.2
42495 info lifecycle ms@0.7.2~install: ms@0.7.2
42496 silly install debug@2.3.3
42497 info lifecycle debug@2.3.3~install: debug@2.3.3
42498 silly install ent@2.2.0
42499 info lifecycle ent@2.2.0~install: ent@2.2.0
42500 silly install entities@2.2.0
42501 info lifecycle entities@2.2.0~install: entities@2.2.0
42502 silly install dom-serializer@0.2.2
42503 info lifecycle dom-serializer@0.2.2~install: dom-serializer@0.2.2
42504 silly install domutils@1.7.0
42505 info lifecycle domutils@1.7.0~install: domutils@1.7.0
42506 silly install css-select@2.1.0
42507 info lifecycle css-select@2.1.0~install: css-select@2.1.0
42508 silly install dom-serializer@1.4.1
42509 info lifecycle dom-serializer@1.4.1~install: dom-serializer@1.4.1
42510 silly install domutils@2.8.0
42511 info lifecycle domutils@2.8.0~install: domutils@2.8.0
42512 silly install es-array-method-boxes-properly@1.0.0
42513 info lifecycle es-array-method-boxes-properly@1.0.0~install: es-array-method-boxes-properly@1.0.0
42514 silly install es6-promise@4.2.8
42515 info lifecycle es6-promise@4.2.8~install: es6-promise@4.2.8
42516 silly install type@2.7.2
42517 info lifecycle type@2.7.2~install: type@2.7.2
42518 silly install escalade@3.1.1
42519 info lifecycle escalade@3.1.1~install: escalade@3.1.1
42520 silly install escape-html@1.0.3
42521 info lifecycle escape-html@1.0.3~install: escape-html@1.0.3
42522 silly install escape-string-regexp@1.0.5
42523 info lifecycle escape-string-regexp@1.0.5~install: escape-string-regexp@1.0.5
42524 silly install estraverse@1.9.3
42525 info lifecycle estraverse@1.9.3~install: estraverse@1.9.3
42526 silly install source-map@0.2.0
42527 info lifecycle source-map@0.2.0~install: source-map@0.2.0
42528 silly install ansi-styles@2.2.1
42529 info lifecycle ansi-styles@2.2.1~install: ansi-styles@2.2.1
42530 silly install supports-color@2.0.0
42531 info lifecycle supports-color@2.0.0~install: supports-color@2.0.0
42532 silly install ms@2.1.3
42533 info lifecycle ms@2.1.3~install: ms@2.1.3
42534 silly install debug@3.2.7
42535 info lifecycle debug@3.2.7~install: debug@3.2.7
42536 silly install ms@2.1.3
42537 info lifecycle ms@2.1.3~install: ms@2.1.3
42538 silly install debug@3.2.7
42539 info lifecycle debug@3.2.7~install: debug@3.2.7
42540 silly install eslint-module-utils@2.8.0
42541 info lifecycle eslint-module-utils@2.8.0~install: eslint-module-utils@2.8.0
42542 silly install is-extglob@2.1.1
42543 info lifecycle is-extglob@2.1.1~install: is-extglob@2.1.1
42544 silly install is-glob@4.0.3
42545 info lifecycle is-glob@4.0.3~install: is-glob@4.0.3
42546 silly install ms@2.1.3
42547 info lifecycle ms@2.1.3~install: ms@2.1.3
42548 silly install debug@3.2.7
42549 info lifecycle debug@3.2.7~install: debug@3.2.7
42550 silly install semver@6.3.0
42551 info lifecycle semver@6.3.0~install: semver@6.3.0
42552 silly install semver@5.3.0
42553 info lifecycle semver@5.3.0~install: semver@5.3.0
42554 silly install eslint-visitor-keys@1.3.0
42555 info lifecycle eslint-visitor-keys@1.3.0~install: eslint-visitor-keys@1.3.0
42556 silly install ansi-regex@3.0.1
42557 info lifecycle ansi-regex@3.0.1~install: ansi-regex@3.0.1
42558 silly install esprima@4.0.1
42559 info lifecycle esprima@4.0.1~install: esprima@4.0.1
42560 silly install globals@11.12.0
42561 info lifecycle globals@11.12.0~install: globals@11.12.0
42562 silly install ms@2.1.3
42563 info lifecycle ms@2.1.3~install: ms@2.1.3
42564 silly install debug@3.2.7
42565 info lifecycle debug@3.2.7~install: debug@3.2.7
42566 silly install strip-ansi@4.0.0
42567 info lifecycle strip-ansi@4.0.0~install: strip-ansi@4.0.0
42568 silly install espree@3.5.4
42569 info lifecycle espree@3.5.4~install: espree@3.5.4
42570 silly install esprima@2.7.3
42571 info lifecycle esprima@2.7.3~install: esprima@2.7.3
42572 silly install estraverse@5.3.0
42573 info lifecycle estraverse@5.3.0~install: estraverse@5.3.0
42574 silly install esquery@1.5.0
42575 info lifecycle esquery@1.5.0~install: esquery@1.5.0
42576 silly install estraverse@5.3.0
42577 info lifecycle estraverse@5.3.0~install: estraverse@5.3.0
42578 silly install esrecurse@4.3.0
42579 info lifecycle esrecurse@4.3.0~install: esrecurse@4.3.0
42580 silly install estraverse@4.3.0
42581 info lifecycle estraverse@4.3.0~install: estraverse@4.3.0
42582 silly install eslint-scope@3.7.1
42583 info lifecycle eslint-scope@3.7.1~install: eslint-scope@3.7.1
42584 silly install esutils@2.0.3
42585 info lifecycle esutils@2.0.3~install: esutils@2.0.3
42586 silly install doctrine@2.1.0
42587 info lifecycle doctrine@2.1.0~install: doctrine@2.1.0
42588 silly install etag@1.8.1
42589 info lifecycle etag@1.8.1~install: etag@1.8.1
42590 silly install eventemitter3@4.0.7
42591 info lifecycle eventemitter3@4.0.7~install: eventemitter3@4.0.7
42592 silly install events@3.3.0
42593 info lifecycle events@3.3.0~install: events@3.3.0
42594 silly install is-number@0.1.1
42595 info lifecycle is-number@0.1.1~install: is-number@0.1.1
42596 silly install repeat-string@0.2.2
42597 info lifecycle repeat-string@0.2.2~install: repeat-string@0.2.2
42598 silly install expand-range@0.1.1
42599 info lifecycle expand-range@0.1.1~install: expand-range@0.1.1
42600 silly install braces@0.1.5
42601 info lifecycle braces@0.1.5~install: braces@0.1.5
42602 silly install expand-braces@0.1.2
42603 info lifecycle expand-braces@0.1.2~install: expand-braces@0.1.2
42604 silly install cookie@0.5.0
42605 info lifecycle cookie@0.5.0~install: cookie@0.5.0
42606 silly install negotiator@0.6.3
42607 info lifecycle negotiator@0.6.3~install: negotiator@0.6.3
42608 silly install path-to-regexp@0.1.7
42609 info lifecycle path-to-regexp@0.1.7~install: path-to-regexp@0.1.7
42610 silly install safe-buffer@5.2.1
42611 info lifecycle safe-buffer@5.2.1~install: safe-buffer@5.2.1
42612 silly install type@2.7.2
42613 info lifecycle type@2.7.2~install: type@2.7.2
42614 silly install ext@1.7.0
42615 info lifecycle ext@1.7.0~install: ext@1.7.0
42616 silly install extend@3.0.2
42617 info lifecycle extend@3.0.2~install: extend@3.0.2
42618 silly install extsprintf@1.3.0
42619 info lifecycle extsprintf@1.3.0~install: extsprintf@1.3.0
42620 silly install fast-deep-equal@1.1.0
42621 info lifecycle fast-deep-equal@1.1.0~install: fast-deep-equal@1.1.0
42622 silly install fast-json-stable-stringify@2.1.0
42623 info lifecycle fast-json-stable-stringify@2.1.0~install: fast-json-stable-stringify@2.1.0
42624 silly install fast-levenshtein@2.0.6
42625 info lifecycle fast-levenshtein@2.0.6~install: fast-levenshtein@2.0.6
42626 silly install fastparse@1.1.2
42627 info lifecycle fastparse@1.1.2~install: fastparse@1.1.2
42628 silly install css-selector-tokenizer@0.7.3
42629 info lifecycle css-selector-tokenizer@0.7.3~install: css-selector-tokenizer@0.7.3
42630 silly install figures@2.0.0
42631 info lifecycle figures@2.0.0~install: figures@2.0.0
42632 silly install ajv-keywords@3.5.2
42633 info lifecycle ajv-keywords@3.5.2~install: ajv-keywords@3.5.2
42634 silly install fast-deep-equal@3.1.3
42635 info lifecycle fast-deep-equal@3.1.3~install: fast-deep-equal@3.1.3
42636 silly install json-schema-traverse@0.4.1
42637 info lifecycle json-schema-traverse@0.4.1~install: json-schema-traverse@0.4.1
42638 silly install file-uri-to-path@1.0.0
42639 info lifecycle file-uri-to-path@1.0.0~install: file-uri-to-path@1.0.0
42640 silly install bindings@1.5.0
42641 info lifecycle bindings@1.5.0~install: bindings@1.5.0
42642 silly install filename-regex@2.0.1
42643 info lifecycle filename-regex@2.0.1~install: filename-regex@2.0.1
42644 silly install filesize@3.6.1
42645 info lifecycle filesize@3.6.1~install: filesize@3.6.1
42646 silly install on-finished@2.3.0
42647 info lifecycle on-finished@2.3.0~install: on-finished@2.3.0
42648 silly install statuses@1.5.0
42649 info lifecycle statuses@1.5.0~install: statuses@1.5.0
42650 silly install flatten@1.0.3
42651 info lifecycle flatten@1.0.3~install: flatten@1.0.3
42652 silly install follow-redirects@1.15.2
42653 info lifecycle follow-redirects@1.15.2~install: follow-redirects@1.15.2
42654 silly install for-in@1.0.2
42655 info lifecycle for-in@1.0.2~install: for-in@1.0.2
42656 silly install for-own@0.1.5
42657 info lifecycle for-own@0.1.5~install: for-own@0.1.5
42658 silly install forever-agent@0.6.1
42659 info lifecycle forever-agent@0.6.1~install: forever-agent@0.6.1
42660 silly install forwarded@0.2.0
42661 info lifecycle forwarded@0.2.0~install: forwarded@0.2.0
42662 silly install fresh@0.5.2
42663 info lifecycle fresh@0.5.2~install: fresh@0.5.2
42664 silly install ansi-styles@2.2.1
42665 info lifecycle ansi-styles@2.2.1~install: ansi-styles@2.2.1
42666 silly install supports-color@2.0.0
42667 info lifecycle supports-color@2.0.0~install: supports-color@2.0.0
42668 silly install fs.realpath@1.0.0
42669 info lifecycle fs.realpath@1.0.0~install: fs.realpath@1.0.0
42670 silly install function-bind@1.1.1
42671 info lifecycle function-bind@1.1.1~install: function-bind@1.1.1
42672 silly install functional-red-black-tree@1.0.1
42673 info lifecycle functional-red-black-tree@1.0.1~install: functional-red-black-tree@1.0.1
42674 silly install functions-have-names@1.2.3
42675 info lifecycle functions-have-names@1.2.3~install: functions-have-names@1.2.3
42676 silly install get-caller-file@1.0.3
42677 info lifecycle get-caller-file@1.0.3~install: get-caller-file@1.0.3
42678 silly install get-func-name@2.0.0
42679 info lifecycle get-func-name@2.0.0~install: get-func-name@2.0.0
42680 silly install get-stdin@4.0.1
42681 info lifecycle get-stdin@4.0.1~install: get-stdin@4.0.1
42682 silly install get-stream@3.0.0
42683 info lifecycle get-stream@3.0.0~install: get-stream@3.0.0
42684 silly install get-value@2.0.6
42685 info lifecycle get-value@2.0.6~install: get-value@2.0.6
42686 silly install getpass@0.1.7
42687 info lifecycle getpass@0.1.7~install: getpass@0.1.7
42688 silly install globals@9.18.0
42689 info lifecycle globals@9.18.0~install: globals@9.18.0
42690 silly install graceful-fs@4.2.11
42691 info lifecycle graceful-fs@4.2.11~install: graceful-fs@4.2.11
42692 silly install graceful-readlink@1.0.1
42693 info lifecycle graceful-readlink@1.0.1~install: graceful-readlink@1.0.1
42694 silly install growl@1.9.2
42695 info lifecycle growl@1.9.2~install: growl@1.9.2
42696 silly install growly@1.3.0
42697 info lifecycle growly@1.3.0~install: growly@1.3.0
42698 silly install handle-thing@2.0.1
42699 info lifecycle handle-thing@2.0.1~install: handle-thing@2.0.1
42700 silly install wordwrap@1.0.0
42701 info lifecycle wordwrap@1.0.0~install: wordwrap@1.0.0
42702 silly install har-schema@2.0.0
42703 info lifecycle har-schema@2.0.0~install: har-schema@2.0.0
42704 silly install fast-deep-equal@3.1.3
42705 info lifecycle fast-deep-equal@3.1.3~install: fast-deep-equal@3.1.3
42706 silly install json-schema-traverse@0.4.1
42707 info lifecycle json-schema-traverse@0.4.1~install: json-schema-traverse@0.4.1
42708 silly install has@1.0.3
42709 info lifecycle has@1.0.3~install: has@1.0.3
42710 silly install colormin@1.1.2
42711 info lifecycle colormin@1.1.2~install: colormin@1.1.2
42712 silly install es-shim-unscopables@1.0.0
42713 info lifecycle es-shim-unscopables@1.0.0~install: es-shim-unscopables@1.0.0
42714 silly install has-ansi@2.0.0
42715 info lifecycle has-ansi@2.0.0~install: has-ansi@2.0.0
42716 silly install has-bigints@1.0.2
42717 info lifecycle has-bigints@1.0.2~install: has-bigints@1.0.2
42718 silly install isarray@0.0.1
42719 info lifecycle isarray@0.0.1~install: isarray@0.0.1
42720 silly install has-binary@0.1.7
42721 info lifecycle has-binary@0.1.7~install: has-binary@0.1.7
42722 silly install has-cors@1.1.0
42723 info lifecycle has-cors@1.1.0~install: has-cors@1.1.0
42724 silly install has-flag@3.0.0
42725 info lifecycle has-flag@3.0.0~install: has-flag@3.0.0
42726 silly install has-proto@1.0.1
42727 info lifecycle has-proto@1.0.1~install: has-proto@1.0.1
42728 silly install has-symbols@1.0.3
42729 info lifecycle has-symbols@1.0.3~install: has-symbols@1.0.3
42730 silly install get-intrinsic@1.2.0
42731 info lifecycle get-intrinsic@1.2.0~install: get-intrinsic@1.2.0
42732 silly install call-bind@1.0.2
42733 info lifecycle call-bind@1.0.2~install: call-bind@1.0.2
42734 silly install get-symbol-description@1.0.0
42735 info lifecycle get-symbol-description@1.0.0~install: get-symbol-description@1.0.0
42736 silly install gopd@1.0.1
42737 info lifecycle gopd@1.0.1~install: gopd@1.0.1
42738 silly install has-property-descriptors@1.0.0
42739 info lifecycle has-property-descriptors@1.0.0~install: has-property-descriptors@1.0.0
42740 silly install has-tostringtag@1.0.0
42741 info lifecycle has-tostringtag@1.0.0~install: has-tostringtag@1.0.0
42742 silly install es-set-tostringtag@2.0.1
42743 info lifecycle es-set-tostringtag@2.0.1~install: es-set-tostringtag@2.0.1
42744 silly install isobject@3.0.1
42745 info lifecycle isobject@3.0.1~install: isobject@3.0.1
42746 silly install safe-buffer@5.2.1
42747 info lifecycle safe-buffer@5.2.1~install: safe-buffer@5.2.1
42748 silly install hash-sum@1.0.2
42749 info lifecycle hash-sum@1.0.2~install: hash-sum@1.0.2
42750 silly install he@1.2.0
42751 info lifecycle he@1.2.0~install: he@1.2.0
42752 silly install hex-color-regex@1.1.0
42753 info lifecycle hex-color-regex@1.1.0~install: hex-color-regex@1.1.0
42754 silly install hosted-git-info@2.8.9
42755 info lifecycle hosted-git-info@2.8.9~install: hosted-git-info@2.8.9
42756 silly install hsl-regex@1.0.0
42757 info lifecycle hsl-regex@1.0.0~install: hsl-regex@1.0.0
42758 silly install hsla-regex@1.0.0
42759 info lifecycle hsla-regex@1.0.0~install: hsla-regex@1.0.0
42760 silly install html-comment-regex@1.1.2
42761 info lifecycle html-comment-regex@1.1.2~install: html-comment-regex@1.1.2
42762 silly install html-entities@1.4.0
42763 info lifecycle html-entities@1.4.0~install: html-entities@1.4.0
42764 silly install big.js@3.2.0
42765 info lifecycle big.js@3.2.0~install: big.js@3.2.0
42766 silly install emojis-list@2.1.0
42767 info lifecycle emojis-list@2.1.0~install: emojis-list@2.1.0
42768 silly install htmlparser2@6.1.0
42769 info lifecycle htmlparser2@6.1.0~install: htmlparser2@6.1.0
42770 silly install http-deceiver@1.2.7
42771 info lifecycle http-deceiver@1.2.7~install: http-deceiver@1.2.7
42772 silly install http-parser-js@0.5.8
42773 info lifecycle http-parser-js@0.5.8~install: http-parser-js@0.5.8
42774 silly install arr-diff@4.0.0
42775 info lifecycle arr-diff@4.0.0~install: arr-diff@4.0.0
42776 silly install array-unique@0.3.2
42777 info lifecycle array-unique@0.3.2~install: array-unique@0.3.2
42778 silly install kind-of@5.1.0
42779 info lifecycle kind-of@5.1.0~install: kind-of@5.1.0
42780 silly install is-extglob@2.1.1
42781 info lifecycle is-extglob@2.1.1~install: is-extglob@2.1.1
42782 silly install is-glob@4.0.3
42783 info lifecycle is-glob@4.0.3~install: is-glob@4.0.3
42784 silly install isobject@3.0.1
42785 info lifecycle isobject@3.0.1~install: isobject@3.0.1
42786 silly install kind-of@6.0.3
42787 info lifecycle kind-of@6.0.3~install: kind-of@6.0.3
42788 silly install is-accessor-descriptor@1.0.0
42789 info lifecycle is-accessor-descriptor@1.0.0~install: is-accessor-descriptor@1.0.0
42790 silly install is-data-descriptor@1.0.0
42791 info lifecycle is-data-descriptor@1.0.0~install: is-data-descriptor@1.0.0
42792 silly install is-descriptor@1.0.2
42793 info lifecycle is-descriptor@1.0.2~install: is-descriptor@1.0.2
42794 silly install define-property@1.0.0
42795 info lifecycle define-property@1.0.0~install: define-property@1.0.0
42796 silly install https-browserify@1.0.0
42797 info lifecycle https-browserify@1.0.0~install: https-browserify@1.0.0
42798 silly install icss-replace-symbols@1.1.0
42799 info lifecycle icss-replace-symbols@1.1.0~install: icss-replace-symbols@1.1.0
42800 silly install ieee754@1.2.1
42801 info lifecycle ieee754@1.2.1~install: ieee754@1.2.1
42802 silly install iferr@0.1.5
42803 info lifecycle iferr@0.1.5~install: iferr@0.1.5
42804 silly install ignore@3.3.10
42805 info lifecycle ignore@3.3.10~install: ignore@3.3.10
42806 silly install caller-path@2.0.0
42807 info lifecycle caller-path@2.0.0~install: caller-path@2.0.0
42808 silly install resolve-from@3.0.0
42809 info lifecycle resolve-from@3.0.0~install: resolve-from@3.0.0
42810 silly install import-fresh@2.0.0
42811 info lifecycle import-fresh@2.0.0~install: import-fresh@2.0.0
42812 silly install resolve-from@3.0.0
42813 info lifecycle resolve-from@3.0.0~install: resolve-from@3.0.0
42814 silly install import-from@2.1.0
42815 info lifecycle import-from@2.1.0~install: import-from@2.1.0
42816 silly install import-cwd@2.1.0
42817 info lifecycle import-cwd@2.1.0~install: import-cwd@2.1.0
42818 silly install imurmurhash@0.1.4
42819 info lifecycle imurmurhash@0.1.4~install: imurmurhash@0.1.4
42820 silly install indexes-of@1.0.1
42821 info lifecycle indexes-of@1.0.1~install: indexes-of@1.0.1
42822 silly install indexof@0.0.1
42823 info lifecycle indexof@0.0.1~install: indexof@0.0.1
42824 silly install inherits@2.0.4
42825 info lifecycle inherits@2.0.4~install: inherits@2.0.4
42826 silly install ansi-regex@3.0.1
42827 info lifecycle ansi-regex@3.0.1~install: ansi-regex@3.0.1
42828 silly install strip-ansi@4.0.0
42829 info lifecycle strip-ansi@4.0.0~install: strip-ansi@4.0.0
42830 silly install interpret@1.4.0
42831 info lifecycle interpret@1.4.0~install: interpret@1.4.0
42832 silly install invert-kv@1.0.0
42833 info lifecycle invert-kv@1.0.0~install: invert-kv@1.0.0
42834 silly install ip@1.1.8
42835 info lifecycle ip@1.1.8~install: ip@1.1.8
42836 silly install ipaddr.js@1.9.1
42837 info lifecycle ipaddr.js@1.9.1~install: ipaddr.js@1.9.1
42838 silly install is-absolute-url@2.1.0
42839 info lifecycle is-absolute-url@2.1.0~install: is-absolute-url@2.1.0
42840 silly install is-arguments@1.1.1
42841 info lifecycle is-arguments@1.1.1~install: is-arguments@1.1.1
42842 silly install is-arrayish@0.2.1
42843 info lifecycle is-arrayish@0.2.1~install: is-arrayish@0.2.1
42844 silly install error-ex@1.3.2
42845 info lifecycle error-ex@1.3.2~install: error-ex@1.3.2
42846 silly install is-bigint@1.0.4
42847 info lifecycle is-bigint@1.0.4~install: is-bigint@1.0.4
42848 silly install is-binary-path@1.0.1
42849 info lifecycle is-binary-path@1.0.1~install: is-binary-path@1.0.1
42850 silly install is-boolean-object@1.1.2
42851 info lifecycle is-boolean-object@1.1.2~install: is-boolean-object@1.1.2
42852 silly install is-buffer@1.1.6
42853 info lifecycle is-buffer@1.1.6~install: is-buffer@1.1.6
42854 silly install kind-of@3.2.2
42855 info lifecycle kind-of@3.2.2~install: kind-of@3.2.2
42856 silly install is-number@3.0.0
42857 info lifecycle is-number@3.0.0~install: is-number@3.0.0
42858 silly install kind-of@4.0.0
42859 info lifecycle kind-of@4.0.0~install: kind-of@4.0.0
42860 silly install has-values@1.0.0
42861 info lifecycle has-values@1.0.0~install: has-values@1.0.0
42862 silly install has-value@1.0.0
42863 info lifecycle has-value@1.0.0~install: has-value@1.0.0
42864 silly install kind-of@3.2.2
42865 info lifecycle kind-of@3.2.2~install: kind-of@3.2.2
42866 silly install is-accessor-descriptor@0.1.6
42867 info lifecycle is-accessor-descriptor@0.1.6~install: is-accessor-descriptor@0.1.6
42868 silly install kind-of@3.2.2
42869 info lifecycle kind-of@3.2.2~install: kind-of@3.2.2
42870 silly install is-data-descriptor@0.1.4
42871 info lifecycle is-data-descriptor@0.1.4~install: is-data-descriptor@0.1.4
42872 silly install is-descriptor@0.1.6
42873 info lifecycle is-descriptor@0.1.6~install: is-descriptor@0.1.6
42874 silly install define-property@0.2.5
42875 info lifecycle define-property@0.2.5~install: define-property@0.2.5
42876 silly install kind-of@3.2.2
42877 info lifecycle kind-of@3.2.2~install: kind-of@3.2.2
42878 silly install is-number@3.0.0
42879 info lifecycle is-number@3.0.0~install: is-number@3.0.0
42880 silly install is-callable@1.2.7
42881 info lifecycle is-callable@1.2.7~install: is-callable@1.2.7
42882 silly install for-each@0.3.3
42883 info lifecycle for-each@0.3.3~install: for-each@0.3.3
42884 silly install is-core-module@2.12.0
42885 info lifecycle is-core-module@2.12.0~install: is-core-module@2.12.0
42886 silly install is-date-object@1.0.5
42887 info lifecycle is-date-object@1.0.5~install: is-date-object@1.0.5
42888 silly install kind-of@5.1.0
42889 info lifecycle kind-of@5.1.0~install: kind-of@5.1.0
42890 silly install is-directory@0.3.1
42891 info lifecycle is-directory@0.3.1~install: is-directory@0.3.1
42892 silly install is-dotfile@1.0.3
42893 info lifecycle is-dotfile@1.0.3~install: is-dotfile@1.0.3
42894 silly install is-extendable@0.1.1
42895 info lifecycle is-extendable@0.1.1~install: is-extendable@0.1.1
42896 silly install extend-shallow@2.0.1
42897 info lifecycle extend-shallow@2.0.1~install: extend-shallow@2.0.1
42898 silly install extend-shallow@2.0.1
42899 info lifecycle extend-shallow@2.0.1~install: extend-shallow@2.0.1
42900 silly install extend-shallow@2.0.1
42901 info lifecycle extend-shallow@2.0.1~install: extend-shallow@2.0.1
42902 silly install extend-shallow@2.0.1
42903 info lifecycle extend-shallow@2.0.1~install: extend-shallow@2.0.1
42904 silly install is-extglob@1.0.0
42905 info lifecycle is-extglob@1.0.0~install: is-extglob@1.0.0
42906 silly install extglob@0.3.2
42907 info lifecycle extglob@0.3.2~install: extglob@0.3.2
42908 silly install is-finite@1.1.0
42909 info lifecycle is-finite@1.1.0~install: is-finite@1.1.0
42910 silly install is-fullwidth-code-point@2.0.0
42911 info lifecycle is-fullwidth-code-point@2.0.0~install: is-fullwidth-code-point@2.0.0
42912 silly install is-glob@2.0.1
42913 info lifecycle is-glob@2.0.1~install: is-glob@2.0.1
42914 silly install glob-parent@2.0.0
42915 info lifecycle glob-parent@2.0.0~install: glob-parent@2.0.0
42916 silly install glob-base@0.3.0
42917 info lifecycle glob-base@0.3.0~install: glob-base@0.3.0
42918 silly install is-negative-zero@2.0.2
42919 info lifecycle is-negative-zero@2.0.2~install: is-negative-zero@2.0.2
42920 silly install is-number-object@1.0.7
42921 info lifecycle is-number-object@1.0.7~install: is-number-object@1.0.7
42922 silly install is-obj@2.0.0
42923 info lifecycle is-obj@2.0.0~install: is-obj@2.0.0
42924 silly install dot-prop@5.3.0
42925 info lifecycle dot-prop@5.3.0~install: dot-prop@5.3.0
42926 silly install is-path-cwd@1.0.0
42927 info lifecycle is-path-cwd@1.0.0~install: is-path-cwd@1.0.0
42928 silly install is-plain-obj@1.1.0
42929 info lifecycle is-plain-obj@1.1.0~install: is-plain-obj@1.1.0
42930 silly install isobject@3.0.1
42931 info lifecycle isobject@3.0.1~install: isobject@3.0.1
42932 silly install is-plain-object@2.0.4
42933 info lifecycle is-plain-object@2.0.4~install: is-plain-object@2.0.4
42934 silly install is-extendable@1.0.1
42935 info lifecycle is-extendable@1.0.1~install: is-extendable@1.0.1
42936 silly install extend-shallow@3.0.2
42937 info lifecycle extend-shallow@3.0.2~install: extend-shallow@3.0.2
42938 silly install is-posix-bracket@0.1.1
42939 info lifecycle is-posix-bracket@0.1.1~install: is-posix-bracket@0.1.1
42940 silly install expand-brackets@0.1.5
42941 info lifecycle expand-brackets@0.1.5~install: expand-brackets@0.1.5
42942 silly install is-primitive@2.0.0
42943 info lifecycle is-primitive@2.0.0~install: is-primitive@2.0.0
42944 silly install is-equal-shallow@0.1.3
42945 info lifecycle is-equal-shallow@0.1.3~install: is-equal-shallow@0.1.3
42946 silly install is-regex@1.1.4
42947 info lifecycle is-regex@1.1.4~install: is-regex@1.1.4
42948 silly install is-resolvable@1.1.0
42949 info lifecycle is-resolvable@1.1.0~install: is-resolvable@1.1.0
42950 silly install is-shared-array-buffer@1.0.2
42951 info lifecycle is-shared-array-buffer@1.0.2~install: is-shared-array-buffer@1.0.2
42952 silly install is-stream@1.1.0
42953 info lifecycle is-stream@1.1.0~install: is-stream@1.1.0
42954 silly install is-string@1.0.7
42955 info lifecycle is-string@1.0.7~install: is-string@1.0.7
42956 silly install is-svg@2.1.0
42957 info lifecycle is-svg@2.1.0~install: is-svg@2.1.0
42958 silly install is-symbol@1.0.4
42959 info lifecycle is-symbol@1.0.4~install: is-symbol@1.0.4
42960 silly install es-to-primitive@1.2.1
42961 info lifecycle es-to-primitive@1.2.1~install: es-to-primitive@1.2.1
42962 silly install is-typed-array@1.1.10
42963 info lifecycle is-typed-array@1.1.10~install: is-typed-array@1.1.10
42964 silly install is-array-buffer@3.0.2
42965 info lifecycle is-array-buffer@3.0.2~install: is-array-buffer@3.0.2
42966 silly install array-buffer-byte-length@1.0.0
42967 info lifecycle array-buffer-byte-length@1.0.0~install: array-buffer-byte-length@1.0.0
42968 silly install is-typedarray@1.0.0
42969 info lifecycle is-typedarray@1.0.0~install: is-typedarray@1.0.0
42970 silly install is-utf8@0.2.1
42971 info lifecycle is-utf8@0.2.1~install: is-utf8@0.2.1
42972 silly install is-weakref@1.0.2
42973 info lifecycle is-weakref@1.0.2~install: is-weakref@1.0.2
42974 silly install is-windows@1.0.2
42975 info lifecycle is-windows@1.0.2~install: is-windows@1.0.2
42976 silly install is-wsl@1.1.0
42977 info lifecycle is-wsl@1.1.0~install: is-wsl@1.1.0
42978 silly install isarray@1.0.0
42979 info lifecycle isarray@1.0.0~install: isarray@1.0.0
42980 silly install buffer@4.9.2
42981 info lifecycle buffer@4.9.2~install: buffer@4.9.2
42982 silly install isbinaryfile@3.0.3
42983 info lifecycle isbinaryfile@3.0.3~install: isbinaryfile@3.0.3
42984 silly install isexe@2.0.0
42985 info lifecycle isexe@2.0.0~install: isexe@2.0.0
42986 silly install isobject@2.1.0
42987 info lifecycle isobject@2.1.0~install: isobject@2.1.0
42988 silly install isstream@0.1.2
42989 info lifecycle isstream@0.1.2~install: isstream@0.1.2
42990 silly install istanbul-lib-coverage@1.2.1
42991 info lifecycle istanbul-lib-coverage@1.2.1~install: istanbul-lib-coverage@1.2.1
42992 silly install async@1.5.2
42993 info lifecycle async@1.5.2~install: async@1.5.2
42994 silly install has-flag@1.0.0
42995 info lifecycle has-flag@1.0.0~install: has-flag@1.0.0
42996 silly install resolve@1.1.7
42997 info lifecycle resolve@1.1.7~install: resolve@1.1.7
42998 silly install supports-color@3.2.3
42999 info lifecycle supports-color@3.2.3~install: supports-color@3.2.3
43000 silly install wordwrap@1.0.0
43001 info lifecycle wordwrap@1.0.0~install: wordwrap@1.0.0
43002 silly install js-base64@2.6.4
43003 info lifecycle js-base64@2.6.4~install: js-base64@2.6.4
43004 silly install js-tokens@3.0.2
43005 info lifecycle js-tokens@3.0.2~install: js-tokens@3.0.2
43006 silly install jsbn@0.1.1
43007 info lifecycle jsbn@0.1.1~install: jsbn@0.1.1
43008 silly install jsesc@1.3.0
43009 info lifecycle jsesc@1.3.0~install: jsesc@1.3.0
43010 silly install json-loader@0.5.7
43011 info lifecycle json-loader@0.5.7~install: json-loader@0.5.7
43012 silly install json-parse-better-errors@1.0.2
43013 info lifecycle json-parse-better-errors@1.0.2~install: json-parse-better-errors@1.0.2
43014 silly install parse-json@4.0.0
43015 info lifecycle parse-json@4.0.0~install: parse-json@4.0.0
43016 silly install json-schema@0.4.0
43017 info lifecycle json-schema@0.4.0~install: json-schema@0.4.0
43018 silly install json-schema-traverse@0.3.1
43019 info lifecycle json-schema-traverse@0.3.1~install: json-schema-traverse@0.3.1
43020 silly install ajv@5.5.2
43021 info lifecycle ajv@5.5.2~install: ajv@5.5.2
43022 silly install json-stable-stringify-without-jsonify@1.0.1
43023 info lifecycle json-stable-stringify-without-jsonify@1.0.1~install: json-stable-stringify-without-jsonify@1.0.1
43024 silly install json-stringify-safe@5.0.1
43025 info lifecycle json-stringify-safe@5.0.1~install: json-stringify-safe@5.0.1
43026 silly install json3@3.3.2
43027 info lifecycle json3@3.3.2~install: json3@3.3.2
43028 silly install json5@0.5.1
43029 info lifecycle json5@0.5.1~install: json5@0.5.1
43030 silly install jsonfile@2.4.0
43031 info lifecycle jsonfile@2.4.0~install: jsonfile@2.4.0
43032 silly install just-extend@4.2.1
43033 info lifecycle just-extend@4.2.1~install: just-extend@4.2.1
43034 silly install source-map@0.5.7
43035 info lifecycle source-map@0.5.7~install: source-map@0.5.7
43036 silly install minimist@1.2.0
43037 info lifecycle minimist@1.2.0~install: minimist@1.2.0
43038 silly install source-map@0.5.7
43039 info lifecycle source-map@0.5.7~install: source-map@0.5.7
43040 silly install lodash@3.10.1
43041 info lifecycle lodash@3.10.1~install: lodash@3.10.1
43042 silly install source-map@0.5.7
43043 info lifecycle source-map@0.5.7~install: source-map@0.5.7
43044 silly install kew@0.7.0
43045 info lifecycle kew@0.7.0~install: kew@0.7.0
43046 silly install killable@1.0.1
43047 info lifecycle killable@1.0.1~install: killable@1.0.1
43048 silly install kind-of@3.2.2
43049 info lifecycle kind-of@3.2.2~install: kind-of@3.2.2
43050 silly install is-accessor-descriptor@0.1.6
43051 info lifecycle is-accessor-descriptor@0.1.6~install: is-accessor-descriptor@0.1.6
43052 silly install is-data-descriptor@0.1.4
43053 info lifecycle is-data-descriptor@0.1.4~install: is-data-descriptor@0.1.4
43054 silly install is-descriptor@0.1.6
43055 info lifecycle is-descriptor@0.1.6~install: is-descriptor@0.1.6
43056 silly install define-property@0.2.5
43057 info lifecycle define-property@0.2.5~install: define-property@0.2.5
43058 silly install is-number@2.1.0
43059 info lifecycle is-number@2.1.0~install: is-number@2.1.0
43060 silly install klaw@1.3.1
43061 info lifecycle klaw@1.3.1~install: klaw@1.3.1
43062 silly install fs-extra@1.0.0
43063 info lifecycle fs-extra@1.0.0~install: fs-extra@1.0.0
43064 silly install lazy-cache@1.0.4
43065 info lifecycle lazy-cache@1.0.4~install: lazy-cache@1.0.4
43066 silly install lcid@1.0.0
43067 info lifecycle lcid@1.0.0~install: lcid@1.0.0
43068 silly install pify@2.3.0
43069 info lifecycle pify@2.3.0~install: pify@2.3.0
43070 silly install loader-runner@2.4.0
43071 info lifecycle loader-runner@2.4.0~install: loader-runner@2.4.0
43072 silly install lodash@4.17.21
43073 info lifecycle lodash@4.17.21~install: lodash@4.17.21
43074 silly install @babel/types@7.0.0-beta.44
43075 info lifecycle @babel/types@7.0.0-beta.44~install: @babel/types@7.0.0-beta.44
43076 silly install @babel/helper-get-function-arity@7.0.0-beta.44
43077 info lifecycle @babel/helper-get-function-arity@7.0.0-beta.44~install: @babel/helper-get-function-arity@7.0.0-beta.44
43078 silly install @babel/helper-split-export-declaration@7.0.0-beta.44
43079 info lifecycle @babel/helper-split-export-declaration@7.0.0-beta.44~install: @babel/helper-split-export-declaration@7.0.0-beta.44
43080 silly install async@2.6.4
43081 info lifecycle async@2.6.4~install: async@2.6.4
43082 silly install combine-lists@1.0.1
43083 info lifecycle combine-lists@1.0.1~install: combine-lists@1.0.1
43084 silly install lodash._basecopy@3.0.1
43085 info lifecycle lodash._basecopy@3.0.1~install: lodash._basecopy@3.0.1
43086 silly install lodash._basecreate@3.0.3
43087 info lifecycle lodash._basecreate@3.0.3~install: lodash._basecreate@3.0.3
43088 silly install lodash._getnative@3.9.1
43089 info lifecycle lodash._getnative@3.9.1~install: lodash._getnative@3.9.1
43090 silly install lodash._isiterateecall@3.0.9
43091 info lifecycle lodash._isiterateecall@3.0.9~install: lodash._isiterateecall@3.0.9
43092 silly install lodash.camelcase@4.3.0
43093 info lifecycle lodash.camelcase@4.3.0~install: lodash.camelcase@4.3.0
43094 silly install lodash.get@4.4.2
43095 info lifecycle lodash.get@4.4.2~install: lodash.get@4.4.2
43096 silly install lodash.isarguments@3.1.0
43097 info lifecycle lodash.isarguments@3.1.0~install: lodash.isarguments@3.1.0
43098 silly install lodash.isarray@3.0.4
43099 info lifecycle lodash.isarray@3.0.4~install: lodash.isarray@3.0.4
43100 silly install lodash.keys@3.1.2
43101 info lifecycle lodash.keys@3.1.2~install: lodash.keys@3.1.2
43102 silly install lodash._baseassign@3.2.0
43103 info lifecycle lodash._baseassign@3.2.0~install: lodash._baseassign@3.2.0
43104 silly install lodash.create@3.1.1
43105 info lifecycle lodash.create@3.1.1~install: lodash.create@3.1.1
43106 silly install lodash.memoize@4.1.2
43107 info lifecycle lodash.memoize@4.1.2~install: lodash.memoize@4.1.2
43108 silly install lodash.uniq@4.5.0
43109 info lifecycle lodash.uniq@4.5.0~install: lodash.uniq@4.5.0
43110 silly install caniuse-api@1.6.1
43111 info lifecycle caniuse-api@1.6.1~install: caniuse-api@1.6.1
43112 silly install isarray@0.0.1
43113 info lifecycle isarray@0.0.1~install: isarray@0.0.1
43114 silly install semver@4.3.6
43115 info lifecycle semver@4.3.6~install: semver@4.3.6
43116 silly install string_decoder@0.10.31
43117 info lifecycle string_decoder@0.10.31~install: string_decoder@0.10.31
43118 silly install readable-stream@1.0.34
43119 info lifecycle readable-stream@1.0.34~install: readable-stream@1.0.34
43120 silly install log4js@0.6.38
43121 info lifecycle log4js@0.6.38~install: log4js@0.6.38
43122 silly install loglevel@1.8.1
43123 info lifecycle loglevel@1.8.1~install: loglevel@1.8.1
43124 silly install lolex@1.6.0
43125 info lifecycle lolex@1.6.0~install: lolex@1.6.0
43126 silly install longest@1.0.1
43127 info lifecycle longest@1.0.1~install: longest@1.0.1
43128 silly install loose-envify@1.4.0
43129 info lifecycle loose-envify@1.4.0~install: loose-envify@1.4.0
43130 silly install invariant@2.2.4
43131 info lifecycle invariant@2.2.4~install: invariant@2.2.4
43132 silly install loupe@2.3.6
43133 info lifecycle loupe@2.3.6~install: loupe@2.3.6
43134 silly install lower-case@1.1.4
43135 info lifecycle lower-case@1.1.4~install: lower-case@1.1.4
43136 silly install map-cache@0.2.2
43137 info lifecycle map-cache@0.2.2~install: map-cache@0.2.2
43138 silly install fragment-cache@0.2.1
43139 info lifecycle fragment-cache@0.2.1~install: fragment-cache@0.2.1
43140 silly install map-obj@1.0.1
43141 info lifecycle map-obj@1.0.1~install: map-obj@1.0.1
43142 silly install camelcase-keys@2.1.0
43143 info lifecycle camelcase-keys@2.1.0~install: camelcase-keys@2.1.0
43144 silly install math-expression-evaluator@1.4.0
43145 info lifecycle math-expression-evaluator@1.4.0~install: math-expression-evaluator@1.4.0
43146 silly install math-random@1.0.4
43147 info lifecycle math-random@1.0.4~install: math-random@1.0.4
43148 silly install mdn-data@2.0.4
43149 info lifecycle mdn-data@2.0.4~install: mdn-data@2.0.4
43150 silly install media-typer@0.3.0
43151 info lifecycle media-typer@0.3.0~install: media-typer@0.3.0
43152 silly install merge-descriptors@1.0.1
43153 info lifecycle merge-descriptors@1.0.1~install: merge-descriptors@1.0.1
43154 silly install methods@1.1.2
43155 info lifecycle methods@1.1.2~install: methods@1.1.2
43156 silly install bn.js@4.12.0
43157 info lifecycle bn.js@4.12.0~install: bn.js@4.12.0
43158 silly install miller-rabin@4.0.1
43159 info lifecycle miller-rabin@4.0.1~install: miller-rabin@4.0.1
43160 silly install mime@1.6.0
43161 info lifecycle mime@1.6.0~install: mime@1.6.0
43162 silly install mime-db@1.52.0
43163 info lifecycle mime-db@1.52.0~install: mime-db@1.52.0
43164 silly install compressible@2.0.18
43165 info lifecycle compressible@2.0.18~install: compressible@2.0.18
43166 silly install mime-types@2.1.35
43167 info lifecycle mime-types@2.1.35~install: mime-types@2.1.35
43168 silly install accepts@1.3.8
43169 info lifecycle accepts@1.3.8~install: accepts@1.3.8
43170 silly install accepts@1.3.8
43171 info lifecycle accepts@1.3.8~install: accepts@1.3.8
43172 silly install form-data@2.3.3
43173 info lifecycle form-data@2.3.3~install: form-data@2.3.3
43174 silly install mimic-fn@1.2.0
43175 info lifecycle mimic-fn@1.2.0~install: mimic-fn@1.2.0
43176 silly install mem@1.1.0
43177 info lifecycle mem@1.1.0~install: mem@1.1.0
43178 silly install minimalistic-assert@1.0.1
43179 info lifecycle minimalistic-assert@1.0.1~install: minimalistic-assert@1.0.1
43180 silly install des.js@1.0.1
43181 info lifecycle des.js@1.0.1~install: des.js@1.0.1
43182 silly install hash.js@1.1.7
43183 info lifecycle hash.js@1.1.7~install: hash.js@1.1.7
43184 silly install minimalistic-crypto-utils@1.0.1
43185 info lifecycle minimalistic-crypto-utils@1.0.1~install: minimalistic-crypto-utils@1.0.1
43186 silly install hmac-drbg@1.0.1
43187 info lifecycle hmac-drbg@1.0.1~install: hmac-drbg@1.0.1
43188 silly install elliptic@6.5.4
43189 info lifecycle elliptic@6.5.4~install: elliptic@6.5.4
43190 silly install create-ecdh@4.0.4
43191 info lifecycle create-ecdh@4.0.4~install: create-ecdh@4.0.4
43192 silly install minimatch@3.1.2
43193 info lifecycle minimatch@3.1.2~install: minimatch@3.1.2
43194 silly install minimist@1.2.8
43195 info lifecycle minimist@1.2.8~install: minimist@1.2.8
43196 silly install json5@1.0.2
43197 info lifecycle json5@1.0.2~install: json5@1.0.2
43198 silly install loader-utils@1.4.2
43199 info lifecycle loader-utils@1.4.2~install: loader-utils@1.4.2
43200 silly install is-extendable@1.0.1
43201 info lifecycle is-extendable@1.0.1~install: is-extendable@1.0.1
43202 silly install mixin-deep@1.3.2
43203 info lifecycle mixin-deep@1.3.2~install: mixin-deep@1.3.2
43204 silly install mkdirp@0.5.6
43205 info lifecycle mkdirp@0.5.6~install: mkdirp@0.5.6
43206 silly install commander@2.9.0
43207 info lifecycle commander@2.9.0~install: commander@2.9.0
43208 silly install has-flag@1.0.0
43209 info lifecycle has-flag@1.0.0~install: has-flag@1.0.0
43210 silly install he@1.1.1
43211 info lifecycle he@1.1.1~install: he@1.1.1
43212 silly install minimist@0.0.8
43213 info lifecycle minimist@0.0.8~install: minimist@0.0.8
43214 silly install mkdirp@0.5.1
43215 info lifecycle mkdirp@0.5.1~install: mkdirp@0.5.1
43216 silly install supports-color@3.1.2
43217 info lifecycle supports-color@3.1.2~install: supports-color@3.1.2
43218 silly install ms@2.0.0
43219 info lifecycle ms@2.0.0~install: ms@2.0.0
43220 silly install debug@2.6.9
43221 info lifecycle debug@2.6.9~install: debug@2.6.9
43222 silly install debug@2.6.8
43223 info lifecycle debug@2.6.8~install: debug@2.6.8
43224 silly install multicast-dns-service-types@1.1.0
43225 info lifecycle multicast-dns-service-types@1.1.0~install: multicast-dns-service-types@1.1.0
43226 silly install mute-stream@0.0.7
43227 info lifecycle mute-stream@0.0.7~install: mute-stream@0.0.7
43228 silly install nan@2.17.0
43229 info lifecycle nan@2.17.0~install: nan@2.17.0
43230 silly install nanoid@3.3.6
43231 info lifecycle nanoid@3.3.6~install: nanoid@3.3.6
43232 silly install arr-diff@4.0.0
43233 info lifecycle arr-diff@4.0.0~install: arr-diff@4.0.0
43234 silly install array-unique@0.3.2
43235 info lifecycle array-unique@0.3.2~install: array-unique@0.3.2
43236 silly install kind-of@6.0.3
43237 info lifecycle kind-of@6.0.3~install: kind-of@6.0.3
43238 silly install natural-compare@1.4.0
43239 info lifecycle natural-compare@1.4.0~install: natural-compare@1.4.0
43240 silly install negotiator@0.6.1
43241 info lifecycle negotiator@0.6.1~install: negotiator@0.6.1
43242 silly install accepts@1.3.3
43243 info lifecycle accepts@1.3.3~install: accepts@1.3.3
43244 silly install neo-async@2.6.2
43245 info lifecycle neo-async@2.6.2~install: neo-async@2.6.2
43246 silly install next-tick@1.1.0
43247 info lifecycle next-tick@1.1.0~install: next-tick@1.1.0
43248 silly install nice-try@1.0.5
43249 info lifecycle nice-try@1.0.5~install: nice-try@1.0.5
43250 silly install no-case@2.3.2
43251 info lifecycle no-case@2.3.2~install: no-case@2.3.2
43252 silly install node-forge@0.10.0
43253 info lifecycle node-forge@0.10.0~install: node-forge@0.10.0
43254 silly install punycode@1.4.1
43255 info lifecycle punycode@1.4.1~install: punycode@1.4.1
43256 silly install node-releases@2.0.10
43257 info lifecycle node-releases@2.0.10~install: node-releases@2.0.10
43258 silly install nopt@3.0.6
43259 info lifecycle nopt@3.0.6~install: nopt@3.0.6
43260 silly install normalize-range@0.1.2
43261 info lifecycle normalize-range@0.1.2~install: normalize-range@0.1.2
43262 silly install normalize-wheel@1.0.1
43263 info lifecycle normalize-wheel@1.0.1~install: normalize-wheel@1.0.1
43264 silly install nth-check@2.1.1
43265 info lifecycle nth-check@2.1.1~install: nth-check@2.1.1
43266 silly install css-select@4.3.0
43267 info lifecycle css-select@4.3.0~install: css-select@4.3.0
43268 silly install num2fraction@1.2.2
43269 info lifecycle num2fraction@1.2.2~install: num2fraction@1.2.2
43270 silly install number-is-nan@1.0.1
43271 info lifecycle number-is-nan@1.0.1~install: number-is-nan@1.0.1
43272 silly install oauth-sign@0.9.0
43273 info lifecycle oauth-sign@0.9.0~install: oauth-sign@0.9.0
43274 silly install object-assign@4.1.1
43275 info lifecycle object-assign@4.1.1~install: object-assign@4.1.1
43276 silly install assert@1.5.0
43277 info lifecycle assert@1.5.0~install: assert@1.5.0
43278 silly install loader-utils@0.2.17
43279 info lifecycle loader-utils@0.2.17~install: loader-utils@0.2.17
43280 silly install object-component@0.0.3
43281 info lifecycle object-component@0.0.3~install: object-component@0.0.3
43282 silly install define-property@0.2.5
43283 info lifecycle define-property@0.2.5~install: define-property@0.2.5
43284 silly install object-copy@0.1.0
43285 info lifecycle object-copy@0.1.0~install: object-copy@0.1.0
43286 silly install object-hash@1.3.1
43287 info lifecycle object-hash@1.3.1~install: object-hash@1.3.1
43288 silly install object-inspect@1.12.3
43289 info lifecycle object-inspect@1.12.3~install: object-inspect@1.12.3
43290 silly install object-keys@1.1.1
43291 info lifecycle object-keys@1.1.1~install: object-keys@1.1.1
43292 silly install define-properties@1.2.0
43293 info lifecycle define-properties@1.2.0~install: define-properties@1.2.0
43294 silly install globalthis@1.0.3
43295 info lifecycle globalthis@1.0.3~install: globalthis@1.0.3
43296 silly install object-is@1.1.5
43297 info lifecycle object-is@1.1.5~install: object-is@1.1.5
43298 silly install isobject@3.0.1
43299 info lifecycle isobject@3.0.1~install: isobject@3.0.1
43300 silly install object-visit@1.0.1
43301 info lifecycle object-visit@1.0.1~install: object-visit@1.0.1
43302 silly install map-visit@1.0.0
43303 info lifecycle map-visit@1.0.0~install: map-visit@1.0.0
43304 silly install collection-visit@1.0.0
43305 info lifecycle collection-visit@1.0.0~install: collection-visit@1.0.0
43306 silly install object.assign@4.1.4
43307 info lifecycle object.assign@4.1.4~install: object.assign@4.1.4
43308 silly install object.omit@2.0.1
43309 info lifecycle object.omit@2.0.1~install: object.omit@2.0.1
43310 silly install isobject@3.0.1
43311 info lifecycle isobject@3.0.1~install: isobject@3.0.1
43312 silly install object.pick@1.3.0
43313 info lifecycle object.pick@1.3.0~install: object.pick@1.3.0
43314 silly install obuf@1.1.2
43315 info lifecycle obuf@1.1.2~install: obuf@1.1.2
43316 silly install on-finished@2.4.1
43317 info lifecycle on-finished@2.4.1~install: on-finished@2.4.1
43318 silly install on-headers@1.0.2
43319 info lifecycle on-headers@1.0.2~install: on-headers@1.0.2
43320 silly install onetime@2.0.1
43321 info lifecycle onetime@2.0.1~install: onetime@2.0.1
43322 silly install opener@1.5.2
43323 info lifecycle opener@1.5.2~install: opener@1.5.2
43324 silly install opn@5.5.0
43325 info lifecycle opn@5.5.0~install: opn@5.5.0
43326 silly install minimist@0.0.10
43327 info lifecycle minimist@0.0.10~install: minimist@0.0.10
43328 silly install picocolors@0.2.1
43329 info lifecycle picocolors@0.2.1~install: picocolors@0.2.1
43330 silly install options@0.0.6
43331 info lifecycle options@0.0.6~install: options@0.0.6
43332 silly install os-browserify@0.3.0
43333 info lifecycle os-browserify@0.3.0~install: os-browserify@0.3.0
43334 silly install os-homedir@1.0.2
43335 info lifecycle os-homedir@1.0.2~install: os-homedir@1.0.2
43336 silly install os-tmpdir@1.0.2
43337 info lifecycle os-tmpdir@1.0.2~install: os-tmpdir@1.0.2
43338 silly install home-or-tmp@2.0.0
43339 info lifecycle home-or-tmp@2.0.0~install: home-or-tmp@2.0.0
43340 silly install tmp@0.0.31
43341 info lifecycle tmp@0.0.31~install: tmp@0.0.31
43342 silly install p-finally@1.0.0
43343 info lifecycle p-finally@1.0.0~install: p-finally@1.0.0
43344 silly install p-map@1.2.0
43345 info lifecycle p-map@1.2.0~install: p-map@1.2.0
43346 silly install p-try@1.0.0
43347 info lifecycle p-try@1.0.0~install: p-try@1.0.0
43348 silly install p-limit@1.3.0
43349 info lifecycle p-limit@1.3.0~install: p-limit@1.3.0
43350 silly install p-locate@2.0.0
43351 info lifecycle p-locate@2.0.0~install: p-locate@2.0.0
43352 silly install pako@1.0.11
43353 info lifecycle pako@1.0.11~install: pako@1.0.11
43354 silly install browserify-zlib@0.2.0
43355 info lifecycle browserify-zlib@0.2.0~install: browserify-zlib@0.2.0
43356 silly install param-case@2.1.1
43357 info lifecycle param-case@2.1.1~install: param-case@2.1.1
43358 silly install parse-glob@3.0.4
43359 info lifecycle parse-glob@3.0.4~install: parse-glob@3.0.4
43360 silly install parse-json@2.2.0
43361 info lifecycle parse-json@2.2.0~install: parse-json@2.2.0
43362 silly install parsejson@0.0.3
43363 info lifecycle parsejson@0.0.3~install: parsejson@0.0.3
43364 silly install parseqs@0.0.5
43365 info lifecycle parseqs@0.0.5~install: parseqs@0.0.5
43366 silly install parseuri@0.0.5
43367 info lifecycle parseuri@0.0.5~install: parseuri@0.0.5
43368 silly install parseurl@1.3.3
43369 info lifecycle parseurl@1.3.3~install: parseurl@1.3.3
43370 silly install pascalcase@0.1.1
43371 info lifecycle pascalcase@0.1.1~install: pascalcase@0.1.1
43372 silly install path-browserify@0.0.1
43373 info lifecycle path-browserify@0.0.1~install: path-browserify@0.0.1
43374 silly install path-dirname@1.0.2
43375 info lifecycle path-dirname@1.0.2~install: path-dirname@1.0.2
43376 silly install path-exists@3.0.0
43377 info lifecycle path-exists@3.0.0~install: path-exists@3.0.0
43378 silly install locate-path@2.0.0
43379 info lifecycle locate-path@2.0.0~install: locate-path@2.0.0
43380 silly install find-up@2.1.0
43381 info lifecycle find-up@2.1.0~install: find-up@2.1.0
43382 silly install path-is-absolute@1.0.1
43383 info lifecycle path-is-absolute@1.0.1~install: path-is-absolute@1.0.1
43384 silly install path-is-inside@1.0.2
43385 info lifecycle path-is-inside@1.0.2~install: path-is-inside@1.0.2
43386 silly install is-path-inside@1.0.1
43387 info lifecycle is-path-inside@1.0.1~install: is-path-inside@1.0.1
43388 silly install is-path-in-cwd@1.0.1
43389 info lifecycle is-path-in-cwd@1.0.1~install: is-path-in-cwd@1.0.1
43390 silly install path-key@2.0.1
43391 info lifecycle path-key@2.0.1~install: path-key@2.0.1
43392 silly install npm-run-path@2.0.2
43393 info lifecycle npm-run-path@2.0.2~install: npm-run-path@2.0.2
43394 silly install path-parse@1.0.7
43395 info lifecycle path-parse@1.0.7~install: path-parse@1.0.7
43396 silly install isarray@0.0.1
43397 info lifecycle isarray@0.0.1~install: isarray@0.0.1
43398 silly install path-to-regexp@1.8.0
43399 info lifecycle path-to-regexp@1.8.0~install: path-to-regexp@1.8.0
43400 silly install pify@2.3.0
43401 info lifecycle pify@2.3.0~install: pify@2.3.0
43402 silly install pathval@1.1.1
43403 info lifecycle pathval@1.1.1~install: pathval@1.1.1
43404 silly install pend@1.2.0
43405 info lifecycle pend@1.2.0~install: pend@1.2.0
43406 silly install fd-slicer@1.1.0
43407 info lifecycle fd-slicer@1.1.0~install: fd-slicer@1.1.0
43408 silly install performance-now@2.1.0
43409 info lifecycle performance-now@2.1.0~install: performance-now@2.1.0
43410 silly install progress@1.1.8
43411 info lifecycle progress@1.1.8~install: progress@1.1.8
43412 silly install picocolors@1.0.0
43413 info lifecycle picocolors@1.0.0~install: picocolors@1.0.0
43414 silly install picomatch@2.3.1
43415 info lifecycle picomatch@2.3.1~install: picomatch@2.3.1
43416 silly install pify@3.0.0
43417 info lifecycle pify@3.0.0~install: pify@3.0.0
43418 silly install path-type@3.0.0
43419 info lifecycle path-type@3.0.0~install: path-type@3.0.0
43420 silly install dir-glob@2.2.2
43421 info lifecycle dir-glob@2.2.2~install: dir-glob@2.2.2
43422 silly install gzip-size@4.1.0
43423 info lifecycle gzip-size@4.1.0~install: gzip-size@4.1.0
43424 silly install make-dir@1.3.0
43425 info lifecycle make-dir@1.3.0~install: make-dir@1.3.0
43426 silly install pinkie@2.0.4
43427 info lifecycle pinkie@2.0.4~install: pinkie@2.0.4
43428 silly install pinkie-promise@2.0.1
43429 info lifecycle pinkie-promise@2.0.1~install: pinkie-promise@2.0.1
43430 silly install hasha@2.2.0
43431 info lifecycle hasha@2.2.0~install: hasha@2.2.0
43432 silly install path-exists@2.1.0
43433 info lifecycle path-exists@2.1.0~install: path-exists@2.1.0
43434 silly install find-up@1.1.2
43435 info lifecycle find-up@1.1.2~install: find-up@1.1.2
43436 silly install pkg-dir@1.0.0
43437 info lifecycle pkg-dir@1.0.0~install: pkg-dir@1.0.0
43438 silly install find-cache-dir@0.1.1
43439 info lifecycle find-cache-dir@0.1.1~install: find-cache-dir@0.1.1
43440 silly install loader-fs-cache@1.0.3
43441 info lifecycle loader-fs-cache@1.0.3~install: loader-fs-cache@1.0.3
43442 silly install path-type@1.1.0
43443 info lifecycle path-type@1.1.0~install: path-type@1.1.0
43444 silly install pkg-dir@2.0.0
43445 info lifecycle pkg-dir@2.0.0~install: pkg-dir@2.0.0
43446 silly install find-cache-dir@1.0.0
43447 info lifecycle find-cache-dir@1.0.0~install: find-cache-dir@1.0.0
43448 silly install pluralize@7.0.0
43449 info lifecycle pluralize@7.0.0~install: pluralize@7.0.0
43450 silly install ms@2.1.3
43451 info lifecycle ms@2.1.3~install: ms@2.1.3
43452 silly install debug@3.2.7
43453 info lifecycle debug@3.2.7~install: debug@3.2.7
43454 silly install portfinder@1.0.32
43455 info lifecycle portfinder@1.0.32~install: portfinder@1.0.32
43456 silly install posix-character-classes@0.1.1
43457 info lifecycle posix-character-classes@0.1.1~install: posix-character-classes@0.1.1
43458 silly install ansi-styles@2.2.1
43459 info lifecycle ansi-styles@2.2.1~install: ansi-styles@2.2.1
43460 silly install supports-color@2.0.0
43461 info lifecycle supports-color@2.0.0~install: supports-color@2.0.0
43462 silly install has-flag@1.0.0
43463 info lifecycle has-flag@1.0.0~install: has-flag@1.0.0
43464 silly install source-map@0.5.7
43465 info lifecycle source-map@0.5.7~install: source-map@0.5.7
43466 silly install supports-color@3.2.3
43467 info lifecycle supports-color@3.2.3~install: supports-color@3.2.3
43468 silly install ansi-styles@2.2.1
43469 info lifecycle ansi-styles@2.2.1~install: ansi-styles@2.2.1
43470 silly install supports-color@2.0.0
43471 info lifecycle supports-color@2.0.0~install: supports-color@2.0.0
43472 silly install has-flag@1.0.0
43473 info lifecycle has-flag@1.0.0~install: has-flag@1.0.0
43474 silly install source-map@0.5.7
43475 info lifecycle source-map@0.5.7~install: source-map@0.5.7
43476 silly install supports-color@3.2.3
43477 info lifecycle supports-color@3.2.3~install: supports-color@3.2.3
43478 silly install ansi-styles@2.2.1
43479 info lifecycle ansi-styles@2.2.1~install: ansi-styles@2.2.1
43480 silly install supports-color@2.0.0
43481 info lifecycle supports-color@2.0.0~install: supports-color@2.0.0
43482 silly install has-flag@1.0.0
43483 info lifecycle has-flag@1.0.0~install: has-flag@1.0.0
43484 silly install source-map@0.5.7
43485 info lifecycle source-map@0.5.7~install: source-map@0.5.7
43486 silly install supports-color@3.2.3
43487 info lifecycle supports-color@3.2.3~install: supports-color@3.2.3
43488 silly install ansi-styles@2.2.1
43489 info lifecycle ansi-styles@2.2.1~install: ansi-styles@2.2.1
43490 silly install supports-color@2.0.0
43491 info lifecycle supports-color@2.0.0~install: supports-color@2.0.0
43492 silly install has-flag@1.0.0
43493 info lifecycle has-flag@1.0.0~install: has-flag@1.0.0
43494 silly install source-map@0.5.7
43495 info lifecycle source-map@0.5.7~install: source-map@0.5.7
43496 silly install supports-color@3.2.3
43497 info lifecycle supports-color@3.2.3~install: supports-color@3.2.3
43498 silly install ansi-styles@2.2.1
43499 info lifecycle ansi-styles@2.2.1~install: ansi-styles@2.2.1
43500 silly install supports-color@2.0.0
43501 info lifecycle supports-color@2.0.0~install: supports-color@2.0.0
43502 silly install has-flag@1.0.0
43503 info lifecycle has-flag@1.0.0~install: has-flag@1.0.0
43504 silly install source-map@0.5.7
43505 info lifecycle source-map@0.5.7~install: source-map@0.5.7
43506 silly install supports-color@3.2.3
43507 info lifecycle supports-color@3.2.3~install: supports-color@3.2.3
43508 silly install ansi-styles@2.2.1
43509 info lifecycle ansi-styles@2.2.1~install: ansi-styles@2.2.1
43510 silly install supports-color@2.0.0
43511 info lifecycle supports-color@2.0.0~install: supports-color@2.0.0
43512 silly install has-flag@1.0.0
43513 info lifecycle has-flag@1.0.0~install: has-flag@1.0.0
43514 silly install source-map@0.5.7
43515 info lifecycle source-map@0.5.7~install: source-map@0.5.7
43516 silly install supports-color@3.2.3
43517 info lifecycle supports-color@3.2.3~install: supports-color@3.2.3
43518 silly install ansi-styles@2.2.1
43519 info lifecycle ansi-styles@2.2.1~install: ansi-styles@2.2.1
43520 silly install supports-color@2.0.0
43521 info lifecycle supports-color@2.0.0~install: supports-color@2.0.0
43522 silly install has-flag@1.0.0
43523 info lifecycle has-flag@1.0.0~install: has-flag@1.0.0
43524 silly install source-map@0.5.7
43525 info lifecycle source-map@0.5.7~install: source-map@0.5.7
43526 silly install supports-color@3.2.3
43527 info lifecycle supports-color@3.2.3~install: supports-color@3.2.3
43528 silly install ansi-styles@2.2.1
43529 info lifecycle ansi-styles@2.2.1~install: ansi-styles@2.2.1
43530 silly install supports-color@2.0.0
43531 info lifecycle supports-color@2.0.0~install: supports-color@2.0.0
43532 silly install has-flag@1.0.0
43533 info lifecycle has-flag@1.0.0~install: has-flag@1.0.0
43534 silly install source-map@0.5.7
43535 info lifecycle source-map@0.5.7~install: source-map@0.5.7
43536 silly install supports-color@3.2.3
43537 info lifecycle supports-color@3.2.3~install: supports-color@3.2.3
43538 silly install ansi-styles@2.2.1
43539 info lifecycle ansi-styles@2.2.1~install: ansi-styles@2.2.1
43540 silly install supports-color@2.0.0
43541 info lifecycle supports-color@2.0.0~install: supports-color@2.0.0
43542 silly install has-flag@1.0.0
43543 info lifecycle has-flag@1.0.0~install: has-flag@1.0.0
43544 silly install source-map@0.5.7
43545 info lifecycle source-map@0.5.7~install: source-map@0.5.7
43546 silly install supports-color@3.2.3
43547 info lifecycle supports-color@3.2.3~install: supports-color@3.2.3
43548 silly install ajv-keywords@3.5.2
43549 info lifecycle ajv-keywords@3.5.2~install: ajv-keywords@3.5.2
43550 silly install fast-deep-equal@3.1.3
43551 info lifecycle fast-deep-equal@3.1.3~install: fast-deep-equal@3.1.3
43552 silly install json-schema-traverse@0.4.1
43553 info lifecycle json-schema-traverse@0.4.1~install: json-schema-traverse@0.4.1
43554 silly install ansi-styles@2.2.1
43555 info lifecycle ansi-styles@2.2.1~install: ansi-styles@2.2.1
43556 silly install supports-color@2.0.0
43557 info lifecycle supports-color@2.0.0~install: supports-color@2.0.0
43558 silly install has-flag@1.0.0
43559 info lifecycle has-flag@1.0.0~install: has-flag@1.0.0
43560 silly install source-map@0.5.7
43561 info lifecycle source-map@0.5.7~install: source-map@0.5.7
43562 silly install supports-color@3.2.3
43563 info lifecycle supports-color@3.2.3~install: supports-color@3.2.3
43564 silly install ansi-styles@2.2.1
43565 info lifecycle ansi-styles@2.2.1~install: ansi-styles@2.2.1
43566 silly install supports-color@2.0.0
43567 info lifecycle supports-color@2.0.0~install: supports-color@2.0.0
43568 silly install has-flag@1.0.0
43569 info lifecycle has-flag@1.0.0~install: has-flag@1.0.0
43570 silly install source-map@0.5.7
43571 info lifecycle source-map@0.5.7~install: source-map@0.5.7
43572 silly install supports-color@3.2.3
43573 info lifecycle supports-color@3.2.3~install: supports-color@3.2.3
43574 silly install ansi-styles@2.2.1
43575 info lifecycle ansi-styles@2.2.1~install: ansi-styles@2.2.1
43576 silly install browserslist@1.7.7
43577 info lifecycle browserslist@1.7.7~install: browserslist@1.7.7
43578 silly install supports-color@2.0.0
43579 info lifecycle supports-color@2.0.0~install: supports-color@2.0.0
43580 silly install has-flag@1.0.0
43581 info lifecycle has-flag@1.0.0~install: has-flag@1.0.0
43582 silly install source-map@0.5.7
43583 info lifecycle source-map@0.5.7~install: source-map@0.5.7
43584 silly install supports-color@3.2.3
43585 info lifecycle supports-color@3.2.3~install: supports-color@3.2.3
43586 silly install postcss-message-helpers@2.0.0
43587 info lifecycle postcss-message-helpers@2.0.0~install: postcss-message-helpers@2.0.0
43588 silly install ansi-styles@2.2.1
43589 info lifecycle ansi-styles@2.2.1~install: ansi-styles@2.2.1
43590 silly install supports-color@2.0.0
43591 info lifecycle supports-color@2.0.0~install: supports-color@2.0.0
43592 silly install has-flag@1.0.0
43593 info lifecycle has-flag@1.0.0~install: has-flag@1.0.0
43594 silly install source-map@0.5.7
43595 info lifecycle source-map@0.5.7~install: source-map@0.5.7
43596 silly install supports-color@3.2.3
43597 info lifecycle supports-color@3.2.3~install: supports-color@3.2.3
43598 silly install ansi-styles@2.2.1
43599 info lifecycle ansi-styles@2.2.1~install: ansi-styles@2.2.1
43600 silly install supports-color@2.0.0
43601 info lifecycle supports-color@2.0.0~install: supports-color@2.0.0
43602 silly install has-flag@1.0.0
43603 info lifecycle has-flag@1.0.0~install: has-flag@1.0.0
43604 silly install source-map@0.5.7
43605 info lifecycle source-map@0.5.7~install: source-map@0.5.7
43606 silly install supports-color@3.2.3
43607 info lifecycle supports-color@3.2.3~install: supports-color@3.2.3
43608 silly install ansi-styles@2.2.1
43609 info lifecycle ansi-styles@2.2.1~install: ansi-styles@2.2.1
43610 silly install supports-color@2.0.0
43611 info lifecycle supports-color@2.0.0~install: supports-color@2.0.0
43612 silly install has-flag@1.0.0
43613 info lifecycle has-flag@1.0.0~install: has-flag@1.0.0
43614 silly install source-map@0.5.7
43615 info lifecycle source-map@0.5.7~install: source-map@0.5.7
43616 silly install supports-color@3.2.3
43617 info lifecycle supports-color@3.2.3~install: supports-color@3.2.3
43618 silly install ansi-styles@2.2.1
43619 info lifecycle ansi-styles@2.2.1~install: ansi-styles@2.2.1
43620 silly install supports-color@2.0.0
43621 info lifecycle supports-color@2.0.0~install: supports-color@2.0.0
43622 silly install has-flag@1.0.0
43623 info lifecycle has-flag@1.0.0~install: has-flag@1.0.0
43624 silly install source-map@0.5.7
43625 info lifecycle source-map@0.5.7~install: source-map@0.5.7
43626 silly install supports-color@3.2.3
43627 info lifecycle supports-color@3.2.3~install: supports-color@3.2.3
43628 silly install ansi-styles@2.2.1
43629 info lifecycle ansi-styles@2.2.1~install: ansi-styles@2.2.1
43630 silly install supports-color@2.0.0
43631 info lifecycle supports-color@2.0.0~install: supports-color@2.0.0
43632 silly install has-flag@1.0.0
43633 info lifecycle has-flag@1.0.0~install: has-flag@1.0.0
43634 silly install source-map@0.5.7
43635 info lifecycle source-map@0.5.7~install: source-map@0.5.7
43636 silly install supports-color@3.2.3
43637 info lifecycle supports-color@3.2.3~install: supports-color@3.2.3
43638 silly install picocolors@0.2.1
43639 info lifecycle picocolors@0.2.1~install: picocolors@0.2.1
43640 silly install picocolors@0.2.1
43641 info lifecycle picocolors@0.2.1~install: picocolors@0.2.1
43642 silly install picocolors@0.2.1
43643 info lifecycle picocolors@0.2.1~install: picocolors@0.2.1
43644 silly install picocolors@0.2.1
43645 info lifecycle picocolors@0.2.1~install: picocolors@0.2.1
43646 silly install picocolors@0.2.1
43647 info lifecycle picocolors@0.2.1~install: picocolors@0.2.1
43648 silly install picocolors@0.2.1
43649 info lifecycle picocolors@0.2.1~install: picocolors@0.2.1
43650 silly install ansi-styles@2.2.1
43651 info lifecycle ansi-styles@2.2.1~install: ansi-styles@2.2.1
43652 silly install supports-color@2.0.0
43653 info lifecycle supports-color@2.0.0~install: supports-color@2.0.0
43654 silly install has-flag@1.0.0
43655 info lifecycle has-flag@1.0.0~install: has-flag@1.0.0
43656 silly install source-map@0.5.7
43657 info lifecycle source-map@0.5.7~install: source-map@0.5.7
43658 silly install supports-color@3.2.3
43659 info lifecycle supports-color@3.2.3~install: supports-color@3.2.3
43660 silly install picocolors@0.2.1
43661 info lifecycle picocolors@0.2.1~install: picocolors@0.2.1
43662 silly install ansi-styles@2.2.1
43663 info lifecycle ansi-styles@2.2.1~install: ansi-styles@2.2.1
43664 silly install supports-color@2.0.0
43665 info lifecycle supports-color@2.0.0~install: supports-color@2.0.0
43666 silly install has-flag@1.0.0
43667 info lifecycle has-flag@1.0.0~install: has-flag@1.0.0
43668 silly install source-map@0.5.7
43669 info lifecycle source-map@0.5.7~install: source-map@0.5.7
43670 silly install supports-color@3.2.3
43671 info lifecycle supports-color@3.2.3~install: supports-color@3.2.3
43672 silly install ansi-styles@2.2.1
43673 info lifecycle ansi-styles@2.2.1~install: ansi-styles@2.2.1
43674 silly install supports-color@2.0.0
43675 info lifecycle supports-color@2.0.0~install: supports-color@2.0.0
43676 silly install has-flag@1.0.0
43677 info lifecycle has-flag@1.0.0~install: has-flag@1.0.0
43678 silly install source-map@0.5.7
43679 info lifecycle source-map@0.5.7~install: source-map@0.5.7
43680 silly install supports-color@3.2.3
43681 info lifecycle supports-color@3.2.3~install: supports-color@3.2.3
43682 silly install ansi-styles@2.2.1
43683 info lifecycle ansi-styles@2.2.1~install: ansi-styles@2.2.1
43684 silly install supports-color@2.0.0
43685 info lifecycle supports-color@2.0.0~install: supports-color@2.0.0
43686 silly install has-flag@1.0.0
43687 info lifecycle has-flag@1.0.0~install: has-flag@1.0.0
43688 silly install source-map@0.5.7
43689 info lifecycle source-map@0.5.7~install: source-map@0.5.7
43690 silly install supports-color@3.2.3
43691 info lifecycle supports-color@3.2.3~install: supports-color@3.2.3
43692 silly install ansi-styles@2.2.1
43693 info lifecycle ansi-styles@2.2.1~install: ansi-styles@2.2.1
43694 silly install supports-color@2.0.0
43695 info lifecycle supports-color@2.0.0~install: supports-color@2.0.0
43696 silly install has-flag@1.0.0
43697 info lifecycle has-flag@1.0.0~install: has-flag@1.0.0
43698 silly install source-map@0.5.7
43699 info lifecycle source-map@0.5.7~install: source-map@0.5.7
43700 silly install supports-color@3.2.3
43701 info lifecycle supports-color@3.2.3~install: supports-color@3.2.3
43702 silly install ansi-styles@2.2.1
43703 info lifecycle ansi-styles@2.2.1~install: ansi-styles@2.2.1
43704 silly install supports-color@2.0.0
43705 info lifecycle supports-color@2.0.0~install: supports-color@2.0.0
43706 silly install has-flag@1.0.0
43707 info lifecycle has-flag@1.0.0~install: has-flag@1.0.0
43708 silly install source-map@0.5.7
43709 info lifecycle source-map@0.5.7~install: source-map@0.5.7
43710 silly install supports-color@3.2.3
43711 info lifecycle supports-color@3.2.3~install: supports-color@3.2.3
43712 silly install ansi-styles@2.2.1
43713 info lifecycle ansi-styles@2.2.1~install: ansi-styles@2.2.1
43714 silly install supports-color@2.0.0
43715 info lifecycle supports-color@2.0.0~install: supports-color@2.0.0
43716 silly install has-flag@1.0.0
43717 info lifecycle has-flag@1.0.0~install: has-flag@1.0.0
43718 silly install source-map@0.5.7
43719 info lifecycle source-map@0.5.7~install: source-map@0.5.7
43720 silly install supports-color@3.2.3
43721 info lifecycle supports-color@3.2.3~install: supports-color@3.2.3
43722 silly install postcss-value-parser@3.3.1
43723 info lifecycle postcss-value-parser@3.3.1~install: postcss-value-parser@3.3.1
43724 silly install ansi-styles@2.2.1
43725 info lifecycle ansi-styles@2.2.1~install: ansi-styles@2.2.1
43726 silly install supports-color@2.0.0
43727 info lifecycle supports-color@2.0.0~install: supports-color@2.0.0
43728 silly install has-flag@1.0.0
43729 info lifecycle has-flag@1.0.0~install: has-flag@1.0.0
43730 silly install source-map@0.5.7
43731 info lifecycle source-map@0.5.7~install: source-map@0.5.7
43732 silly install supports-color@3.2.3
43733 info lifecycle supports-color@3.2.3~install: supports-color@3.2.3
43734 silly install prelude-ls@1.1.2
43735 info lifecycle prelude-ls@1.1.2~install: prelude-ls@1.1.2
43736 silly install prepend-http@1.0.4
43737 info lifecycle prepend-http@1.0.4~install: prepend-http@1.0.4
43738 silly install preserve@0.2.0
43739 info lifecycle preserve@0.2.0~install: preserve@0.2.0
43740 silly install prettier@1.19.1
43741 info lifecycle prettier@1.19.1~install: prettier@1.19.1
43742 silly install private@0.1.8
43743 info lifecycle private@0.1.8~install: private@0.1.8
43744 silly install process@0.11.10
43745 info lifecycle process@0.11.10~install: process@0.11.10
43746 silly install process-nextick-args@2.0.1
43747 info lifecycle process-nextick-args@2.0.1~install: process-nextick-args@2.0.1
43748 silly install progress@2.0.3
43749 info lifecycle progress@2.0.3~install: progress@2.0.3
43750 silly install promise-inflight@1.0.1
43751 info lifecycle promise-inflight@1.0.1~install: promise-inflight@1.0.1
43752 silly install proxy-addr@2.0.7
43753 info lifecycle proxy-addr@2.0.7~install: proxy-addr@2.0.7
43754 silly install prr@1.0.1
43755 info lifecycle prr@1.0.1~install: prr@1.0.1
43756 silly install errno@0.1.8
43757 info lifecycle errno@0.1.8~install: errno@0.1.8
43758 silly install pseudomap@1.0.2
43759 info lifecycle pseudomap@1.0.2~install: pseudomap@1.0.2
43760 silly install psl@1.9.0
43761 info lifecycle psl@1.9.0~install: psl@1.9.0
43762 silly install bn.js@4.12.0
43763 info lifecycle bn.js@4.12.0~install: bn.js@4.12.0
43764 silly install punycode@2.3.0
43765 info lifecycle punycode@2.3.0~install: punycode@2.3.0
43766 silly install q@1.5.1
43767 info lifecycle q@1.5.1~install: q@1.5.1
43768 silly install coa@1.0.4
43769 info lifecycle coa@1.0.4~install: coa@1.0.4
43770 silly install qjobs@1.2.0
43771 info lifecycle qjobs@1.2.0~install: qjobs@1.2.0
43772 silly install querystring@0.2.0
43773 info lifecycle querystring@0.2.0~install: querystring@0.2.0
43774 silly install querystring-es3@0.2.1
43775 info lifecycle querystring-es3@0.2.1~install: querystring-es3@0.2.1
43776 silly install querystringify@2.2.0
43777 info lifecycle querystringify@2.2.0~install: querystringify@2.2.0
43778 silly install is-number@4.0.0
43779 info lifecycle is-number@4.0.0~install: is-number@4.0.0
43780 silly install kind-of@6.0.3
43781 info lifecycle kind-of@6.0.3~install: kind-of@6.0.3
43782 silly install randomatic@3.1.1
43783 info lifecycle randomatic@3.1.1~install: randomatic@3.1.1
43784 silly install range-parser@1.2.1
43785 info lifecycle range-parser@1.2.1~install: range-parser@1.2.1
43786 silly install pify@2.3.0
43787 info lifecycle pify@2.3.0~install: pify@2.3.0
43788 silly install read-cache@1.0.0
43789 info lifecycle read-cache@1.0.0~install: read-cache@1.0.0
43790 silly install path-exists@2.1.0
43791 info lifecycle path-exists@2.1.0~install: path-exists@2.1.0
43792 silly install find-up@1.1.2
43793 info lifecycle find-up@1.1.2~install: find-up@1.1.2
43794 silly install arr-diff@4.0.0
43795 info lifecycle arr-diff@4.0.0~install: arr-diff@4.0.0
43796 silly install array-unique@0.3.2
43797 info lifecycle array-unique@0.3.2~install: array-unique@0.3.2
43798 silly install extend-shallow@2.0.1
43799 info lifecycle extend-shallow@2.0.1~install: extend-shallow@2.0.1
43800 silly install extend-shallow@2.0.1
43801 info lifecycle extend-shallow@2.0.1~install: extend-shallow@2.0.1
43802 silly install kind-of@3.2.2
43803 info lifecycle kind-of@3.2.2~install: kind-of@3.2.2
43804 silly install is-accessor-descriptor@0.1.6
43805 info lifecycle is-accessor-descriptor@0.1.6~install: is-accessor-descriptor@0.1.6
43806 silly install kind-of@3.2.2
43807 info lifecycle kind-of@3.2.2~install: kind-of@3.2.2
43808 silly install is-data-descriptor@0.1.4
43809 info lifecycle is-data-descriptor@0.1.4~install: is-data-descriptor@0.1.4
43810 silly install kind-of@5.1.0
43811 info lifecycle kind-of@5.1.0~install: kind-of@5.1.0
43812 silly install is-descriptor@0.1.6
43813 info lifecycle is-descriptor@0.1.6~install: is-descriptor@0.1.6
43814 silly install define-property@0.2.5
43815 info lifecycle define-property@0.2.5~install: define-property@0.2.5
43816 silly install extend-shallow@2.0.1
43817 info lifecycle extend-shallow@2.0.1~install: extend-shallow@2.0.1
43818 silly install extend-shallow@2.0.1
43819 info lifecycle extend-shallow@2.0.1~install: extend-shallow@2.0.1
43820 silly install kind-of@3.2.2
43821 info lifecycle kind-of@3.2.2~install: kind-of@3.2.2
43822 silly install is-number@3.0.0
43823 info lifecycle is-number@3.0.0~install: is-number@3.0.0
43824 silly install isobject@3.0.1
43825 info lifecycle isobject@3.0.1~install: isobject@3.0.1
43826 silly install kind-of@6.0.3
43827 info lifecycle kind-of@6.0.3~install: kind-of@6.0.3
43828 silly install is-accessor-descriptor@1.0.0
43829 info lifecycle is-accessor-descriptor@1.0.0~install: is-accessor-descriptor@1.0.0
43830 silly install is-data-descriptor@1.0.0
43831 info lifecycle is-data-descriptor@1.0.0~install: is-data-descriptor@1.0.0
43832 silly install is-descriptor@1.0.2
43833 info lifecycle is-descriptor@1.0.2~install: is-descriptor@1.0.2
43834 silly install define-property@1.0.0
43835 info lifecycle define-property@1.0.0~install: define-property@1.0.0
43836 silly install balanced-match@0.4.2
43837 info lifecycle balanced-match@0.4.2~install: balanced-match@0.4.2
43838 silly install reduce-function-call@1.0.3
43839 info lifecycle reduce-function-call@1.0.3~install: reduce-function-call@1.0.3
43840 silly install reduce-css-calc@1.3.0
43841 info lifecycle reduce-css-calc@1.3.0~install: reduce-css-calc@1.3.0
43842 silly install regenerate@1.4.2
43843 info lifecycle regenerate@1.4.2~install: regenerate@1.4.2
43844 silly install regenerator-runtime@0.11.1
43845 info lifecycle regenerator-runtime@0.11.1~install: regenerator-runtime@0.11.1
43846 silly install babel-runtime@6.26.0
43847 info lifecycle babel-runtime@6.26.0~install: babel-runtime@6.26.0
43848 silly install async-validator@1.8.5
43849 info lifecycle async-validator@1.8.5~install: async-validator@1.8.5
43850 silly install babel-messages@6.23.0
43851 info lifecycle babel-messages@6.23.0~install: babel-messages@6.23.0
43852 silly install babel-plugin-check-es2015-constants@6.22.0
43853 info lifecycle babel-plugin-check-es2015-constants@6.22.0~install: babel-plugin-check-es2015-constants@6.22.0
43854 silly install babel-plugin-transform-es2015-arrow-functions@6.22.0
43855 info lifecycle babel-plugin-transform-es2015-arrow-functions@6.22.0~install: babel-plugin-transform-es2015-arrow-functions@6.22.0
43856 silly install babel-plugin-transform-es2015-block-scoped-functions@6.22.0
43857 info lifecycle babel-plugin-transform-es2015-block-scoped-functions@6.22.0~install: babel-plugin-transform-es2015-block-scoped-functions@6.22.0
43858 silly install babel-plugin-transform-es2015-destructuring@6.23.0
43859 info lifecycle babel-plugin-transform-es2015-destructuring@6.23.0~install: babel-plugin-transform-es2015-destructuring@6.23.0
43860 silly install babel-plugin-transform-es2015-for-of@6.23.0
43861 info lifecycle babel-plugin-transform-es2015-for-of@6.23.0~install: babel-plugin-transform-es2015-for-of@6.23.0
43862 silly install babel-plugin-transform-es2015-literals@6.22.0
43863 info lifecycle babel-plugin-transform-es2015-literals@6.22.0~install: babel-plugin-transform-es2015-literals@6.22.0
43864 silly install babel-plugin-transform-es2015-spread@6.22.0
43865 info lifecycle babel-plugin-transform-es2015-spread@6.22.0~install: babel-plugin-transform-es2015-spread@6.22.0
43866 silly install babel-plugin-transform-es2015-template-literals@6.22.0
43867 info lifecycle babel-plugin-transform-es2015-template-literals@6.22.0~install: babel-plugin-transform-es2015-template-literals@6.22.0
43868 silly install babel-plugin-transform-es2015-typeof-symbol@6.23.0
43869 info lifecycle babel-plugin-transform-es2015-typeof-symbol@6.23.0~install: babel-plugin-transform-es2015-typeof-symbol@6.23.0
43870 silly install babel-plugin-transform-object-rest-spread@6.26.0
43871 info lifecycle babel-plugin-transform-object-rest-spread@6.26.0~install: babel-plugin-transform-object-rest-spread@6.26.0
43872 silly install regex-cache@0.4.4
43873 info lifecycle regex-cache@0.4.4~install: regex-cache@0.4.4
43874 silly install regexp.prototype.flags@1.5.0
43875 info lifecycle regexp.prototype.flags@1.5.0~install: regexp.prototype.flags@1.5.0
43876 silly install deep-equal@1.1.1
43877 info lifecycle deep-equal@1.1.1~install: deep-equal@1.1.1
43878 silly install regexpp@1.1.0
43879 info lifecycle regexpp@1.1.0~install: regexpp@1.1.0
43880 silly install regjsgen@0.2.0
43881 info lifecycle regjsgen@0.2.0~install: regjsgen@0.2.0
43882 silly install jsesc@0.5.0
43883 info lifecycle jsesc@0.5.0~install: jsesc@0.5.0
43884 silly install regjsparser@0.1.5
43885 info lifecycle regjsparser@0.1.5~install: regjsparser@0.1.5
43886 silly install regexpu-core@2.0.0
43887 info lifecycle regexpu-core@2.0.0~install: regexpu-core@2.0.0
43888 silly install relateurl@0.2.7
43889 info lifecycle relateurl@0.2.7~install: relateurl@0.2.7
43890 silly install remove-trailing-separator@1.1.0
43891 info lifecycle remove-trailing-separator@1.1.0~install: remove-trailing-separator@1.1.0
43892 silly install normalize-path@2.1.1
43893 info lifecycle normalize-path@2.1.1~install: normalize-path@2.1.1
43894 silly install repeat-element@1.1.4
43895 info lifecycle repeat-element@1.1.4~install: repeat-element@1.1.4
43896 silly install repeat-string@1.6.1
43897 info lifecycle repeat-string@1.6.1~install: repeat-string@1.6.1
43898 silly install align-text@0.1.4
43899 info lifecycle align-text@0.1.4~install: align-text@0.1.4
43900 silly install center-align@0.1.3
43901 info lifecycle center-align@0.1.3~install: center-align@0.1.3
43902 silly install fill-range@2.2.4
43903 info lifecycle fill-range@2.2.4~install: fill-range@2.2.4
43904 silly install expand-range@1.8.2
43905 info lifecycle expand-range@1.8.2~install: expand-range@1.8.2
43906 silly install braces@1.8.5
43907 info lifecycle braces@1.8.5~install: braces@1.8.5
43908 silly install micromatch@2.3.11
43909 info lifecycle micromatch@2.3.11~install: micromatch@2.3.11
43910 silly install anymatch@1.3.2
43911 info lifecycle anymatch@1.3.2~install: anymatch@1.3.2
43912 silly install repeating@2.0.1
43913 info lifecycle repeating@2.0.1~install: repeating@2.0.1
43914 silly install detect-indent@4.0.0
43915 info lifecycle detect-indent@4.0.0~install: detect-indent@4.0.0
43916 silly install indent-string@2.1.0
43917 info lifecycle indent-string@2.1.0~install: indent-string@2.1.0
43918 silly install qs@6.5.3
43919 info lifecycle qs@6.5.3~install: qs@6.5.3
43920 silly install require-directory@2.1.1
43921 info lifecycle require-directory@2.1.1~install: require-directory@2.1.1
43922 silly install require-from-string@1.2.1
43923 info lifecycle require-from-string@1.2.1~install: require-from-string@1.2.1
43924 silly install require-main-filename@1.0.1
43925 info lifecycle require-main-filename@1.0.1~install: require-main-filename@1.0.1
43926 silly install requires-port@1.0.0
43927 info lifecycle requires-port@1.0.0~install: requires-port@1.0.0
43928 silly install http-proxy@1.18.1
43929 info lifecycle http-proxy@1.18.1~install: http-proxy@1.18.1
43930 silly install resize-observer-polyfill@1.5.1
43931 info lifecycle resize-observer-polyfill@1.5.1~install: resize-observer-polyfill@1.5.1
43932 silly install resolve-from@3.0.0
43933 info lifecycle resolve-from@3.0.0~install: resolve-from@3.0.0
43934 silly install resolve-cwd@2.0.0
43935 info lifecycle resolve-cwd@2.0.0~install: resolve-cwd@2.0.0
43936 silly install import-local@1.0.0
43937 info lifecycle import-local@1.0.0~install: import-local@1.0.0
43938 silly install resolve-from@1.0.1
43939 info lifecycle resolve-from@1.0.1~install: resolve-from@1.0.1
43940 silly install require-uncached@1.0.3
43941 info lifecycle require-uncached@1.0.3~install: require-uncached@1.0.3
43942 silly install resolve-url@0.2.1
43943 info lifecycle resolve-url@0.2.1~install: resolve-url@0.2.1
43944 silly install ret@0.1.15
43945 info lifecycle ret@0.1.15~install: ret@0.1.15
43946 silly install rgb-regex@1.0.1
43947 info lifecycle rgb-regex@1.0.1~install: rgb-regex@1.0.1
43948 silly install rgba-regex@1.0.0
43949 info lifecycle rgba-regex@1.0.0~install: rgba-regex@1.0.0
43950 silly install is-color-stop@1.1.0
43951 info lifecycle is-color-stop@1.1.0~install: is-color-stop@1.1.0
43952 silly install right-align@0.1.3
43953 info lifecycle right-align@0.1.3~install: right-align@0.1.3
43954 silly install cliui@2.1.0
43955 info lifecycle cliui@2.1.0~install: cliui@2.1.0
43956 silly install run-async@2.4.1
43957 info lifecycle run-async@2.4.1~install: run-async@2.4.1
43958 silly install run-queue@1.0.3
43959 info lifecycle run-queue@1.0.3~install: run-queue@1.0.3
43960 silly install rx-lite@4.0.8
43961 info lifecycle rx-lite@4.0.8~install: rx-lite@4.0.8
43962 silly install rx-lite-aggregates@4.0.8
43963 info lifecycle rx-lite-aggregates@4.0.8~install: rx-lite-aggregates@4.0.8
43964 silly install isarray@2.0.5
43965 info lifecycle isarray@2.0.5~install: isarray@2.0.5
43966 silly install safe-array-concat@1.0.0
43967 info lifecycle safe-array-concat@1.0.0~install: safe-array-concat@1.0.0
43968 silly install safe-buffer@5.1.2
43969 info lifecycle safe-buffer@5.1.2~install: safe-buffer@5.1.2
43970 silly install cipher-base@1.0.4
43971 info lifecycle cipher-base@1.0.4~install: cipher-base@1.0.4
43972 silly install browserify-des@1.0.2
43973 info lifecycle browserify-des@1.0.2~install: browserify-des@1.0.2
43974 silly install dns-packet@1.3.4
43975 info lifecycle dns-packet@1.3.4~install: dns-packet@1.3.4
43976 silly install randombytes@2.1.0
43977 info lifecycle randombytes@2.1.0~install: randombytes@2.1.0
43978 silly install browserify-rsa@4.1.0
43979 info lifecycle browserify-rsa@4.1.0~install: browserify-rsa@4.1.0
43980 silly install diffie-hellman@5.0.3
43981 info lifecycle diffie-hellman@5.0.3~install: diffie-hellman@5.0.3
43982 silly install randomfill@1.0.4
43983 info lifecycle randomfill@1.0.4~install: randomfill@1.0.4
43984 silly install safe-regex@1.1.0
43985 info lifecycle safe-regex@1.1.0~install: safe-regex@1.1.0
43986 silly install regex-not@1.0.2
43987 info lifecycle regex-not@1.0.2~install: regex-not@1.0.2
43988 silly install safe-regex-test@1.0.0
43989 info lifecycle safe-regex-test@1.0.0~install: safe-regex-test@1.0.0
43990 silly install safer-buffer@2.1.2
43991 info lifecycle safer-buffer@2.1.2~install: safer-buffer@2.1.2
43992 silly install asn1@0.2.6
43993 info lifecycle asn1@0.2.6~install: asn1@0.2.6
43994 silly install asn1.js@5.4.1
43995 info lifecycle asn1.js@5.4.1~install: asn1.js@5.4.1
43996 silly install ecc-jsbn@0.1.2
43997 info lifecycle ecc-jsbn@0.1.2~install: ecc-jsbn@0.1.2
43998 silly install iconv-lite@0.4.24
43999 info lifecycle iconv-lite@0.4.24~install: iconv-lite@0.4.24
44000 silly install samsam@1.3.0
44001 info lifecycle samsam@1.3.0~install: samsam@1.3.0
44002 silly install @sinonjs/formatio@2.0.0
44003 info lifecycle @sinonjs/formatio@2.0.0~install: @sinonjs/formatio@2.0.0
44004 silly install sax@1.2.4
44005 info lifecycle sax@1.2.4~install: sax@1.2.4
44006 silly install schema-utils@0.3.0
44007 info lifecycle schema-utils@0.3.0~install: schema-utils@0.3.0
44008 silly install select-hose@2.0.0
44009 info lifecycle select-hose@2.0.0~install: select-hose@2.0.0
44010 silly install selfsigned@1.10.14
44011 info lifecycle selfsigned@1.10.14~install: selfsigned@1.10.14
44012 silly install semver@5.7.1
44013 info lifecycle semver@5.7.1~install: semver@5.7.1
44014 silly install ms@2.1.3
44015 info lifecycle ms@2.1.3~install: ms@2.1.3
44016 silly install serialize-javascript@1.9.1
44017 info lifecycle serialize-javascript@1.9.1~install: serialize-javascript@1.9.1
44018 silly install depd@1.1.2
44019 info lifecycle depd@1.1.2~install: depd@1.1.2
44020 silly install inherits@2.0.3
44021 info lifecycle inherits@2.0.3~install: inherits@2.0.3
44022 silly install negotiator@0.6.3
44023 info lifecycle negotiator@0.6.3~install: negotiator@0.6.3
44024 silly install accepts@1.3.8
44025 info lifecycle accepts@1.3.8~install: accepts@1.3.8
44026 silly install setprototypeof@1.1.0
44027 info lifecycle setprototypeof@1.1.0~install: setprototypeof@1.1.0
44028 silly install statuses@1.5.0
44029 info lifecycle statuses@1.5.0~install: statuses@1.5.0
44030 silly install http-errors@1.6.3
44031 info lifecycle http-errors@1.6.3~install: http-errors@1.6.3
44032 silly install serve-index@1.9.1
44033 info lifecycle serve-index@1.9.1~install: serve-index@1.9.1
44034 silly install set-blocking@2.0.0
44035 info lifecycle set-blocking@2.0.0~install: set-blocking@2.0.0
44036 silly install extend-shallow@2.0.1
44037 info lifecycle extend-shallow@2.0.1~install: extend-shallow@2.0.1
44038 silly install setimmediate@1.0.5
44039 info lifecycle setimmediate@1.0.5~install: setimmediate@1.0.5
44040 silly install setprototypeof@1.2.0
44041 info lifecycle setprototypeof@1.2.0~install: setprototypeof@1.2.0
44042 silly install sha.js@2.4.11
44043 info lifecycle sha.js@2.4.11~install: sha.js@2.4.11
44044 silly install shebang-regex@1.0.0
44045 info lifecycle shebang-regex@1.0.0~install: shebang-regex@1.0.0
44046 silly install shebang-command@1.2.0
44047 info lifecycle shebang-command@1.2.0~install: shebang-command@1.2.0
44048 silly install shellwords@0.1.1
44049 info lifecycle shellwords@0.1.1~install: shellwords@0.1.1
44050 silly install side-channel@1.0.4
44051 info lifecycle side-channel@1.0.4~install: side-channel@1.0.4
44052 silly install internal-slot@1.0.5
44053 info lifecycle internal-slot@1.0.5~install: internal-slot@1.0.5
44054 silly install qs@6.11.0
44055 info lifecycle qs@6.11.0~install: qs@6.11.0
44056 silly install signal-exit@3.0.7
44057 info lifecycle signal-exit@3.0.7~install: signal-exit@3.0.7
44058 silly install loud-rejection@1.6.0
44059 info lifecycle loud-rejection@1.6.0~install: loud-rejection@1.6.0
44060 silly install restore-cursor@2.0.0
44061 info lifecycle restore-cursor@2.0.0~install: restore-cursor@2.0.0
44062 silly install cli-cursor@2.1.0
44063 info lifecycle cli-cursor@2.1.0~install: cli-cursor@2.1.0
44064 silly install is-arrayish@0.3.2
44065 info lifecycle is-arrayish@0.3.2~install: is-arrayish@0.3.2
44066 silly install simple-swizzle@0.2.2
44067 info lifecycle simple-swizzle@0.2.2~install: simple-swizzle@0.2.2
44068 silly install color-string@1.9.1
44069 info lifecycle color-string@1.9.1~install: color-string@1.9.1
44070 silly install color@3.2.1
44071 info lifecycle color@3.2.1~install: color@3.2.1
44072 silly install lolex@2.7.5
44073 info lifecycle lolex@2.7.5~install: lolex@2.7.5
44074 silly install slash@1.0.0
44075 info lifecycle slash@1.0.0~install: slash@1.0.0
44076 silly install slice-ansi@1.0.0
44077 info lifecycle slice-ansi@1.0.0~install: slice-ansi@1.0.0
44078 silly install isobject@3.0.1
44079 info lifecycle isobject@3.0.1~install: isobject@3.0.1
44080 silly install kind-of@6.0.3
44081 info lifecycle kind-of@6.0.3~install: kind-of@6.0.3
44082 silly install is-accessor-descriptor@1.0.0
44083 info lifecycle is-accessor-descriptor@1.0.0~install: is-accessor-descriptor@1.0.0
44084 silly install is-data-descriptor@1.0.0
44085 info lifecycle is-data-descriptor@1.0.0~install: is-data-descriptor@1.0.0
44086 silly install is-descriptor@1.0.2
44087 info lifecycle is-descriptor@1.0.2~install: is-descriptor@1.0.2
44088 silly install define-property@1.0.0
44089 info lifecycle define-property@1.0.0~install: define-property@1.0.0
44090 silly install snapdragon-util@3.0.1
44091 info lifecycle snapdragon-util@3.0.1~install: snapdragon-util@3.0.1
44092 silly install snapdragon-node@2.1.1
44093 info lifecycle snapdragon-node@2.1.1~install: snapdragon-node@2.1.1
44094 silly install define-property@0.2.5
44095 info lifecycle define-property@0.2.5~install: define-property@0.2.5
44096 silly install extend-shallow@2.0.1
44097 info lifecycle extend-shallow@2.0.1~install: extend-shallow@2.0.1
44098 silly install source-map@0.5.7
44099 info lifecycle source-map@0.5.7~install: source-map@0.5.7
44100 silly install ms@0.7.2
44101 info lifecycle ms@0.7.2~install: ms@0.7.2
44102 silly install debug@2.3.3
44103 info lifecycle debug@2.3.3~install: debug@2.3.3
44104 silly install component-emitter@1.2.1
44105 info lifecycle component-emitter@1.2.1~install: component-emitter@1.2.1
44106 silly install ms@0.7.2
44107 info lifecycle ms@0.7.2~install: ms@0.7.2
44108 silly install debug@2.3.3
44109 info lifecycle debug@2.3.3~install: debug@2.3.3
44110 silly install component-emitter@1.1.2
44111 info lifecycle component-emitter@1.1.2~install: component-emitter@1.1.2
44112 silly install isarray@0.0.1
44113 info lifecycle isarray@0.0.1~install: isarray@0.0.1
44114 silly install ms@0.7.1
44115 info lifecycle ms@0.7.1~install: ms@0.7.1
44116 silly install debug@2.2.0
44117 info lifecycle debug@2.2.0~install: debug@2.2.0
44118 silly install socket.io-parser@2.3.1
44119 info lifecycle socket.io-parser@2.3.1~install: socket.io-parser@2.3.1
44120 silly install socket.io-adapter@0.5.0
44121 info lifecycle socket.io-adapter@0.5.0~install: socket.io-adapter@0.5.0
44122 silly install ms@0.7.2
44123 info lifecycle ms@0.7.2~install: ms@0.7.2
44124 silly install debug@2.3.3
44125 info lifecycle debug@2.3.3~install: debug@2.3.3
44126 silly install object-assign@4.1.0
44127 info lifecycle object-assign@4.1.0~install: object-assign@4.1.0
44128 silly install sort-keys@1.1.2
44129 info lifecycle sort-keys@1.1.2~install: sort-keys@1.1.2
44130 silly install source-list-map@2.0.1
44131 info lifecycle source-list-map@2.0.1~install: source-list-map@2.0.1
44132 silly install source-map@0.6.1
44133 info lifecycle source-map@0.6.1~install: source-map@0.6.1
44134 silly install clean-css@4.2.4
44135 info lifecycle clean-css@4.2.4~install: clean-css@4.2.4
44136 silly install postcss@7.0.39
44137 info lifecycle postcss@7.0.39~install: postcss@7.0.39
44138 silly install css-tree@1.0.0-alpha.37
44139 info lifecycle css-tree@1.0.0-alpha.37~install: css-tree@1.0.0-alpha.37
44140 silly install css-tree@1.1.3
44141 info lifecycle css-tree@1.1.3~install: css-tree@1.1.3
44142 silly install csso@4.2.0
44143 info lifecycle csso@4.2.0~install: csso@4.2.0
44144 silly install postcss@7.0.39
44145 info lifecycle postcss@7.0.39~install: postcss@7.0.39
44146 silly install postcss-convert-values@4.0.1
44147 info lifecycle postcss-convert-values@4.0.1~install: postcss-convert-values@4.0.1
44148 silly install postcss-discard-comments@4.0.2
44149 info lifecycle postcss-discard-comments@4.0.2~install: postcss-discard-comments@4.0.2
44150 silly install postcss-discard-duplicates@4.0.2
44151 info lifecycle postcss-discard-duplicates@4.0.2~install: postcss-discard-duplicates@4.0.2
44152 silly install postcss-discard-empty@4.0.1
44153 info lifecycle postcss-discard-empty@4.0.1~install: postcss-discard-empty@4.0.1
44154 silly install postcss-discard-overridden@4.0.1
44155 info lifecycle postcss-discard-overridden@4.0.1~install: postcss-discard-overridden@4.0.1
44156 silly install postcss-minify-font-values@4.0.2
44157 info lifecycle postcss-minify-font-values@4.0.2~install: postcss-minify-font-values@4.0.2
44158 silly install postcss-minify-gradients@4.0.2
44159 info lifecycle postcss-minify-gradients@4.0.2~install: postcss-minify-gradients@4.0.2
44160 silly install postcss-normalize-charset@4.0.1
44161 info lifecycle postcss-normalize-charset@4.0.1~install: postcss-normalize-charset@4.0.1
44162 silly install postcss-normalize-url@4.0.1
44163 info lifecycle postcss-normalize-url@4.0.1~install: postcss-normalize-url@4.0.1
44164 silly install postcss-ordered-values@4.1.2
44165 info lifecycle postcss-ordered-values@4.1.2~install: postcss-ordered-values@4.1.2
44166 silly install postcss-reduce-transforms@4.0.2
44167 info lifecycle postcss-reduce-transforms@4.0.2~install: postcss-reduce-transforms@4.0.2
44168 silly install postcss@7.0.39
44169 info lifecycle postcss@7.0.39~install: postcss@7.0.39
44170 silly install cssnano-util-raw-cache@4.0.1
44171 info lifecycle cssnano-util-raw-cache@4.0.1~install: cssnano-util-raw-cache@4.0.1
44172 silly install postcss@7.0.39
44173 info lifecycle postcss@7.0.39~install: postcss@7.0.39
44174 silly install postcss@7.0.39
44175 info lifecycle postcss@7.0.39~install: postcss@7.0.39
44176 silly install postcss-normalize-display-values@4.0.2
44177 info lifecycle postcss-normalize-display-values@4.0.2~install: postcss-normalize-display-values@4.0.2
44178 silly install postcss@7.0.39
44179 info lifecycle postcss@7.0.39~install: postcss@7.0.39
44180 silly install postcss-normalize-positions@4.0.2
44181 info lifecycle postcss-normalize-positions@4.0.2~install: postcss-normalize-positions@4.0.2
44182 silly install postcss@7.0.39
44183 info lifecycle postcss@7.0.39~install: postcss@7.0.39
44184 silly install postcss-normalize-repeat-style@4.0.2
44185 info lifecycle postcss-normalize-repeat-style@4.0.2~install: postcss-normalize-repeat-style@4.0.2
44186 silly install postcss@7.0.39
44187 info lifecycle postcss@7.0.39~install: postcss@7.0.39
44188 silly install postcss-normalize-string@4.0.2
44189 info lifecycle postcss-normalize-string@4.0.2~install: postcss-normalize-string@4.0.2
44190 silly install postcss@7.0.39
44191 info lifecycle postcss@7.0.39~install: postcss@7.0.39
44192 silly install postcss-normalize-timing-functions@4.0.2
44193 info lifecycle postcss-normalize-timing-functions@4.0.2~install: postcss-normalize-timing-functions@4.0.2
44194 silly install postcss@7.0.39
44195 info lifecycle postcss@7.0.39~install: postcss@7.0.39
44196 silly install postcss@7.0.39
44197 info lifecycle postcss@7.0.39~install: postcss@7.0.39
44198 silly install postcss-normalize-whitespace@4.0.2
44199 info lifecycle postcss-normalize-whitespace@4.0.2~install: postcss-normalize-whitespace@4.0.2
44200 silly install source-map-js@1.0.2
44201 info lifecycle source-map-js@1.0.2~install: source-map-js@1.0.2
44202 silly install postcss@8.4.23
44203 info lifecycle postcss@8.4.23~install: postcss@8.4.23
44204 silly install @vue/compiler-sfc@2.7.14
44205 info lifecycle @vue/compiler-sfc@2.7.14~install: @vue/compiler-sfc@2.7.14
44206 silly install source-map@0.5.7
44207 info lifecycle source-map@0.5.7~install: source-map@0.5.7
44208 silly install source-map-support@0.4.18
44209 info lifecycle source-map-support@0.4.18~install: source-map-support@0.4.18
44210 silly install source-map-url@0.4.1
44211 info lifecycle source-map-url@0.4.1~install: source-map-url@0.4.1
44212 silly install spdx-exceptions@2.3.0
44213 info lifecycle spdx-exceptions@2.3.0~install: spdx-exceptions@2.3.0
44214 silly install spdx-license-ids@3.0.13
44215 info lifecycle spdx-license-ids@3.0.13~install: spdx-license-ids@3.0.13
44216 silly install spdx-expression-parse@3.0.1
44217 info lifecycle spdx-expression-parse@3.0.1~install: spdx-expression-parse@3.0.1
44218 silly install spdx-correct@3.2.0
44219 info lifecycle spdx-correct@3.2.0~install: spdx-correct@3.2.0
44220 silly install ms@2.1.2
44221 info lifecycle ms@2.1.2~install: ms@2.1.2
44222 silly install debug@4.3.4
44223 info lifecycle debug@4.3.4~install: debug@4.3.4
44224 silly install ms@2.1.2
44225 info lifecycle ms@2.1.2~install: ms@2.1.2
44226 silly install debug@4.3.4
44227 info lifecycle debug@4.3.4~install: debug@4.3.4
44228 silly install split-string@3.1.0
44229 info lifecycle split-string@3.1.0~install: split-string@3.1.0
44230 silly install set-value@2.0.1
44231 info lifecycle set-value@2.0.1~install: set-value@2.0.1
44232 silly install sprintf-js@1.0.3
44233 info lifecycle sprintf-js@1.0.3~install: sprintf-js@1.0.3
44234 silly install argparse@1.0.10
44235 info lifecycle argparse@1.0.10~install: argparse@1.0.10
44236 silly install js-yaml@3.14.1
44237 info lifecycle js-yaml@3.14.1~install: js-yaml@3.14.1
44238 silly install cosmiconfig@5.2.1
44239 info lifecycle cosmiconfig@5.2.1~install: cosmiconfig@5.2.1
44240 silly install postcss-load-config@2.1.2
44241 info lifecycle postcss-load-config@2.1.2~install: postcss-load-config@2.1.2
44242 silly install js-yaml@3.14.1
44243 info lifecycle js-yaml@3.14.1~install: js-yaml@3.14.1
44244 silly install js-yaml@3.14.1
44245 info lifecycle js-yaml@3.14.1~install: js-yaml@3.14.1
44246 silly install js-yaml@3.7.0
44247 info lifecycle js-yaml@3.7.0~install: js-yaml@3.7.0
44248 silly install cosmiconfig@2.2.2
44249 info lifecycle cosmiconfig@2.2.2~install: cosmiconfig@2.2.2
44250 silly install postcss-load-options@1.2.0
44251 info lifecycle postcss-load-options@1.2.0~install: postcss-load-options@1.2.0
44252 silly install cosmiconfig@2.2.2
44253 info lifecycle cosmiconfig@2.2.2~install: cosmiconfig@2.2.2
44254 silly install postcss-load-plugins@2.3.0
44255 info lifecycle postcss-load-plugins@2.3.0~install: postcss-load-plugins@2.3.0
44256 silly install ssri@5.3.0
44257 info lifecycle ssri@5.3.0~install: ssri@5.3.0
44258 silly install stable@0.1.8
44259 info lifecycle stable@0.1.8~install: stable@0.1.8
44260 silly install stackframe@1.3.4
44261 info lifecycle stackframe@1.3.4~install: stackframe@1.3.4
44262 silly install error-stack-parser@2.1.4
44263 info lifecycle error-stack-parser@2.1.4~install: error-stack-parser@2.1.4
44264 silly install define-property@0.2.5
44265 info lifecycle define-property@0.2.5~install: define-property@0.2.5
44266 silly install static-extend@0.1.2
44267 info lifecycle static-extend@0.1.2~install: static-extend@0.1.2
44268 silly install class-utils@0.3.6
44269 info lifecycle class-utils@0.3.6~install: class-utils@0.3.6
44270 silly install statuses@2.0.1
44271 info lifecycle statuses@2.0.1~install: statuses@2.0.1
44272 silly install stream-shift@1.0.1
44273 info lifecycle stream-shift@1.0.1~install: stream-shift@1.0.1
44274 silly install strict-uri-encode@1.1.0
44275 info lifecycle strict-uri-encode@1.1.0~install: strict-uri-encode@1.1.0
44276 silly install query-string@4.3.4
44277 info lifecycle query-string@4.3.4~install: query-string@4.3.4
44278 silly install normalize-url@1.9.1
44279 info lifecycle normalize-url@1.9.1~install: normalize-url@1.9.1
44280 silly install string_decoder@1.1.1
44281 info lifecycle string_decoder@1.1.1~install: string_decoder@1.1.1
44282 silly install ansi-regex@3.0.1
44283 info lifecycle ansi-regex@3.0.1~install: ansi-regex@3.0.1
44284 silly install strip-ansi@4.0.0
44285 info lifecycle strip-ansi@4.0.0~install: strip-ansi@4.0.0
44286 silly install string-width@2.1.1
44287 info lifecycle string-width@2.1.1~install: string-width@2.1.1
44288 silly install strip-ansi@3.0.1
44289 info lifecycle strip-ansi@3.0.1~install: strip-ansi@3.0.1
44290 silly install chalk@1.1.3
44291 info lifecycle chalk@1.1.3~install: chalk@1.1.3
44292 silly install babel-code-frame@6.26.0
44293 info lifecycle babel-code-frame@6.26.0~install: babel-code-frame@6.26.0
44294 silly install chalk@1.1.3
44295 info lifecycle chalk@1.1.3~install: chalk@1.1.3
44296 silly install clap@1.2.3
44297 info lifecycle clap@1.2.3~install: clap@1.2.3
44298 silly install csso@2.3.2
44299 info lifecycle csso@2.3.2~install: csso@2.3.2
44300 silly install chalk@1.1.3
44301 info lifecycle chalk@1.1.3~install: chalk@1.1.3
44302 silly install postcss@5.2.18
44303 info lifecycle postcss@5.2.18~install: postcss@5.2.18
44304 silly install chalk@1.1.3
44305 info lifecycle chalk@1.1.3~install: chalk@1.1.3
44306 silly install postcss@5.2.18
44307 info lifecycle postcss@5.2.18~install: postcss@5.2.18
44308 silly install autoprefixer@6.7.7
44309 info lifecycle autoprefixer@6.7.7~install: autoprefixer@6.7.7
44310 silly install chalk@1.1.3
44311 info lifecycle chalk@1.1.3~install: chalk@1.1.3
44312 silly install chalk@1.1.3
44313 info lifecycle chalk@1.1.3~install: chalk@1.1.3
44314 silly install chalk@1.1.3
44315 info lifecycle chalk@1.1.3~install: chalk@1.1.3
44316 silly install postcss@5.2.18
44317 info lifecycle postcss@5.2.18~install: postcss@5.2.18
44318 silly install postcss-calc@5.3.1
44319 info lifecycle postcss-calc@5.3.1~install: postcss-calc@5.3.1
44320 silly install chalk@1.1.3
44321 info lifecycle chalk@1.1.3~install: chalk@1.1.3
44322 silly install postcss@5.2.18
44323 info lifecycle postcss@5.2.18~install: postcss@5.2.18
44324 silly install postcss-colormin@2.2.2
44325 info lifecycle postcss-colormin@2.2.2~install: postcss-colormin@2.2.2
44326 silly install chalk@1.1.3
44327 info lifecycle chalk@1.1.3~install: chalk@1.1.3
44328 silly install postcss@5.2.18
44329 info lifecycle postcss@5.2.18~install: postcss@5.2.18
44330 silly install postcss-convert-values@2.6.1
44331 info lifecycle postcss-convert-values@2.6.1~install: postcss-convert-values@2.6.1
44332 silly install chalk@1.1.3
44333 info lifecycle chalk@1.1.3~install: chalk@1.1.3
44334 silly install postcss@5.2.18
44335 info lifecycle postcss@5.2.18~install: postcss@5.2.18
44336 silly install postcss-discard-comments@2.0.4
44337 info lifecycle postcss-discard-comments@2.0.4~install: postcss-discard-comments@2.0.4
44338 silly install chalk@1.1.3
44339 info lifecycle chalk@1.1.3~install: chalk@1.1.3
44340 silly install postcss@5.2.18
44341 info lifecycle postcss@5.2.18~install: postcss@5.2.18
44342 silly install postcss-discard-duplicates@2.1.0
44343 info lifecycle postcss-discard-duplicates@2.1.0~install: postcss-discard-duplicates@2.1.0
44344 silly install chalk@1.1.3
44345 info lifecycle chalk@1.1.3~install: chalk@1.1.3
44346 silly install postcss@5.2.18
44347 info lifecycle postcss@5.2.18~install: postcss@5.2.18
44348 silly install postcss-discard-empty@2.1.0
44349 info lifecycle postcss-discard-empty@2.1.0~install: postcss-discard-empty@2.1.0
44350 silly install chalk@1.1.3
44351 info lifecycle chalk@1.1.3~install: chalk@1.1.3
44352 silly install postcss@5.2.18
44353 info lifecycle postcss@5.2.18~install: postcss@5.2.18
44354 silly install postcss-discard-overridden@0.1.1
44355 info lifecycle postcss-discard-overridden@0.1.1~install: postcss-discard-overridden@0.1.1
44356 silly install chalk@1.1.3
44357 info lifecycle chalk@1.1.3~install: chalk@1.1.3
44358 silly install postcss@5.2.18
44359 info lifecycle postcss@5.2.18~install: postcss@5.2.18
44360 silly install chalk@1.1.3
44361 info lifecycle chalk@1.1.3~install: chalk@1.1.3
44362 silly install postcss@5.2.18
44363 info lifecycle postcss@5.2.18~install: postcss@5.2.18
44364 silly install postcss-filter-plugins@2.0.3
44365 info lifecycle postcss-filter-plugins@2.0.3~install: postcss-filter-plugins@2.0.3
44366 silly install chalk@1.1.3
44367 info lifecycle chalk@1.1.3~install: chalk@1.1.3
44368 silly install postcss@5.2.18
44369 info lifecycle postcss@5.2.18~install: postcss@5.2.18
44370 silly install postcss-merge-idents@2.1.7
44371 info lifecycle postcss-merge-idents@2.1.7~install: postcss-merge-idents@2.1.7
44372 silly install chalk@1.1.3
44373 info lifecycle chalk@1.1.3~install: chalk@1.1.3
44374 silly install postcss@5.2.18
44375 info lifecycle postcss@5.2.18~install: postcss@5.2.18
44376 silly install postcss-merge-longhand@2.0.2
44377 info lifecycle postcss-merge-longhand@2.0.2~install: postcss-merge-longhand@2.0.2
44378 silly install chalk@1.1.3
44379 info lifecycle chalk@1.1.3~install: chalk@1.1.3
44380 silly install postcss@5.2.18
44381 info lifecycle postcss@5.2.18~install: postcss@5.2.18
44382 silly install chalk@1.1.3
44383 info lifecycle chalk@1.1.3~install: chalk@1.1.3
44384 silly install postcss@5.2.18
44385 info lifecycle postcss@5.2.18~install: postcss@5.2.18
44386 silly install postcss-minify-font-values@1.0.5
44387 info lifecycle postcss-minify-font-values@1.0.5~install: postcss-minify-font-values@1.0.5
44388 silly install chalk@1.1.3
44389 info lifecycle chalk@1.1.3~install: chalk@1.1.3
44390 silly install postcss@5.2.18
44391 info lifecycle postcss@5.2.18~install: postcss@5.2.18
44392 silly install postcss-minify-gradients@1.0.5
44393 info lifecycle postcss-minify-gradients@1.0.5~install: postcss-minify-gradients@1.0.5
44394 silly install chalk@1.1.3
44395 info lifecycle chalk@1.1.3~install: chalk@1.1.3
44396 silly install postcss@5.2.18
44397 info lifecycle postcss@5.2.18~install: postcss@5.2.18
44398 silly install chalk@1.1.3
44399 info lifecycle chalk@1.1.3~install: chalk@1.1.3
44400 silly install postcss@5.2.18
44401 info lifecycle postcss@5.2.18~install: postcss@5.2.18
44402 silly install chalk@1.1.3
44403 info lifecycle chalk@1.1.3~install: chalk@1.1.3
44404 silly install postcss@5.2.18
44405 info lifecycle postcss@5.2.18~install: postcss@5.2.18
44406 silly install postcss-normalize-charset@1.1.1
44407 info lifecycle postcss-normalize-charset@1.1.1~install: postcss-normalize-charset@1.1.1
44408 silly install chalk@1.1.3
44409 info lifecycle chalk@1.1.3~install: chalk@1.1.3
44410 silly install postcss@5.2.18
44411 info lifecycle postcss@5.2.18~install: postcss@5.2.18
44412 silly install postcss-normalize-url@3.0.8
44413 info lifecycle postcss-normalize-url@3.0.8~install: postcss-normalize-url@3.0.8
44414 silly install chalk@1.1.3
44415 info lifecycle chalk@1.1.3~install: chalk@1.1.3
44416 silly install postcss@5.2.18
44417 info lifecycle postcss@5.2.18~install: postcss@5.2.18
44418 silly install postcss-ordered-values@2.2.3
44419 info lifecycle postcss-ordered-values@2.2.3~install: postcss-ordered-values@2.2.3
44420 silly install chalk@1.1.3
44421 info lifecycle chalk@1.1.3~install: chalk@1.1.3
44422 silly install postcss@5.2.18
44423 info lifecycle postcss@5.2.18~install: postcss@5.2.18
44424 silly install postcss-reduce-idents@2.4.0
44425 info lifecycle postcss-reduce-idents@2.4.0~install: postcss-reduce-idents@2.4.0
44426 silly install chalk@1.1.3
44427 info lifecycle chalk@1.1.3~install: chalk@1.1.3
44428 silly install postcss@5.2.18
44429 info lifecycle postcss@5.2.18~install: postcss@5.2.18
44430 silly install postcss-reduce-initial@1.0.1
44431 info lifecycle postcss-reduce-initial@1.0.1~install: postcss-reduce-initial@1.0.1
44432 silly install chalk@1.1.3
44433 info lifecycle chalk@1.1.3~install: chalk@1.1.3
44434 silly install postcss@5.2.18
44435 info lifecycle postcss@5.2.18~install: postcss@5.2.18
44436 silly install postcss-reduce-transforms@1.0.4
44437 info lifecycle postcss-reduce-transforms@1.0.4~install: postcss-reduce-transforms@1.0.4
44438 silly install chalk@1.1.3
44439 info lifecycle chalk@1.1.3~install: chalk@1.1.3
44440 silly install postcss@5.2.18
44441 info lifecycle postcss@5.2.18~install: postcss@5.2.18
44442 silly install chalk@1.1.3
44443 info lifecycle chalk@1.1.3~install: chalk@1.1.3
44444 silly install postcss@5.2.18
44445 info lifecycle postcss@5.2.18~install: postcss@5.2.18
44446 silly install chalk@1.1.3
44447 info lifecycle chalk@1.1.3~install: chalk@1.1.3
44448 silly install postcss@5.2.18
44449 info lifecycle postcss@5.2.18~install: postcss@5.2.18
44450 silly install strip-bom@2.0.0
44451 info lifecycle strip-bom@2.0.0~install: strip-bom@2.0.0
44452 silly install load-json-file@1.1.0
44453 info lifecycle load-json-file@1.1.0~install: load-json-file@1.1.0
44454 silly install strip-eof@1.0.0
44455 info lifecycle strip-eof@1.0.0~install: strip-eof@1.0.0
44456 silly install strip-indent@1.0.1
44457 info lifecycle strip-indent@1.0.1~install: strip-indent@1.0.1
44458 silly install redent@1.0.0
44459 info lifecycle redent@1.0.0~install: redent@1.0.0
44460 silly install strip-json-comments@2.0.1
44461 info lifecycle strip-json-comments@2.0.1~install: strip-json-comments@2.0.1
44462 silly install picocolors@0.2.1
44463 info lifecycle picocolors@0.2.1~install: picocolors@0.2.1
44464 silly install postcss@7.0.39
44465 info lifecycle postcss@7.0.39~install: postcss@7.0.39
44466 silly install supports-color@5.5.0
44467 info lifecycle supports-color@5.5.0~install: supports-color@5.5.0
44468 silly install chalk@2.4.2
44469 info lifecycle chalk@2.4.2~install: chalk@2.4.2
44470 silly install @babel/highlight@7.0.0-beta.44
44471 info lifecycle @babel/highlight@7.0.0-beta.44~install: @babel/highlight@7.0.0-beta.44
44472 silly install @babel/code-frame@7.0.0-beta.44
44473 info lifecycle @babel/code-frame@7.0.0-beta.44~install: @babel/code-frame@7.0.0-beta.44
44474 silly install @babel/template@7.0.0-beta.44
44475 info lifecycle @babel/template@7.0.0-beta.44~install: @babel/template@7.0.0-beta.44
44476 silly install @babel/helper-function-name@7.0.0-beta.44
44477 info lifecycle @babel/helper-function-name@7.0.0-beta.44~install: @babel/helper-function-name@7.0.0-beta.44
44478 silly install postcss@6.0.23
44479 info lifecycle postcss@6.0.23~install: postcss@6.0.23
44480 silly install coa@2.0.2
44481 info lifecycle coa@2.0.2~install: coa@2.0.2
44482 silly install log-symbols@2.2.0
44483 info lifecycle log-symbols@2.2.0~install: log-symbols@2.2.0
44484 silly install postcss@6.0.23
44485 info lifecycle postcss@6.0.23~install: postcss@6.0.23
44486 silly install icss-utils@2.1.0
44487 info lifecycle icss-utils@2.1.0~install: icss-utils@2.1.0
44488 silly install postcss@6.0.23
44489 info lifecycle postcss@6.0.23~install: postcss@6.0.23
44490 silly install postcss@6.0.23
44491 info lifecycle postcss@6.0.23~install: postcss@6.0.23
44492 silly install postcss@6.0.23
44493 info lifecycle postcss@6.0.23~install: postcss@6.0.23
44494 silly install postcss-modules-extract-imports@1.2.1
44495 info lifecycle postcss-modules-extract-imports@1.2.1~install: postcss-modules-extract-imports@1.2.1
44496 silly install postcss@6.0.23
44497 info lifecycle postcss@6.0.23~install: postcss@6.0.23
44498 silly install postcss-modules-local-by-default@1.2.0
44499 info lifecycle postcss-modules-local-by-default@1.2.0~install: postcss-modules-local-by-default@1.2.0
44500 silly install postcss@6.0.23
44501 info lifecycle postcss@6.0.23~install: postcss@6.0.23
44502 silly install postcss-modules-scope@1.1.0
44503 info lifecycle postcss-modules-scope@1.1.0~install: postcss-modules-scope@1.1.0
44504 silly install postcss@6.0.23
44505 info lifecycle postcss@6.0.23~install: postcss@6.0.23
44506 silly install postcss-modules-values@1.3.0
44507 info lifecycle postcss-modules-values@1.3.0~install: postcss-modules-values@1.3.0
44508 silly install postcss@6.0.23
44509 info lifecycle postcss@6.0.23~install: postcss@6.0.23
44510 silly install supports-preserve-symlinks-flag@1.0.0
44511 info lifecycle supports-preserve-symlinks-flag@1.0.0~install: supports-preserve-symlinks-flag@1.0.0
44512 silly install resolve@1.22.2
44513 info lifecycle resolve@1.22.2~install: resolve@1.22.2
44514 silly install eslint-import-resolver-node@0.3.7
44515 info lifecycle eslint-import-resolver-node@0.3.7~install: eslint-import-resolver-node@0.3.7
44516 silly install rechoir@0.6.2
44517 info lifecycle rechoir@0.6.2~install: rechoir@0.6.2
44518 silly install table@4.0.2
44519 info lifecycle table@4.0.2~install: table@4.0.2
44520 silly install tapable@0.2.9
44521 info lifecycle tapable@0.2.9~install: tapable@0.2.9
44522 silly install text-table@0.2.0
44523 info lifecycle text-table@0.2.0~install: text-table@0.2.0
44524 silly install throttle-debounce@1.1.0
44525 info lifecycle throttle-debounce@1.1.0~install: throttle-debounce@1.1.0
44526 silly install throttleit@1.0.0
44527 info lifecycle throttleit@1.0.0~install: throttleit@1.0.0
44528 silly install request-progress@2.0.1
44529 info lifecycle request-progress@2.0.1~install: request-progress@2.0.1
44530 silly install through@2.3.8
44531 info lifecycle through@2.3.8~install: through@2.3.8
44532 silly install thunky@1.1.0
44533 info lifecycle thunky@1.1.0~install: thunky@1.1.0
44534 silly install multicast-dns@6.2.3
44535 info lifecycle multicast-dns@6.2.3~install: multicast-dns@6.2.3
44536 silly install bonjour@3.5.0
44537 info lifecycle bonjour@3.5.0~install: bonjour@3.5.0
44538 silly install time-stamp@2.2.0
44539 info lifecycle time-stamp@2.2.0~install: time-stamp@2.2.0
44540 silly install timers-browserify@2.0.12
44541 info lifecycle timers-browserify@2.0.12~install: timers-browserify@2.0.12
44542 silly install timsort@0.3.0
44543 info lifecycle timsort@0.3.0~install: timsort@0.3.0
44544 silly install css-declaration-sorter@4.0.1
44545 info lifecycle css-declaration-sorter@4.0.1~install: css-declaration-sorter@4.0.1
44546 silly install tmp@0.0.33
44547 info lifecycle tmp@0.0.33~install: tmp@0.0.33
44548 silly install external-editor@2.2.0
44549 info lifecycle external-editor@2.2.0~install: external-editor@2.2.0
44550 silly install inquirer@3.3.0
44551 info lifecycle inquirer@3.3.0~install: inquirer@3.3.0
44552 silly install to-array@0.1.4
44553 info lifecycle to-array@0.1.4~install: to-array@0.1.4
44554 silly install to-arraybuffer@1.0.1
44555 info lifecycle to-arraybuffer@1.0.1~install: to-arraybuffer@1.0.1
44556 silly install to-fast-properties@1.0.3
44557 info lifecycle to-fast-properties@1.0.3~install: to-fast-properties@1.0.3
44558 silly install babel-types@6.26.0
44559 info lifecycle babel-types@6.26.0~install: babel-types@6.26.0
44560 silly install babel-helper-get-function-arity@6.24.1
44561 info lifecycle babel-helper-get-function-arity@6.24.1~install: babel-helper-get-function-arity@6.24.1
44562 silly install babel-helper-hoist-variables@6.24.1
44563 info lifecycle babel-helper-hoist-variables@6.24.1~install: babel-helper-hoist-variables@6.24.1
44564 silly install babel-helper-optimise-call-expression@6.24.1
44565 info lifecycle babel-helper-optimise-call-expression@6.24.1~install: babel-helper-optimise-call-expression@6.24.1
44566 silly install babel-helper-regex@6.26.0
44567 info lifecycle babel-helper-regex@6.26.0~install: babel-helper-regex@6.26.0
44568 silly install babel-plugin-transform-es2015-unicode-regex@6.24.1
44569 info lifecycle babel-plugin-transform-es2015-unicode-regex@6.24.1~install: babel-plugin-transform-es2015-unicode-regex@6.24.1
44570 silly install babel-plugin-transform-es2015-duplicate-keys@6.24.1
44571 info lifecycle babel-plugin-transform-es2015-duplicate-keys@6.24.1~install: babel-plugin-transform-es2015-duplicate-keys@6.24.1
44572 silly install babel-plugin-transform-es2015-shorthand-properties@6.24.1
44573 info lifecycle babel-plugin-transform-es2015-shorthand-properties@6.24.1~install: babel-plugin-transform-es2015-shorthand-properties@6.24.1
44574 silly install babel-plugin-transform-es2015-sticky-regex@6.24.1
44575 info lifecycle babel-plugin-transform-es2015-sticky-regex@6.24.1~install: babel-plugin-transform-es2015-sticky-regex@6.24.1
44576 silly install babel-plugin-transform-strict-mode@6.24.1
44577 info lifecycle babel-plugin-transform-strict-mode@6.24.1~install: babel-plugin-transform-strict-mode@6.24.1
44578 silly install babel-traverse@6.26.0
44579 info lifecycle babel-traverse@6.26.0~install: babel-traverse@6.26.0
44580 silly install babel-helper-bindify-decorators@6.24.1
44581 info lifecycle babel-helper-bindify-decorators@6.24.1~install: babel-helper-bindify-decorators@6.24.1
44582 silly install babel-helper-call-delegate@6.24.1
44583 info lifecycle babel-helper-call-delegate@6.24.1~install: babel-helper-call-delegate@6.24.1
44584 silly install babel-helper-explode-assignable-expression@6.24.1
44585 info lifecycle babel-helper-explode-assignable-expression@6.24.1~install: babel-helper-explode-assignable-expression@6.24.1
44586 silly install babel-helper-builder-binary-assignment-operator-visitor@6.24.1
44587 info lifecycle babel-helper-builder-binary-assignment-operator-visitor@6.24.1~install: babel-helper-builder-binary-assignment-operator-visitor@6.24.1
44588 silly install babel-plugin-transform-exponentiation-operator@6.24.1
44589 info lifecycle babel-plugin-transform-exponentiation-operator@6.24.1~install: babel-plugin-transform-exponentiation-operator@6.24.1
44590 silly install babel-helper-explode-class@6.24.1
44591 info lifecycle babel-helper-explode-class@6.24.1~install: babel-helper-explode-class@6.24.1
44592 silly install babel-template@6.26.0
44593 info lifecycle babel-template@6.26.0~install: babel-template@6.26.0
44594 silly install babel-helper-function-name@6.24.1
44595 info lifecycle babel-helper-function-name@6.24.1~install: babel-helper-function-name@6.24.1
44596 silly install babel-helper-define-map@6.26.0
44597 info lifecycle babel-helper-define-map@6.26.0~install: babel-helper-define-map@6.26.0
44598 silly install babel-plugin-transform-es2015-function-name@6.24.1
44599 info lifecycle babel-plugin-transform-es2015-function-name@6.24.1~install: babel-plugin-transform-es2015-function-name@6.24.1
44600 silly install babel-helper-remap-async-to-generator@6.24.1
44601 info lifecycle babel-helper-remap-async-to-generator@6.24.1~install: babel-helper-remap-async-to-generator@6.24.1
44602 silly install babel-plugin-transform-async-generator-functions@6.24.1
44603 info lifecycle babel-plugin-transform-async-generator-functions@6.24.1~install: babel-plugin-transform-async-generator-functions@6.24.1
44604 silly install babel-plugin-transform-async-to-generator@6.24.1
44605 info lifecycle babel-plugin-transform-async-to-generator@6.24.1~install: babel-plugin-transform-async-to-generator@6.24.1
44606 silly install babel-preset-stage-3@6.24.1
44607 info lifecycle babel-preset-stage-3@6.24.1~install: babel-preset-stage-3@6.24.1
44608 silly install babel-helper-replace-supers@6.24.1
44609 info lifecycle babel-helper-replace-supers@6.24.1~install: babel-helper-replace-supers@6.24.1
44610 silly install babel-plugin-transform-es2015-object-super@6.24.1
44611 info lifecycle babel-plugin-transform-es2015-object-super@6.24.1~install: babel-plugin-transform-es2015-object-super@6.24.1
44612 silly install babel-helpers@6.24.1
44613 info lifecycle babel-helpers@6.24.1~install: babel-helpers@6.24.1
44614 silly install babel-plugin-transform-class-properties@6.24.1
44615 info lifecycle babel-plugin-transform-class-properties@6.24.1~install: babel-plugin-transform-class-properties@6.24.1
44616 silly install babel-plugin-transform-decorators@6.24.1
44617 info lifecycle babel-plugin-transform-decorators@6.24.1~install: babel-plugin-transform-decorators@6.24.1
44618 silly install babel-plugin-transform-es2015-block-scoping@6.26.0
44619 info lifecycle babel-plugin-transform-es2015-block-scoping@6.26.0~install: babel-plugin-transform-es2015-block-scoping@6.26.0
44620 silly install babel-plugin-transform-es2015-classes@6.24.1
44621 info lifecycle babel-plugin-transform-es2015-classes@6.24.1~install: babel-plugin-transform-es2015-classes@6.24.1
44622 silly install babel-plugin-transform-es2015-computed-properties@6.24.1
44623 info lifecycle babel-plugin-transform-es2015-computed-properties@6.24.1~install: babel-plugin-transform-es2015-computed-properties@6.24.1
44624 silly install babel-plugin-transform-es2015-modules-commonjs@6.26.2
44625 info lifecycle babel-plugin-transform-es2015-modules-commonjs@6.26.2~install: babel-plugin-transform-es2015-modules-commonjs@6.26.2
44626 silly install babel-plugin-transform-es2015-modules-amd@6.24.1
44627 info lifecycle babel-plugin-transform-es2015-modules-amd@6.24.1~install: babel-plugin-transform-es2015-modules-amd@6.24.1
44628 silly install babel-plugin-transform-es2015-modules-systemjs@6.24.1
44629 info lifecycle babel-plugin-transform-es2015-modules-systemjs@6.24.1~install: babel-plugin-transform-es2015-modules-systemjs@6.24.1
44630 silly install babel-plugin-transform-es2015-modules-umd@6.24.1
44631 info lifecycle babel-plugin-transform-es2015-modules-umd@6.24.1~install: babel-plugin-transform-es2015-modules-umd@6.24.1
44632 silly install babel-plugin-transform-es2015-parameters@6.24.1
44633 info lifecycle babel-plugin-transform-es2015-parameters@6.24.1~install: babel-plugin-transform-es2015-parameters@6.24.1
44634 silly install regenerator-transform@0.10.1
44635 info lifecycle regenerator-transform@0.10.1~install: regenerator-transform@0.10.1
44636 silly install babel-plugin-transform-regenerator@6.26.0
44637 info lifecycle babel-plugin-transform-regenerator@6.26.0~install: babel-plugin-transform-regenerator@6.26.0
44638 silly install to-object-path@0.3.0
44639 info lifecycle to-object-path@0.3.0~install: to-object-path@0.3.0
44640 silly install to-regex@3.0.2
44641 info lifecycle to-regex@3.0.2~install: to-regex@3.0.2
44642 silly install is-number@3.0.0
44643 info lifecycle is-number@3.0.0~install: is-number@3.0.0
44644 silly install to-regex-range@2.1.1
44645 info lifecycle to-regex-range@2.1.1~install: to-regex-range@2.1.1
44646 silly install fill-range@4.0.0
44647 info lifecycle fill-range@4.0.0~install: fill-range@4.0.0
44648 silly install fill-range@4.0.0
44649 info lifecycle fill-range@4.0.0~install: fill-range@4.0.0
44650 silly install toidentifier@1.0.1
44651 info lifecycle toidentifier@1.0.1~install: toidentifier@1.0.1
44652 silly install http-errors@2.0.0
44653 info lifecycle http-errors@2.0.0~install: http-errors@2.0.0
44654 silly install send@0.18.0
44655 info lifecycle send@0.18.0~install: send@0.18.0
44656 silly install serve-static@1.15.0
44657 info lifecycle serve-static@1.15.0~install: serve-static@1.15.0
44658 silly install toposort@1.0.7
44659 info lifecycle toposort@1.0.7~install: toposort@1.0.7
44660 silly install tough-cookie@2.5.0
44661 info lifecycle tough-cookie@2.5.0~install: tough-cookie@2.5.0
44662 silly install trim-newlines@1.0.0
44663 info lifecycle trim-newlines@1.0.0~install: trim-newlines@1.0.0
44664 silly install trim-right@1.0.1
44665 info lifecycle trim-right@1.0.1~install: trim-right@1.0.1
44666 silly install @babel/generator@7.0.0-beta.44
44667 info lifecycle @babel/generator@7.0.0-beta.44~install: @babel/generator@7.0.0-beta.44
44668 silly install @babel/traverse@7.0.0-beta.44
44669 info lifecycle @babel/traverse@7.0.0-beta.44~install: @babel/traverse@7.0.0-beta.44
44670 silly install babel-generator@6.26.1
44671 info lifecycle babel-generator@6.26.1~install: babel-generator@6.26.1
44672 silly install babel-core@6.26.3
44673 info lifecycle babel-core@6.26.3~install: babel-core@6.26.3
44674 silly install babel-register@6.26.0
44675 info lifecycle babel-register@6.26.0~install: babel-register@6.26.0
44676 silly install istanbul-lib-instrument@1.10.2
44677 info lifecycle istanbul-lib-instrument@1.10.2~install: istanbul-lib-instrument@1.10.2
44678 silly install tryer@1.0.1
44679 info lifecycle tryer@1.0.1~install: tryer@1.0.1
44680 silly install bfj-node4@5.3.1
44681 info lifecycle bfj-node4@5.3.1~install: bfj-node4@5.3.1
44682 silly install json5@1.0.2
44683 info lifecycle json5@1.0.2~install: json5@1.0.2
44684 silly install strip-bom@3.0.0
44685 info lifecycle strip-bom@3.0.0~install: strip-bom@3.0.0
44686 silly install tsconfig-paths@3.14.2
44687 info lifecycle tsconfig-paths@3.14.2~install: tsconfig-paths@3.14.2
44688 silly install tty-browserify@0.0.0
44689 info lifecycle tty-browserify@0.0.0~install: tty-browserify@0.0.0
44690 silly install tunnel-agent@0.6.0
44691 info lifecycle tunnel-agent@0.6.0~install: tunnel-agent@0.6.0
44692 silly install tweetnacl@0.14.5
44693 info lifecycle tweetnacl@0.14.5~install: tweetnacl@0.14.5
44694 silly install bcrypt-pbkdf@1.0.2
44695 info lifecycle bcrypt-pbkdf@1.0.2~install: bcrypt-pbkdf@1.0.2
44696 silly install sshpk@1.17.0
44697 info lifecycle sshpk@1.17.0~install: sshpk@1.17.0
44698 silly install type@1.2.0
44699 info lifecycle type@1.2.0~install: type@1.2.0
44700 silly install d@1.0.1
44701 info lifecycle d@1.0.1~install: d@1.0.1
44702 silly install es6-symbol@3.1.3
44703 info lifecycle es6-symbol@3.1.3~install: es6-symbol@3.1.3
44704 silly install es6-iterator@2.0.3
44705 info lifecycle es6-iterator@2.0.3~install: es6-iterator@2.0.3
44706 silly install es5-ext@0.10.62
44707 info lifecycle es5-ext@0.10.62~install: es5-ext@0.10.62
44708 silly install es6-weak-map@2.0.3
44709 info lifecycle es6-weak-map@2.0.3~install: es6-weak-map@2.0.3
44710 silly install event-emitter@0.3.5
44711 info lifecycle event-emitter@0.3.5~install: event-emitter@0.3.5
44712 silly install es6-set@0.1.6
44713 info lifecycle es6-set@0.1.6~install: es6-set@0.1.6
44714 silly install es6-map@0.1.5
44715 info lifecycle es6-map@0.1.5~install: es6-map@0.1.5
44716 silly install escope@3.6.0
44717 info lifecycle escope@3.6.0~install: escope@3.6.0
44718 silly install type-check@0.3.2
44719 info lifecycle type-check@0.3.2~install: type-check@0.3.2
44720 silly install levn@0.3.0
44721 info lifecycle levn@0.3.0~install: levn@0.3.0
44722 silly install type-detect@4.0.8
44723 info lifecycle type-detect@4.0.8~install: type-detect@4.0.8
44724 silly install @sinonjs/commons@1.8.6
44725 info lifecycle @sinonjs/commons@1.8.6~install: @sinonjs/commons@1.8.6
44726 silly install @sinonjs/samsam@3.3.3
44727 info lifecycle @sinonjs/samsam@3.3.3~install: @sinonjs/samsam@3.3.3
44728 silly install @sinonjs/formatio@3.2.2
44729 info lifecycle @sinonjs/formatio@3.2.2~install: @sinonjs/formatio@3.2.2
44730 silly install lolex@5.1.2
44731 info lifecycle lolex@5.1.2~install: lolex@5.1.2
44732 silly install nise@1.5.3
44733 info lifecycle nise@1.5.3~install: nise@1.5.3
44734 silly install deep-eql@4.1.3
44735 info lifecycle deep-eql@4.1.3~install: deep-eql@4.1.3
44736 silly install type-is@1.6.18
44737 info lifecycle type-is@1.6.18~install: type-is@1.6.18
44738 silly install typed-array-length@1.0.4
44739 info lifecycle typed-array-length@1.0.4~install: typed-array-length@1.0.4
44740 silly install typedarray@0.0.6
44741 info lifecycle typedarray@0.0.6~install: typedarray@0.0.6
44742 silly install commander@2.19.0
44743 info lifecycle commander@2.19.0~install: commander@2.19.0
44744 silly install uglify-js@3.4.10
44745 info lifecycle uglify-js@3.4.10~install: uglify-js@3.4.10
44746 silly install handlebars@4.7.7
44747 info lifecycle handlebars@4.7.7~install: handlebars@4.7.7
44748 silly install uglify-to-browserify@1.0.2
44749 info lifecycle uglify-to-browserify@1.0.2~install: uglify-to-browserify@1.0.2
44750 silly install ajv-keywords@3.5.2
44751 info lifecycle ajv-keywords@3.5.2~install: ajv-keywords@3.5.2
44752 silly install commander@2.13.0
44753 info lifecycle commander@2.13.0~install: commander@2.13.0
44754 silly install fast-deep-equal@3.1.3
44755 info lifecycle fast-deep-equal@3.1.3~install: fast-deep-equal@3.1.3
44756 silly install json-schema-traverse@0.4.1
44757 info lifecycle json-schema-traverse@0.4.1~install: json-schema-traverse@0.4.1
44758 silly install uglify-es@3.3.9
44759 info lifecycle uglify-es@3.3.9~install: uglify-es@3.3.9
44760 silly install ultron@1.0.2
44761 info lifecycle ultron@1.0.2~install: ultron@1.0.2
44762 silly install union-value@1.0.1
44763 info lifecycle union-value@1.0.1~install: union-value@1.0.1
44764 silly install uniq@1.0.1
44765 info lifecycle uniq@1.0.1~install: uniq@1.0.1
44766 silly install postcss-selector-parser@3.1.2
44767 info lifecycle postcss-selector-parser@3.1.2~install: postcss-selector-parser@3.1.2
44768 silly install postcss-selector-parser@3.1.2
44769 info lifecycle postcss-selector-parser@3.1.2~install: postcss-selector-parser@3.1.2
44770 silly install postcss-minify-selectors@4.0.2
44771 info lifecycle postcss-minify-selectors@4.0.2~install: postcss-minify-selectors@4.0.2
44772 silly install postcss-selector-parser@2.2.3
44773 info lifecycle postcss-selector-parser@2.2.3~install: postcss-selector-parser@2.2.3
44774 silly install postcss-minify-selectors@2.1.1
44775 info lifecycle postcss-minify-selectors@2.1.1~install: postcss-minify-selectors@2.1.1
44776 silly install postcss-selector-parser@3.1.2
44777 info lifecycle postcss-selector-parser@3.1.2~install: postcss-selector-parser@3.1.2
44778 silly install uniqs@2.0.0
44779 info lifecycle uniqs@2.0.0~install: uniqs@2.0.0
44780 silly install postcss-unique-selectors@4.0.1
44781 info lifecycle postcss-unique-selectors@4.0.1~install: postcss-unique-selectors@4.0.1
44782 silly install postcss-discard-unused@2.2.3
44783 info lifecycle postcss-discard-unused@2.2.3~install: postcss-discard-unused@2.2.3
44784 silly install postcss-minify-params@1.2.2
44785 info lifecycle postcss-minify-params@1.2.2~install: postcss-minify-params@1.2.2
44786 silly install postcss-unique-selectors@2.0.2
44787 info lifecycle postcss-unique-selectors@2.0.2~install: postcss-unique-selectors@2.0.2
44788 silly install postcss-zindex@2.2.0
44789 info lifecycle postcss-zindex@2.2.0~install: postcss-zindex@2.2.0
44790 silly install unique-slug@2.0.2
44791 info lifecycle unique-slug@2.0.2~install: unique-slug@2.0.2
44792 silly install unique-filename@1.1.1
44793 info lifecycle unique-filename@1.1.1~install: unique-filename@1.1.1
44794 silly install unpipe@1.0.0
44795 info lifecycle unpipe@1.0.0~install: unpipe@1.0.0
44796 silly install finalhandler@1.2.0
44797 info lifecycle finalhandler@1.2.0~install: finalhandler@1.2.0
44798 silly install raw-body@2.5.1
44799 info lifecycle raw-body@2.5.1~install: raw-body@2.5.1
44800 silly install body-parser@1.20.1
44801 info lifecycle body-parser@1.20.1~install: body-parser@1.20.1
44802 silly install finalhandler@1.1.2
44803 info lifecycle finalhandler@1.1.2~install: finalhandler@1.1.2
44804 silly install raw-body@2.5.2
44805 info lifecycle raw-body@2.5.2~install: raw-body@2.5.2
44806 silly install body-parser@1.20.2
44807 info lifecycle body-parser@1.20.2~install: body-parser@1.20.2
44808 silly install unquote@1.1.1
44809 info lifecycle unquote@1.1.1~install: unquote@1.1.1
44810 silly install isobject@2.1.0
44811 info lifecycle isobject@2.1.0~install: isobject@2.1.0
44812 silly install has-values@0.1.4
44813 info lifecycle has-values@0.1.4~install: has-values@0.1.4
44814 silly install has-value@0.3.1
44815 info lifecycle has-value@0.3.1~install: has-value@0.3.1
44816 silly install isobject@3.0.1
44817 info lifecycle isobject@3.0.1~install: isobject@3.0.1
44818 silly install unset-value@1.0.0
44819 info lifecycle unset-value@1.0.0~install: unset-value@1.0.0
44820 silly install cache-base@1.0.1
44821 info lifecycle cache-base@1.0.1~install: cache-base@1.0.1
44822 silly install base@0.11.2
44823 info lifecycle base@0.11.2~install: base@0.11.2
44824 silly install upath@1.2.0
44825 info lifecycle upath@1.2.0~install: upath@1.2.0
44826 silly install update-browserslist-db@1.0.11
44827 info lifecycle update-browserslist-db@1.0.11~install: update-browserslist-db@1.0.11
44828 silly install browserslist@4.21.5
44829 info lifecycle browserslist@4.21.5~install: browserslist@4.21.5
44830 silly install caniuse-api@3.0.0
44831 info lifecycle caniuse-api@3.0.0~install: caniuse-api@3.0.0
44832 silly install postcss-colormin@4.0.3
44833 info lifecycle postcss-colormin@4.0.3~install: postcss-colormin@4.0.3
44834 silly install postcss-minify-params@4.0.2
44835 info lifecycle postcss-minify-params@4.0.2~install: postcss-minify-params@4.0.2
44836 silly install postcss-reduce-initial@4.0.3
44837 info lifecycle postcss-reduce-initial@4.0.3~install: postcss-reduce-initial@4.0.3
44838 silly install browserslist@4.21.5
44839 info lifecycle browserslist@4.21.5~install: browserslist@4.21.5
44840 silly install postcss-normalize-unicode@4.0.1
44841 info lifecycle postcss-normalize-unicode@4.0.1~install: postcss-normalize-unicode@4.0.1
44842 silly install browserslist@4.21.5
44843 info lifecycle browserslist@4.21.5~install: browserslist@4.21.5
44844 silly install stylehacks@4.0.3
44845 info lifecycle stylehacks@4.0.3~install: stylehacks@4.0.3
44846 silly install postcss-merge-longhand@4.0.11
44847 info lifecycle postcss-merge-longhand@4.0.11~install: postcss-merge-longhand@4.0.11
44848 silly install upper-case@1.1.3
44849 info lifecycle upper-case@1.1.3~install: upper-case@1.1.3
44850 silly install camel-case@3.0.0
44851 info lifecycle camel-case@3.0.0~install: camel-case@3.0.0
44852 silly install html-minifier@3.5.21
44853 info lifecycle html-minifier@3.5.21~install: html-minifier@3.5.21
44854 silly install uri-js@4.4.1
44855 info lifecycle uri-js@4.4.1~install: uri-js@4.4.1
44856 silly install ajv@6.12.6
44857 info lifecycle ajv@6.12.6~install: ajv@6.12.6
44858 silly install schema-utils@0.4.7
44859 info lifecycle schema-utils@0.4.7~install: schema-utils@0.4.7
44860 silly install ajv@6.12.6
44861 info lifecycle ajv@6.12.6~install: ajv@6.12.6
44862 silly install har-validator@5.1.5
44863 info lifecycle har-validator@5.1.5~install: har-validator@5.1.5
44864 silly install ajv@6.12.6
44865 info lifecycle ajv@6.12.6~install: ajv@6.12.6
44866 silly install schema-utils@0.4.7
44867 info lifecycle schema-utils@0.4.7~install: schema-utils@0.4.7
44868 silly install ajv@6.12.6
44869 info lifecycle ajv@6.12.6~install: ajv@6.12.6
44870 silly install schema-utils@0.4.7
44871 info lifecycle schema-utils@0.4.7~install: schema-utils@0.4.7
44872 silly install urix@0.1.0
44873 info lifecycle urix@0.1.0~install: urix@0.1.0
44874 silly install source-map-resolve@0.5.3
44875 info lifecycle source-map-resolve@0.5.3~install: source-map-resolve@0.5.3
44876 silly install mime@1.3.6
44877 info lifecycle mime@1.3.6~install: mime@1.3.6
44878 silly install url-parse@1.5.10
44879 info lifecycle url-parse@1.5.10~install: url-parse@1.5.10
44880 silly install original@1.0.2
44881 info lifecycle original@1.0.2~install: original@1.0.2
44882 silly install eventsource@0.1.6
44883 info lifecycle eventsource@0.1.6~install: eventsource@0.1.6
44884 silly install punycode@1.3.2
44885 info lifecycle punycode@1.3.2~install: punycode@1.3.2
44886 silly install url@0.11.0
44887 info lifecycle url@0.11.0~install: url@0.11.0
44888 silly install use@3.1.1
44889 info lifecycle use@3.1.1~install: use@3.1.1
44890 silly install snapdragon@0.8.2
44891 info lifecycle snapdragon@0.8.2~install: snapdragon@0.8.2
44892 silly install braces@2.3.2
44893 info lifecycle braces@2.3.2~install: braces@2.3.2
44894 silly install expand-brackets@2.1.4
44895 info lifecycle expand-brackets@2.1.4~install: expand-brackets@2.1.4
44896 silly install extglob@2.0.4
44897 info lifecycle extglob@2.0.4~install: extglob@2.0.4
44898 silly install nanomatch@1.2.13
44899 info lifecycle nanomatch@1.2.13~install: nanomatch@1.2.13
44900 silly install micromatch@3.1.10
44901 info lifecycle micromatch@3.1.10~install: micromatch@3.1.10
44902 silly install http-proxy-middleware@0.19.2
44903 info lifecycle http-proxy-middleware@0.19.2~install: http-proxy-middleware@0.19.2
44904 silly install braces@2.3.2
44905 info lifecycle braces@2.3.2~install: braces@2.3.2
44906 silly install expand-brackets@2.1.4
44907 info lifecycle expand-brackets@2.1.4~install: expand-brackets@2.1.4
44908 silly install extglob@2.0.4
44909 info lifecycle extglob@2.0.4~install: extglob@2.0.4
44910 silly install micromatch@3.1.10
44911 info lifecycle micromatch@3.1.10~install: micromatch@3.1.10
44912 silly install util-deprecate@1.0.2
44913 info lifecycle util-deprecate@1.0.2~install: util-deprecate@1.0.2
44914 silly install readable-stream@3.6.2
44915 info lifecycle readable-stream@3.6.2~install: readable-stream@3.6.2
44916 silly install postcss-selector-parser@6.0.11
44917 info lifecycle postcss-selector-parser@6.0.11~install: postcss-selector-parser@6.0.11
44918 silly install postcss-calc@7.0.5
44919 info lifecycle postcss-calc@7.0.5~install: postcss-calc@7.0.5
44920 silly install readable-stream@3.6.2
44921 info lifecycle readable-stream@3.6.2~install: readable-stream@3.6.2
44922 silly install hash-base@3.1.0
44923 info lifecycle hash-base@3.1.0~install: hash-base@3.1.0
44924 silly install md5.js@1.3.5
44925 info lifecycle md5.js@1.3.5~install: md5.js@1.3.5
44926 silly install evp_bytestokey@1.0.3
44927 info lifecycle evp_bytestokey@1.0.3~install: evp_bytestokey@1.0.3
44928 silly install ripemd160@2.0.2
44929 info lifecycle ripemd160@2.0.2~install: ripemd160@2.0.2
44930 silly install create-hash@1.2.0
44931 info lifecycle create-hash@1.2.0~install: create-hash@1.2.0
44932 silly install browserify-aes@1.2.0
44933 info lifecycle browserify-aes@1.2.0~install: browserify-aes@1.2.0
44934 silly install browserify-cipher@1.0.1
44935 info lifecycle browserify-cipher@1.0.1~install: browserify-cipher@1.0.1
44936 silly install create-hmac@1.1.7
44937 info lifecycle create-hmac@1.1.7~install: create-hmac@1.1.7
44938 silly install pbkdf2@3.1.2
44939 info lifecycle pbkdf2@3.1.2~install: pbkdf2@3.1.2
44940 silly install parse-asn1@5.1.6
44941 info lifecycle parse-asn1@5.1.6~install: parse-asn1@5.1.6
44942 silly install browserify-sign@4.2.1
44943 info lifecycle browserify-sign@4.2.1~install: browserify-sign@4.2.1
44944 silly install public-encrypt@4.0.3
44945 info lifecycle public-encrypt@4.0.3~install: public-encrypt@4.0.3
44946 silly install crypto-browserify@3.12.0
44947 info lifecycle crypto-browserify@3.12.0~install: crypto-browserify@3.12.0
44948 silly install readable-stream@2.3.8
44949 info lifecycle readable-stream@2.3.8~install: readable-stream@2.3.8
44950 silly install concat-stream@1.6.2
44951 info lifecycle concat-stream@1.6.2~install: concat-stream@1.6.2
44952 silly install flush-write-stream@1.1.1
44953 info lifecycle flush-write-stream@1.1.1~install: flush-write-stream@1.1.1
44954 silly install from2@2.3.0
44955 info lifecycle from2@2.3.0~install: from2@2.3.0
44956 silly install fs-write-stream-atomic@1.0.10
44957 info lifecycle fs-write-stream-atomic@1.0.10~install: fs-write-stream-atomic@1.0.10
44958 silly install memory-fs@0.4.1
44959 info lifecycle memory-fs@0.4.1~install: memory-fs@0.4.1
44960 silly install enhanced-resolve@3.4.1
44961 info lifecycle enhanced-resolve@3.4.1~install: enhanced-resolve@3.4.1
44962 silly install parallel-transform@1.2.0
44963 info lifecycle parallel-transform@1.2.0~install: parallel-transform@1.2.0
44964 silly install readdirp@2.2.1
44965 info lifecycle readdirp@2.2.1~install: readdirp@2.2.1
44966 silly install chokidar@1.7.0
44967 info lifecycle chokidar@1.7.0~install: chokidar@1.7.0
44968 silly install stream-browserify@2.0.2
44969 info lifecycle stream-browserify@2.0.2~install: stream-browserify@2.0.2
44970 silly install readable-stream@3.6.2
44971 info lifecycle readable-stream@3.6.2~install: readable-stream@3.6.2
44972 silly install inherits@2.0.3
44973 info lifecycle inherits@2.0.3~install: inherits@2.0.3
44974 silly install util@0.11.1
44975 info lifecycle util@0.11.1~install: util@0.11.1
44976 silly install utila@0.4.0
44977 info lifecycle utila@0.4.0~install: utila@0.4.0
44978 silly install dom-converter@0.2.0
44979 info lifecycle dom-converter@0.2.0~install: dom-converter@0.2.0
44980 silly install renderkid@2.0.7
44981 info lifecycle renderkid@2.0.7~install: renderkid@2.0.7
44982 silly install pretty-error@2.1.2
44983 info lifecycle pretty-error@2.1.2~install: pretty-error@2.1.2
44984 silly install utils-merge@1.0.1
44985 info lifecycle utils-merge@1.0.1~install: utils-merge@1.0.1
44986 silly install connect@3.7.0
44987 info lifecycle connect@3.7.0~install: connect@3.7.0
44988 silly install uuid@3.4.0
44989 info lifecycle uuid@3.4.0~install: uuid@3.4.0
44990 silly install validate-npm-package-license@3.0.4
44991 info lifecycle validate-npm-package-license@3.0.4~install: validate-npm-package-license@3.0.4
44992 silly install normalize-package-data@2.5.0
44993 info lifecycle normalize-package-data@2.5.0~install: normalize-package-data@2.5.0
44994 silly install read-pkg@1.1.0
44995 info lifecycle read-pkg@1.1.0~install: read-pkg@1.1.0
44996 silly install read-pkg-up@1.0.1
44997 info lifecycle read-pkg-up@1.0.1~install: read-pkg-up@1.0.1
44998 silly install meow@3.7.0
44999 info lifecycle meow@3.7.0~install: meow@3.7.0
45000 silly install dateformat@1.0.12
45001 info lifecycle dateformat@1.0.12~install: dateformat@1.0.12
45002 silly install internal-ip@1.2.0
45003 info lifecycle internal-ip@1.2.0~install: internal-ip@1.2.0
45004 silly install test-exclude@4.2.3
45005 info lifecycle test-exclude@4.2.3~install: test-exclude@4.2.3
45006 silly install vary@1.1.2
45007 info lifecycle vary@1.1.2~install: vary@1.1.2
45008 silly install compression@1.7.4
45009 info lifecycle compression@1.7.4~install: compression@1.7.4
45010 silly install express@4.18.2
45011 info lifecycle express@4.18.2~install: express@4.18.2
45012 silly install vendors@1.0.4
45013 info lifecycle vendors@1.0.4~install: vendors@1.0.4
45014 silly install postcss-merge-rules@4.0.3
45015 info lifecycle postcss-merge-rules@4.0.3~install: postcss-merge-rules@4.0.3
45016 silly install postcss-merge-rules@2.1.2
45017 info lifecycle postcss-merge-rules@2.1.2~install: postcss-merge-rules@2.1.2
45018 silly install core-util-is@1.0.2
45019 info lifecycle core-util-is@1.0.2~install: core-util-is@1.0.2
45020 silly install verror@1.10.0
45021 info lifecycle verror@1.10.0~install: verror@1.10.0
45022 silly install jsprim@1.4.2
45023 info lifecycle jsprim@1.4.2~install: jsprim@1.4.2
45024 silly install http-signature@1.2.0
45025 info lifecycle http-signature@1.2.0~install: http-signature@1.2.0
45026 silly install request@2.88.2
45027 info lifecycle request@2.88.2~install: request@2.88.2
45028 silly install vm-browserify@1.1.2
45029 info lifecycle vm-browserify@1.1.2~install: vm-browserify@1.1.2
45030 silly install void-elements@2.0.1
45031 info lifecycle void-elements@2.0.1~install: void-elements@2.0.1
45032 silly install dom-serialize@2.2.1
45033 info lifecycle dom-serialize@2.2.1~install: dom-serialize@2.2.1
45034 silly install ms@2.1.3
45035 info lifecycle ms@2.1.3~install: ms@2.1.3
45036 silly install debug@3.2.7
45037 info lifecycle debug@3.2.7~install: debug@3.2.7
45038 silly install vue-eslint-parser@2.0.3
45039 info lifecycle vue-eslint-parser@2.0.3~install: vue-eslint-parser@2.0.3
45040 silly install vue-hot-reload-api@2.3.4
45041 info lifecycle vue-hot-reload-api@2.3.4~install: vue-hot-reload-api@2.3.4
45042 silly install cosmiconfig@2.2.2
45043 info lifecycle cosmiconfig@2.2.2~install: cosmiconfig@2.2.2
45044 silly install postcss@6.0.23
45045 info lifecycle postcss@6.0.23~install: postcss@6.0.23
45046 silly install postcss-load-config@1.2.0
45047 info lifecycle postcss-load-config@1.2.0~install: postcss-load-config@1.2.0
45048 silly install vue-style-loader@3.1.2
45049 info lifecycle vue-style-loader@3.1.2~install: vue-style-loader@3.1.2
45050 silly install vue-template-es2015-compiler@1.9.1
45051 info lifecycle vue-template-es2015-compiler@1.9.1~install: vue-template-es2015-compiler@1.9.1
45052 silly install normalize-path@2.1.1
45053 info lifecycle normalize-path@2.1.1~install: normalize-path@2.1.1
45054 silly install arr-diff@4.0.0
45055 info lifecycle arr-diff@4.0.0~install: arr-diff@4.0.0
45056 silly install array-unique@0.3.2
45057 info lifecycle array-unique@0.3.2~install: array-unique@0.3.2
45058 silly install extend-shallow@2.0.1
45059 info lifecycle extend-shallow@2.0.1~install: extend-shallow@2.0.1
45060 silly install extend-shallow@2.0.1
45061 info lifecycle extend-shallow@2.0.1~install: extend-shallow@2.0.1
45062 silly install kind-of@3.2.2
45063 info lifecycle kind-of@3.2.2~install: kind-of@3.2.2
45064 silly install is-accessor-descriptor@0.1.6
45065 info lifecycle is-accessor-descriptor@0.1.6~install: is-accessor-descriptor@0.1.6
45066 silly install kind-of@3.2.2
45067 info lifecycle kind-of@3.2.2~install: kind-of@3.2.2
45068 silly install is-data-descriptor@0.1.4
45069 info lifecycle is-data-descriptor@0.1.4~install: is-data-descriptor@0.1.4
45070 silly install kind-of@5.1.0
45071 info lifecycle kind-of@5.1.0~install: kind-of@5.1.0
45072 silly install is-descriptor@0.1.6
45073 info lifecycle is-descriptor@0.1.6~install: is-descriptor@0.1.6
45074 silly install define-property@0.2.5
45075 info lifecycle define-property@0.2.5~install: define-property@0.2.5
45076 silly install expand-brackets@2.1.4
45077 info lifecycle expand-brackets@2.1.4~install: expand-brackets@2.1.4
45078 silly install extend-shallow@2.0.1
45079 info lifecycle extend-shallow@2.0.1~install: extend-shallow@2.0.1
45080 silly install extend-shallow@2.0.1
45081 info lifecycle extend-shallow@2.0.1~install: extend-shallow@2.0.1
45082 silly install is-extglob@2.1.1
45083 info lifecycle is-extglob@2.1.1~install: is-extglob@2.1.1
45084 silly install is-glob@3.1.0
45085 info lifecycle is-glob@3.1.0~install: is-glob@3.1.0
45086 silly install glob-parent@3.1.0
45087 info lifecycle glob-parent@3.1.0~install: glob-parent@3.1.0
45088 silly install is-glob@4.0.3
45089 info lifecycle is-glob@4.0.3~install: is-glob@4.0.3
45090 silly install kind-of@3.2.2
45091 info lifecycle kind-of@3.2.2~install: kind-of@3.2.2
45092 silly install is-number@3.0.0
45093 info lifecycle is-number@3.0.0~install: is-number@3.0.0
45094 silly install fill-range@4.0.0
45095 info lifecycle fill-range@4.0.0~install: fill-range@4.0.0
45096 silly install isobject@3.0.1
45097 info lifecycle isobject@3.0.1~install: isobject@3.0.1
45098 silly install braces@2.3.2
45099 info lifecycle braces@2.3.2~install: braces@2.3.2
45100 silly install kind-of@6.0.3
45101 info lifecycle kind-of@6.0.3~install: kind-of@6.0.3
45102 silly install is-accessor-descriptor@1.0.0
45103 info lifecycle is-accessor-descriptor@1.0.0~install: is-accessor-descriptor@1.0.0
45104 silly install is-data-descriptor@1.0.0
45105 info lifecycle is-data-descriptor@1.0.0~install: is-data-descriptor@1.0.0
45106 silly install is-descriptor@1.0.2
45107 info lifecycle is-descriptor@1.0.2~install: is-descriptor@1.0.2
45108 silly install define-property@1.0.0
45109 info lifecycle define-property@1.0.0~install: define-property@1.0.0
45110 silly install extglob@2.0.4
45111 info lifecycle extglob@2.0.4~install: extglob@2.0.4
45112 silly install micromatch@3.1.10
45113 info lifecycle micromatch@3.1.10~install: micromatch@3.1.10
45114 silly install anymatch@2.0.0
45115 info lifecycle anymatch@2.0.0~install: anymatch@2.0.0
45116 silly install normalize-path@3.0.0
45117 info lifecycle normalize-path@3.0.0~install: normalize-path@3.0.0
45118 silly install chokidar@2.1.8
45119 info lifecycle chokidar@2.1.8~install: chokidar@2.1.8
45120 silly install watchpack-chokidar2@2.0.1
45121 info lifecycle watchpack-chokidar2@2.0.1~install: watchpack-chokidar2@2.0.1
45122 silly install binary-extensions@2.2.0
45123 info lifecycle binary-extensions@2.2.0~install: binary-extensions@2.2.0
45124 silly install is-binary-path@2.1.0
45125 info lifecycle is-binary-path@2.1.0~install: is-binary-path@2.1.0
45126 silly install is-extglob@2.1.1
45127 info lifecycle is-extglob@2.1.1~install: is-extglob@2.1.1
45128 silly install is-glob@4.0.3
45129 info lifecycle is-glob@4.0.3~install: is-glob@4.0.3
45130 silly install glob-parent@5.1.2
45131 info lifecycle glob-parent@5.1.2~install: glob-parent@5.1.2
45132 silly install is-number@7.0.0
45133 info lifecycle is-number@7.0.0~install: is-number@7.0.0
45134 silly install normalize-path@3.0.0
45135 info lifecycle normalize-path@3.0.0~install: normalize-path@3.0.0
45136 silly install anymatch@3.1.3
45137 info lifecycle anymatch@3.1.3~install: anymatch@3.1.3
45138 silly install readdirp@3.6.0
45139 info lifecycle readdirp@3.6.0~install: readdirp@3.6.0
45140 silly install to-regex-range@5.0.1
45141 info lifecycle to-regex-range@5.0.1~install: to-regex-range@5.0.1
45142 silly install fill-range@7.0.1
45143 info lifecycle fill-range@7.0.1~install: fill-range@7.0.1
45144 silly install braces@3.0.2
45145 info lifecycle braces@3.0.2~install: braces@3.0.2
45146 silly install chokidar@3.5.3
45147 info lifecycle chokidar@3.5.3~install: chokidar@3.5.3
45148 silly install watchpack@1.7.5
45149 info lifecycle watchpack@1.7.5~install: watchpack@1.7.5
45150 silly install wbuf@1.7.3
45151 info lifecycle wbuf@1.7.3~install: wbuf@1.7.3
45152 silly install hpack.js@2.1.6
45153 info lifecycle hpack.js@2.1.6~install: hpack.js@2.1.6
45154 silly install spdy-transport@3.0.0
45155 info lifecycle spdy-transport@3.0.0~install: spdy-transport@3.0.0
45156 silly install spdy@4.0.2
45157 info lifecycle spdy@4.0.2~install: spdy@4.0.2
45158 silly install ws@4.1.0
45159 info lifecycle ws@4.1.0~install: ws@4.1.0
45160 silly install webpack-dev-middleware@1.12.2
45161 info lifecycle webpack-dev-middleware@1.12.2~install: webpack-dev-middleware@1.12.2
45162 silly install normalize-path@2.1.1
45163 info lifecycle normalize-path@2.1.1~install: normalize-path@2.1.1
45164 silly install arr-diff@4.0.0
45165 info lifecycle arr-diff@4.0.0~install: arr-diff@4.0.0
45166 silly install array-unique@0.3.2
45167 info lifecycle array-unique@0.3.2~install: array-unique@0.3.2
45168 silly install extend-shallow@2.0.1
45169 info lifecycle extend-shallow@2.0.1~install: extend-shallow@2.0.1
45170 silly install camelcase@3.0.0
45171 info lifecycle camelcase@3.0.0~install: camelcase@3.0.0
45172 silly install ms@2.1.3
45173 info lifecycle ms@2.1.3~install: ms@2.1.3
45174 silly install debug@3.2.7
45175 info lifecycle debug@3.2.7~install: debug@3.2.7
45176 silly install debug@2.6.9
45177 info lifecycle debug@2.6.9~install: debug@2.6.9
45178 silly install extend-shallow@2.0.1
45179 info lifecycle extend-shallow@2.0.1~install: extend-shallow@2.0.1
45180 silly install kind-of@3.2.2
45181 info lifecycle kind-of@3.2.2~install: kind-of@3.2.2
45182 silly install is-accessor-descriptor@0.1.6
45183 info lifecycle is-accessor-descriptor@0.1.6~install: is-accessor-descriptor@0.1.6
45184 silly install kind-of@3.2.2
45185 info lifecycle kind-of@3.2.2~install: kind-of@3.2.2
45186 silly install is-data-descriptor@0.1.4
45187 info lifecycle is-data-descriptor@0.1.4~install: is-data-descriptor@0.1.4
45188 silly install kind-of@5.1.0
45189 info lifecycle kind-of@5.1.0~install: kind-of@5.1.0
45190 silly install is-descriptor@0.1.6
45191 info lifecycle is-descriptor@0.1.6~install: is-descriptor@0.1.6
45192 silly install define-property@0.2.5
45193 info lifecycle define-property@0.2.5~install: define-property@0.2.5
45194 silly install expand-brackets@2.1.4
45195 info lifecycle expand-brackets@2.1.4~install: expand-brackets@2.1.4
45196 silly install extend-shallow@2.0.1
45197 info lifecycle extend-shallow@2.0.1~install: extend-shallow@2.0.1
45198 silly install extend-shallow@2.0.1
45199 info lifecycle extend-shallow@2.0.1~install: extend-shallow@2.0.1
45200 silly install is-extglob@2.1.1
45201 info lifecycle is-extglob@2.1.1~install: is-extglob@2.1.1
45202 silly install is-glob@3.1.0
45203 info lifecycle is-glob@3.1.0~install: is-glob@3.1.0
45204 silly install glob-parent@3.1.0
45205 info lifecycle glob-parent@3.1.0~install: glob-parent@3.1.0
45206 silly install is-fullwidth-code-point@1.0.0
45207 info lifecycle is-fullwidth-code-point@1.0.0~install: is-fullwidth-code-point@1.0.0
45208 silly install is-glob@4.0.3
45209 info lifecycle is-glob@4.0.3~install: is-glob@4.0.3
45210 silly install kind-of@3.2.2
45211 info lifecycle kind-of@3.2.2~install: kind-of@3.2.2
45212 silly install is-number@3.0.0
45213 info lifecycle is-number@3.0.0~install: is-number@3.0.0
45214 silly install fill-range@4.0.0
45215 info lifecycle fill-range@4.0.0~install: fill-range@4.0.0
45216 silly install isobject@3.0.1
45217 info lifecycle isobject@3.0.1~install: isobject@3.0.1
45218 silly install braces@2.3.2
45219 info lifecycle braces@2.3.2~install: braces@2.3.2
45220 silly install kind-of@6.0.3
45221 info lifecycle kind-of@6.0.3~install: kind-of@6.0.3
45222 silly install is-accessor-descriptor@1.0.0
45223 info lifecycle is-accessor-descriptor@1.0.0~install: is-accessor-descriptor@1.0.0
45224 silly install is-data-descriptor@1.0.0
45225 info lifecycle is-data-descriptor@1.0.0~install: is-data-descriptor@1.0.0
45226 silly install is-descriptor@1.0.2
45227 info lifecycle is-descriptor@1.0.2~install: is-descriptor@1.0.2
45228 silly install define-property@1.0.0
45229 info lifecycle define-property@1.0.0~install: define-property@1.0.0
45230 silly install extglob@2.0.4
45231 info lifecycle extglob@2.0.4~install: extglob@2.0.4
45232 silly install micromatch@3.1.10
45233 info lifecycle micromatch@3.1.10~install: micromatch@3.1.10
45234 silly install anymatch@2.0.0
45235 info lifecycle anymatch@2.0.0~install: anymatch@2.0.0
45236 silly install normalize-path@3.0.0
45237 info lifecycle normalize-path@3.0.0~install: normalize-path@3.0.0
45238 silly install chokidar@2.1.8
45239 info lifecycle chokidar@2.1.8~install: chokidar@2.1.8
45240 silly install os-locale@1.4.0
45241 info lifecycle os-locale@1.4.0~install: os-locale@1.4.0
45242 silly install string-width@1.0.2
45243 info lifecycle string-width@1.0.2~install: string-width@1.0.2
45244 silly install which-module@1.0.0
45245 info lifecycle which-module@1.0.0~install: which-module@1.0.0
45246 silly install y18n@3.2.2
45247 info lifecycle y18n@3.2.2~install: y18n@3.2.2
45248 silly install yargs-parser@4.2.1
45249 info lifecycle yargs-parser@4.2.1~install: yargs-parser@4.2.1
45250 silly install webpack-sources@1.4.3
45251 info lifecycle webpack-sources@1.4.3~install: webpack-sources@1.4.3
45252 silly install last-call-webpack-plugin@2.1.2
45253 info lifecycle last-call-webpack-plugin@2.1.2~install: last-call-webpack-plugin@2.1.2
45254 silly install ajv-keywords@3.5.2
45255 info lifecycle ajv-keywords@3.5.2~install: ajv-keywords@3.5.2
45256 silly install camelcase@1.2.1
45257 info lifecycle camelcase@1.2.1~install: camelcase@1.2.1
45258 silly install fast-deep-equal@3.1.3
45259 info lifecycle fast-deep-equal@3.1.3~install: fast-deep-equal@3.1.3
45260 silly install has-flag@2.0.0
45261 info lifecycle has-flag@2.0.0~install: has-flag@2.0.0
45262 silly install json-schema-traverse@0.4.1
45263 info lifecycle json-schema-traverse@0.4.1~install: json-schema-traverse@0.4.1
45264 silly install ajv@6.12.6
45265 info lifecycle ajv@6.12.6~install: ajv@6.12.6
45266 silly install source-map@0.5.7
45267 info lifecycle source-map@0.5.7~install: source-map@0.5.7
45268 silly install supports-color@4.5.0
45269 info lifecycle supports-color@4.5.0~install: supports-color@4.5.0
45270 silly install websocket-extensions@0.1.4
45271 info lifecycle websocket-extensions@0.1.4~install: websocket-extensions@0.1.4
45272 silly install websocket-driver@0.7.4
45273 info lifecycle websocket-driver@0.7.4~install: websocket-driver@0.7.4
45274 silly install faye-websocket@0.10.0
45275 info lifecycle faye-websocket@0.10.0~install: faye-websocket@0.10.0
45276 silly install sockjs@0.3.19
45277 info lifecycle sockjs@0.3.19~install: sockjs@0.3.19
45278 silly install faye-websocket@0.11.4
45279 info lifecycle faye-websocket@0.11.4~install: faye-websocket@0.11.4
45280 silly install sockjs-client@1.1.5
45281 info lifecycle sockjs-client@1.1.5~install: sockjs-client@1.1.5
45282 silly install whet.extend@0.9.9
45283 info lifecycle whet.extend@0.9.9~install: whet.extend@0.9.9
45284 silly install svgo@0.7.2
45285 info lifecycle svgo@0.7.2~install: svgo@0.7.2
45286 silly install postcss-svgo@2.1.6
45287 info lifecycle postcss-svgo@2.1.6~install: postcss-svgo@2.1.6
45288 silly install cssnano@3.10.0
45289 info lifecycle cssnano@3.10.0~install: cssnano@3.10.0
45290 silly install which@1.3.1
45291 info lifecycle which@1.3.1~install: which@1.3.1
45292 silly install cross-spawn@6.0.5
45293 info lifecycle cross-spawn@6.0.5~install: cross-spawn@6.0.5
45294 silly install which-boxed-primitive@1.0.2
45295 info lifecycle which-boxed-primitive@1.0.2~install: which-boxed-primitive@1.0.2
45296 silly install unbox-primitive@1.0.2
45297 info lifecycle unbox-primitive@1.0.2~install: unbox-primitive@1.0.2
45298 silly install which-module@2.0.1
45299 info lifecycle which-module@2.0.1~install: which-module@2.0.1
45300 silly install which-typed-array@1.1.9
45301 info lifecycle which-typed-array@1.1.9~install: which-typed-array@1.1.9
45302 silly install es-abstract@1.21.2
45303 info lifecycle es-abstract@1.21.2~install: es-abstract@1.21.2
45304 silly install array-includes@3.1.6
45305 info lifecycle array-includes@3.1.6~install: array-includes@3.1.6
45306 silly install array.prototype.flat@1.3.1
45307 info lifecycle array.prototype.flat@1.3.1~install: array.prototype.flat@1.3.1
45308 silly install array.prototype.flatmap@1.3.1
45309 info lifecycle array.prototype.flatmap@1.3.1~install: array.prototype.flatmap@1.3.1
45310 silly install array.prototype.reduce@1.0.5
45311 info lifecycle array.prototype.reduce@1.0.5~install: array.prototype.reduce@1.0.5
45312 silly install function.prototype.name@1.1.5
45313 info lifecycle function.prototype.name@1.1.5~install: function.prototype.name@1.1.5
45314 silly install object.getownpropertydescriptors@2.1.6
45315 info lifecycle object.getownpropertydescriptors@2.1.6~install: object.getownpropertydescriptors@2.1.6
45316 silly install object.values@1.1.6
45317 info lifecycle object.values@1.1.6~install: object.values@1.1.6
45318 silly install string.prototype.trim@1.2.7
45319 info lifecycle string.prototype.trim@1.2.7~install: string.prototype.trim@1.2.7
45320 silly install string.prototype.trimend@1.0.6
45321 info lifecycle string.prototype.trimend@1.0.6~install: string.prototype.trimend@1.0.6
45322 silly install string.prototype.trimstart@1.0.6
45323 info lifecycle string.prototype.trimstart@1.0.6~install: string.prototype.trimstart@1.0.6
45324 silly install util.promisify@1.0.1
45325 info lifecycle util.promisify@1.0.1~install: util.promisify@1.0.1
45326 silly install svgo@1.3.2
45327 info lifecycle svgo@1.3.2~install: svgo@1.3.2
45328 silly install postcss-svgo@4.0.3
45329 info lifecycle postcss-svgo@4.0.3~install: postcss-svgo@4.0.3
45330 silly install cssnano-preset-default@4.0.8
45331 info lifecycle cssnano-preset-default@4.0.8~install: cssnano-preset-default@4.0.8
45332 silly install cssnano@4.1.11
45333 info lifecycle cssnano@4.1.11~install: cssnano@4.1.11
45334 silly install window-size@0.1.0
45335 info lifecycle window-size@0.1.0~install: window-size@0.1.0
45336 silly install yargs@3.10.0
45337 info lifecycle yargs@3.10.0~install: yargs@3.10.0
45338 silly install uglify-js@2.8.29
45339 info lifecycle uglify-js@2.8.29~install: uglify-js@2.8.29
45340 silly install uglifyjs-webpack-plugin@0.4.6
45341 info lifecycle uglifyjs-webpack-plugin@0.4.6~install: uglifyjs-webpack-plugin@0.4.6
45342 silly install word-wrap@1.2.3
45343 info lifecycle word-wrap@1.2.3~install: word-wrap@1.2.3
45344 silly install optionator@0.8.3
45345 info lifecycle optionator@0.8.3~install: optionator@0.8.3
45346 silly install escodegen@1.8.1
45347 info lifecycle escodegen@1.8.1~install: escodegen@1.8.1
45348 silly install wordwrap@0.0.3
45349 info lifecycle wordwrap@0.0.3~install: wordwrap@0.0.3
45350 silly install optimist@0.6.1
45351 info lifecycle optimist@0.6.1~install: optimist@0.6.1
45352 silly install worker-farm@1.7.0
45353 info lifecycle worker-farm@1.7.0~install: worker-farm@1.7.0
45354 silly install is-fullwidth-code-point@1.0.0
45355 info lifecycle is-fullwidth-code-point@1.0.0~install: is-fullwidth-code-point@1.0.0
45356 silly install string-width@1.0.2
45357 info lifecycle string-width@1.0.2~install: string-width@1.0.2
45358 silly install wrap-ansi@2.1.0
45359 info lifecycle wrap-ansi@2.1.0~install: wrap-ansi@2.1.0
45360 silly install cliui@3.2.0
45361 info lifecycle cliui@3.2.0~install: cliui@3.2.0
45362 silly install yargs@6.6.0
45363 info lifecycle yargs@6.6.0~install: yargs@6.6.0
45364 silly install wrappy@1.0.2
45365 info lifecycle wrappy@1.0.2~install: wrappy@1.0.2
45366 silly install once@1.4.0
45367 info lifecycle once@1.4.0~install: once@1.4.0
45368 silly install end-of-stream@1.4.4
45369 info lifecycle end-of-stream@1.4.4~install: end-of-stream@1.4.4
45370 silly install duplexify@3.7.1
45371 info lifecycle duplexify@3.7.1~install: duplexify@3.7.1
45372 silly install stream-each@1.2.3
45373 info lifecycle stream-each@1.2.3~install: stream-each@1.2.3
45374 silly install inflight@1.0.6
45375 info lifecycle inflight@1.0.6~install: inflight@1.0.6
45376 silly install glob@7.2.3
45377 info lifecycle glob@7.2.3~install: glob@7.2.3
45378 silly install globby@6.1.0
45379 info lifecycle globby@6.1.0~install: globby@6.1.0
45380 silly install rimraf@2.6.3
45381 info lifecycle rimraf@2.6.3~install: rimraf@2.6.3
45382 silly install globby@7.1.1
45383 info lifecycle globby@7.1.1~install: globby@7.1.1
45384 silly install rimraf@2.7.1
45385 info lifecycle rimraf@2.7.1~install: rimraf@2.7.1
45386 silly install copy-concurrently@1.0.5
45387 info lifecycle copy-concurrently@1.0.5~install: copy-concurrently@1.0.5
45388 silly install del@3.0.0
45389 info lifecycle del@3.0.0~install: del@3.0.0
45390 silly install move-concurrently@1.0.1
45391 info lifecycle move-concurrently@1.0.1~install: move-concurrently@1.0.1
45392 silly install glob@5.0.15
45393 info lifecycle glob@5.0.15~install: glob@5.0.15
45394 silly install istanbul@0.4.5
45395 info lifecycle istanbul@0.4.5~install: istanbul@0.4.5
45396 silly install glob@7.1.1
45397 info lifecycle glob@7.1.1~install: glob@7.1.1
45398 silly install pump@2.0.1
45399 info lifecycle pump@2.0.1~install: pump@2.0.1
45400 silly install pumpify@1.5.1
45401 info lifecycle pumpify@1.5.1~install: pumpify@1.5.1
45402 silly install write@0.2.1
45403 info lifecycle write@0.2.1~install: write@0.2.1
45404 silly install flat-cache@1.3.4
45405 info lifecycle flat-cache@1.3.4~install: flat-cache@1.3.4
45406 silly install file-entry-cache@2.0.0
45407 info lifecycle file-entry-cache@2.0.0~install: file-entry-cache@2.0.0
45408 silly install ws@1.1.2
45409 info lifecycle ws@1.1.2~install: ws@1.1.2
45410 silly install wtf-8@1.0.0
45411 info lifecycle wtf-8@1.0.0~install: wtf-8@1.0.0
45412 silly install engine.io-parser@1.3.2
45413 info lifecycle engine.io-parser@1.3.2~install: engine.io-parser@1.3.2
45414 silly install engine.io@1.8.3
45415 info lifecycle engine.io@1.8.3~install: engine.io@1.8.3
45416 silly install xmlhttprequest-ssl@1.5.3
45417 info lifecycle xmlhttprequest-ssl@1.5.3~install: xmlhttprequest-ssl@1.5.3
45418 silly install xtend@4.0.2
45419 info lifecycle xtend@4.0.2~install: xtend@4.0.2
45420 silly install stream-http@2.8.3
45421 info lifecycle stream-http@2.8.3~install: stream-http@2.8.3
45422 silly install node-libs-browser@2.2.1
45423 info lifecycle node-libs-browser@2.2.1~install: node-libs-browser@2.2.1
45424 silly install through2@2.0.5
45425 info lifecycle through2@2.0.5~install: through2@2.0.5
45426 silly install mississippi@2.0.0
45427 info lifecycle mississippi@2.0.0~install: mississippi@2.0.0
45428 silly install xxhashjs@0.2.2
45429 info lifecycle xxhashjs@0.2.2~install: xxhashjs@0.2.2
45430 silly install y18n@4.0.3
45431 info lifecycle y18n@4.0.3~install: y18n@4.0.3
45432 silly install yallist@2.1.2
45433 info lifecycle yallist@2.1.2~install: yallist@2.1.2
45434 silly install lru-cache@4.1.5
45435 info lifecycle lru-cache@4.1.5~install: lru-cache@4.1.5
45436 silly install cacache@10.0.4
45437 info lifecycle cacache@10.0.4~install: cacache@10.0.4
45438 silly install cross-spawn@5.1.0
45439 info lifecycle cross-spawn@5.1.0~install: cross-spawn@5.1.0
45440 silly install cross-spawn@5.1.0
45441 info lifecycle cross-spawn@5.1.0~install: cross-spawn@5.1.0
45442 silly install execa@0.7.0
45443 info lifecycle execa@0.7.0~install: execa@0.7.0
45444 silly install os-locale@2.1.0
45445 info lifecycle os-locale@2.1.0~install: os-locale@2.1.0
45446 silly install useragent@2.3.0
45447 info lifecycle useragent@2.3.0~install: useragent@2.3.0
45448 silly install camelcase@4.1.0
45449 info lifecycle camelcase@4.1.0~install: camelcase@4.1.0
45450 silly install yargs-parser@7.0.0
45451 info lifecycle yargs-parser@7.0.0~install: yargs-parser@7.0.0
45452 silly install camelcase@4.1.0
45453 info lifecycle camelcase@4.1.0~install: camelcase@4.1.0
45454 silly install is-fullwidth-code-point@1.0.0
45455 info lifecycle is-fullwidth-code-point@1.0.0~install: is-fullwidth-code-point@1.0.0
45456 silly install string-width@1.0.2
45457 info lifecycle string-width@1.0.2~install: string-width@1.0.2
45458 silly install cliui@3.2.0
45459 info lifecycle cliui@3.2.0~install: cliui@3.2.0
45460 silly install pify@2.3.0
45461 info lifecycle pify@2.3.0~install: pify@2.3.0
45462 silly install path-type@2.0.0
45463 info lifecycle path-type@2.0.0~install: path-type@2.0.0
45464 silly install strip-bom@3.0.0
45465 info lifecycle strip-bom@3.0.0~install: strip-bom@3.0.0
45466 silly install load-json-file@2.0.0
45467 info lifecycle load-json-file@2.0.0~install: load-json-file@2.0.0
45468 silly install read-pkg@2.0.0
45469 info lifecycle read-pkg@2.0.0~install: read-pkg@2.0.0
45470 silly install read-pkg-up@2.0.0
45471 info lifecycle read-pkg-up@2.0.0~install: read-pkg-up@2.0.0
45472 silly install y18n@3.2.2
45473 info lifecycle y18n@3.2.2~install: y18n@3.2.2
45474 silly install yargs@8.0.2
45475 info lifecycle yargs@8.0.2~install: yargs@8.0.2
45476 silly install yauzl@2.10.0
45477 info lifecycle yauzl@2.10.0~install: yauzl@2.10.0
45478 silly install extract-zip@1.7.0
45479 info lifecycle extract-zip@1.7.0~install: extract-zip@1.7.0
45480 silly install phantomjs-prebuilt@2.1.16
45481 info lifecycle phantomjs-prebuilt@2.1.16~install: phantomjs-prebuilt@2.1.16
45482 verbose lifecycle phantomjs-prebuilt@2.1.16~install: unsafe-perm in lifecycle true
45483 verbose lifecycle phantomjs-prebuilt@2.1.16~install: PATH: D:\software\development\node_modules\npm\node_modules\npm-lifecycle\node-gyp-bin;D:\software\CodeLibrary\es-vue-project\node_modules\phantomjs-prebuilt\node_modules\.bin;D:\software\CodeLibrary\es-vue-project\node_modules\.bin;D:\software\Git\mingw64\bin;D:\software\Git\usr\bin;C:\Users\jiami\bin;D:\software\CodeLibrary\es-vue-project\node_modules\.bin;C:\program files (x86)\common files\oracle\java\javapath;C:\windows\system32;C:\windows;C:\windows\system32\wbem;C:\windows\system32\windowspowershell\v1.0;C:\windows\system32\openssh;D:\software\apache-maven-3.8.4-bin\apache-maven-3.8.4\bin;C:\program files\java\jdk1.8.0_333\bin;D:\software\apache-tomcat-8.5.81-windows-x64\apache-tomcat-8.5.81\lib;D:\software\apache-tomcat-8.5.81-windows-x64\apache-tomcat-8.5.81\bin;D:\software\apache-tomcat-8.5.81-windows-x64\apache-tomcat-8.5.81\lib\servlet-api.jar;D:\software\git\cmd;C:\program files\mysql\mysql server 8.0\bin;D:\software\development\node_global\node_modules;D:\software\development;C:\program files\dotnet;D:\software\environment\xshell;D:\software\environment\xftp;C:\Program Files (x86)\NVIDIA Corporation\PhysX\Common;C:\Program Files\MySQL\MySQL Shell 8.0\bin;C:\Users\jiami\AppData\Local\Microsoft\WindowsApps;C:\Users\jiami\AppData\Local\Programs\Microsoft VS Code\bin;D:\software\Microsoft VS Code\bin;D:\software\development\node_global;C:\Users\jiami\AppData\Roaming\npm
45484 verbose lifecycle phantomjs-prebuilt@2.1.16~install: CWD: D:\software\CodeLibrary\es-vue-project\node_modules\phantomjs-prebuilt
45485 silly lifecycle phantomjs-prebuilt@2.1.16~install: Args: [ '/d /s /c', 'node install.js' ]
45486 silly lifecycle phantomjs-prebuilt@2.1.16~install: Returned: code: 1  signal: null
45487 info lifecycle phantomjs-prebuilt@2.1.16~install: Failed to exec install script
45488 timing action:install Completed in 837ms
45489 verbose unlock done using D:\software\CodeLibrary\es-vue-project\software\development\Nodejs\node_cache\_locks\staging-dce884d4f5892ddb.lock for D:\software\CodeLibrary\es-vue-project\node_modules\.staging
45490 timing stage:rollbackFailedOptional Completed in 159ms
45491 timing stage:runTopLevelLifecycles Completed in 176596ms
45492 silly saveTree es-vue-project@1.0.0
45492 silly saveTree +-- autoprefixer@7.2.6
45492 silly saveTree | +-- browserslist@2.11.3
45492 silly saveTree | | +-- caniuse-lite@1.0.30001481
45492 silly saveTree | | `-- electron-to-chromium@1.4.371
45492 silly saveTree | +-- caniuse-lite@1.0.30001481
45492 silly saveTree | +-- normalize-range@0.1.2
45492 silly saveTree | +-- num2fraction@1.2.2
45492 silly saveTree | +-- postcss-value-parser@3.3.1
45492 silly saveTree | `-- postcss@6.0.23
45492 silly saveTree |   +-- chalk@2.4.2
45492 silly saveTree |   | +-- ansi-styles@3.2.1
45492 silly saveTree |   | | `-- color-convert@1.9.3
45492 silly saveTree |   | |   `-- color-name@1.1.3
45492 silly saveTree |   | +-- escape-string-regexp@1.0.5
45492 silly saveTree |   | `-- supports-color@5.5.0
45492 silly saveTree |   |   `-- has-flag@3.0.0
45492 silly saveTree |   +-- source-map@0.6.1
45492 silly saveTree |   `-- supports-color@5.5.0
45492 silly saveTree +-- axios@0.25.0
45492 silly saveTree | `-- follow-redirects@1.15.2
45492 silly saveTree +-- babel-core@6.26.3
45492 silly saveTree | +-- babel-code-frame@6.26.0
45492 silly saveTree | | +-- chalk@1.1.3
45492 silly saveTree | | | +-- ansi-styles@2.2.1
45492 silly saveTree | | | +-- has-ansi@2.0.0
45492 silly saveTree | | | | `-- ansi-regex@2.1.1
45492 silly saveTree | | | +-- strip-ansi@3.0.1
45492 silly saveTree | | | `-- supports-color@2.0.0
45492 silly saveTree | | +-- esutils@2.0.3
45492 silly saveTree | | `-- js-tokens@3.0.2
45492 silly saveTree | +-- babel-generator@6.26.1
45492 silly saveTree | | +-- babel-messages@6.23.0
45492 silly saveTree | | | `-- babel-runtime@6.26.0
45492 silly saveTree | | |   +-- core-js@2.6.12
45492 silly saveTree | | |   `-- regenerator-runtime@0.11.1
45492 silly saveTree | | +-- babel-runtime@6.26.0
45492 silly saveTree | | +-- babel-types@6.26.0
45492 silly saveTree | | | +-- lodash@4.17.21
45492 silly saveTree | | | `-- to-fast-properties@1.0.3
45492 silly saveTree | | +-- detect-indent@4.0.0
45492 silly saveTree | | | `-- repeating@2.0.1
45492 silly saveTree | | |   `-- is-finite@1.1.0
45492 silly saveTree | | +-- jsesc@1.3.0
45492 silly saveTree | | +-- lodash@4.17.21
45492 silly saveTree | | +-- source-map@0.5.7
45492 silly saveTree | | `-- trim-right@1.0.1
45492 silly saveTree | +-- babel-helpers@6.24.1
45492 silly saveTree | | `-- babel-template@6.26.0
45492 silly saveTree | |   +-- babel-traverse@6.26.0
45492 silly saveTree | |   | +-- babylon@6.18.0
45492 silly saveTree | |   | +-- debug@2.6.9
45492 silly saveTree | |   | | `-- ms@2.0.0
45492 silly saveTree | |   | +-- globals@9.18.0
45492 silly saveTree | |   | `-- invariant@2.2.4
45492 silly saveTree | |   |   `-- loose-envify@1.4.0
45492 silly saveTree | |   `-- babylon@6.18.0
45492 silly saveTree | +-- babel-messages@6.23.0
45492 silly saveTree | +-- babel-register@6.26.0
45492 silly saveTree | | +-- home-or-tmp@2.0.0
45492 silly saveTree | | | +-- os-homedir@1.0.2
45492 silly saveTree | | | `-- os-tmpdir@1.0.2
45492 silly saveTree | | +-- mkdirp@0.5.6
45492 silly saveTree | | | `-- minimist@1.2.8
45492 silly saveTree | | `-- source-map-support@0.4.18
45492 silly saveTree | |   `-- source-map@0.5.7
45492 silly saveTree | +-- babel-runtime@6.26.0
45492 silly saveTree | +-- babel-template@6.26.0
45492 silly saveTree | +-- babel-traverse@6.26.0
45492 silly saveTree | +-- babel-types@6.26.0
45492 silly saveTree | +-- babylon@6.18.0
45492 silly saveTree | +-- convert-source-map@1.9.0
45492 silly saveTree | +-- debug@2.6.9
45492 silly saveTree | +-- json5@0.5.1
45492 silly saveTree | +-- lodash@4.17.21
45492 silly saveTree | +-- minimatch@3.1.2
45492 silly saveTree | | `-- brace-expansion@1.1.11
45492 silly saveTree | |   +-- balanced-match@1.0.2
45492 silly saveTree | |   `-- concat-map@0.0.1
45492 silly saveTree | +-- path-is-absolute@1.0.1
45492 silly saveTree | +-- private@0.1.8
45492 silly saveTree | +-- slash@1.0.0
45492 silly saveTree | `-- source-map@0.5.7
45492 silly saveTree +-- babel-eslint@8.2.6
45492 silly saveTree | +-- @babel/code-frame@7.0.0-beta.44
45492 silly saveTree | | `-- @babel/highlight@7.0.0-beta.44
45492 silly saveTree | +-- @babel/traverse@7.0.0-beta.44
45492 silly saveTree | | +-- @babel/generator@7.0.0-beta.44
45492 silly saveTree | | | +-- @babel/types@7.0.0-beta.44
45492 silly saveTree | | | | `-- to-fast-properties@2.0.0
45492 silly saveTree | | | +-- jsesc@2.5.2
45492 silly saveTree | | | `-- source-map@0.5.7
45492 silly saveTree | | +-- @babel/helper-function-name@7.0.0-beta.44
45492 silly saveTree | | | +-- @babel/helper-get-function-arity@7.0.0-beta.44
45492 silly saveTree | | | `-- @babel/template@7.0.0-beta.44
45492 silly saveTree | | |   `-- babylon@7.0.0-beta.44
45492 silly saveTree | | +-- @babel/helper-split-export-declaration@7.0.0-beta.44
45492 silly saveTree | | +-- @babel/types@7.0.0-beta.44
45492 silly saveTree | | +-- babylon@7.0.0-beta.44
45492 silly saveTree | | +-- debug@3.2.7
45492 silly saveTree | | | `-- ms@2.1.3
45492 silly saveTree | | `-- globals@11.12.0
45492 silly saveTree | +-- @babel/types@7.0.0-beta.44
45492 silly saveTree | +-- babylon@7.0.0-beta.44
45492 silly saveTree | +-- eslint-scope@3.7.1
45492 silly saveTree | | +-- esrecurse@4.3.0
45492 silly saveTree | | | `-- estraverse@5.3.0
45492 silly saveTree | | `-- estraverse@4.3.0
45492 silly saveTree | `-- eslint-visitor-keys@1.3.0
45492 silly saveTree +-- babel-helper-vue-jsx-merge-props@2.0.3
45492 silly saveTree +-- babel-loader@7.1.5
45492 silly saveTree | +-- find-cache-dir@1.0.0
45492 silly saveTree | | +-- commondir@1.0.1
45492 silly saveTree | | +-- make-dir@1.3.0
45492 silly saveTree | | | `-- pify@3.0.0
45492 silly saveTree | | `-- pkg-dir@2.0.0
45492 silly saveTree | |   `-- find-up@2.1.0
45492 silly saveTree | |     `-- locate-path@2.0.0
45492 silly saveTree | |       +-- p-locate@2.0.0
45492 silly saveTree | |       | `-- p-limit@1.3.0
45492 silly saveTree | |       |   `-- p-try@1.0.0
45492 silly saveTree | |       `-- path-exists@3.0.0
45492 silly saveTree | `-- loader-utils@1.4.2
45492 silly saveTree |   +-- big.js@5.2.2
45492 silly saveTree |   +-- emojis-list@3.0.0
45492 silly saveTree |   `-- json5@1.0.2
45492 silly saveTree +-- babel-plugin-istanbul@4.1.6
45492 silly saveTree | +-- babel-plugin-syntax-object-rest-spread@6.13.0
45492 silly saveTree | +-- istanbul-lib-instrument@1.10.2
45492 silly saveTree | | +-- istanbul-lib-coverage@1.2.1
45492 silly saveTree | | `-- semver@5.7.1
45492 silly saveTree | `-- test-exclude@4.2.3
45492 silly saveTree |   +-- arrify@1.0.1
45492 silly saveTree |   +-- micromatch@2.3.11
45492 silly saveTree |   | +-- arr-diff@2.0.0
45492 silly saveTree |   | | `-- arr-flatten@1.1.0
45492 silly saveTree |   | +-- array-unique@0.2.1
45492 silly saveTree |   | +-- braces@1.8.5
45492 silly saveTree |   | | +-- expand-range@1.8.2
45492 silly saveTree |   | | | `-- fill-range@2.2.4
45492 silly saveTree |   | | |   +-- is-number@2.1.0
45492 silly saveTree |   | | |   | `-- kind-of@3.2.2
45492 silly saveTree |   | | |   |   `-- is-buffer@1.1.6
45492 silly saveTree |   | | |   +-- isobject@2.1.0
45492 silly saveTree |   | | |   | `-- isarray@1.0.0
45492 silly saveTree |   | | |   +-- randomatic@3.1.1
45492 silly saveTree |   | | |   | +-- is-number@4.0.0
45492 silly saveTree |   | | |   | +-- kind-of@6.0.3
45492 silly saveTree |   | | |   | `-- math-random@1.0.4
45492 silly saveTree |   | | |   +-- repeat-element@1.1.4
45492 silly saveTree |   | | |   `-- repeat-string@1.6.1
45492 silly saveTree |   | | +-- preserve@0.2.0
45492 silly saveTree |   | | `-- repeat-element@1.1.4
45492 silly saveTree |   | +-- expand-brackets@0.1.5
45492 silly saveTree |   | | `-- is-posix-bracket@0.1.1
45492 silly saveTree |   | +-- extglob@0.3.2
45492 silly saveTree |   | | `-- is-extglob@1.0.0
45492 silly saveTree |   | +-- filename-regex@2.0.1
45492 silly saveTree |   | +-- is-extglob@1.0.0
45492 silly saveTree |   | +-- is-glob@2.0.1
45492 silly saveTree |   | +-- kind-of@3.2.2
45492 silly saveTree |   | +-- normalize-path@2.1.1
45492 silly saveTree |   | | `-- remove-trailing-separator@1.1.0
45492 silly saveTree |   | +-- object.omit@2.0.1
45492 silly saveTree |   | | +-- for-own@0.1.5
45492 silly saveTree |   | | | `-- for-in@1.0.2
45492 silly saveTree |   | | `-- is-extendable@0.1.1
45492 silly saveTree |   | +-- parse-glob@3.0.4
45492 silly saveTree |   | | +-- glob-base@0.3.0
45492 silly saveTree |   | | | `-- glob-parent@2.0.0
45492 silly saveTree |   | | `-- is-dotfile@1.0.3
45492 silly saveTree |   | `-- regex-cache@0.4.4
45492 silly saveTree |   |   `-- is-equal-shallow@0.1.3
45492 silly saveTree |   |     `-- is-primitive@2.0.0
45492 silly saveTree |   +-- object-assign@4.1.1
45492 silly saveTree |   +-- read-pkg-up@1.0.1
45492 silly saveTree |   | +-- find-up@1.1.2
45492 silly saveTree |   | | +-- path-exists@2.1.0
45492 silly saveTree |   | | | `-- pinkie-promise@2.0.1
45492 silly saveTree |   | | |   `-- pinkie@2.0.4
45492 silly saveTree |   | | `-- pinkie-promise@2.0.1
45492 silly saveTree |   | `-- read-pkg@1.1.0
45492 silly saveTree |   |   +-- load-json-file@1.1.0
45492 silly saveTree |   |   | +-- graceful-fs@4.2.11
45492 silly saveTree |   |   | +-- parse-json@2.2.0
45492 silly saveTree |   |   | | `-- error-ex@1.3.2
45492 silly saveTree |   |   | |   `-- is-arrayish@0.2.1
45492 silly saveTree |   |   | +-- pify@2.3.0
45492 silly saveTree |   |   | `-- strip-bom@2.0.0
45492 silly saveTree |   |   |   `-- is-utf8@0.2.1
45492 silly saveTree |   |   +-- normalize-package-data@2.5.0
45492 silly saveTree |   |   | +-- hosted-git-info@2.8.9
45492 silly saveTree |   |   | +-- resolve@1.22.2
45492 silly saveTree |   |   | | +-- is-core-module@2.12.0
45492 silly saveTree |   |   | | | `-- has@1.0.3
45492 silly saveTree |   |   | | |   `-- function-bind@1.1.1
45492 silly saveTree |   |   | | +-- path-parse@1.0.7
45492 silly saveTree |   |   | | `-- supports-preserve-symlinks-flag@1.0.0
45492 silly saveTree |   |   | `-- validate-npm-package-license@3.0.4
45492 silly saveTree |   |   |   +-- spdx-correct@3.2.0
45492 silly saveTree |   |   |   | +-- spdx-expression-parse@3.0.1
45492 silly saveTree |   |   |   | | +-- spdx-exceptions@2.3.0
45492 silly saveTree |   |   |   | | `-- spdx-license-ids@3.0.13
45492 silly saveTree |   |   |   | `-- spdx-license-ids@3.0.13
45492 silly saveTree |   |   |   `-- spdx-expression-parse@3.0.1
45492 silly saveTree |   |   `-- path-type@1.1.0
45492 silly saveTree |   |     `-- pify@2.3.0
45492 silly saveTree |   `-- require-main-filename@1.0.1
45492 silly saveTree +-- babel-plugin-syntax-jsx@6.18.0
45492 silly saveTree +-- babel-plugin-transform-runtime@6.23.0
45492 silly saveTree +-- babel-plugin-transform-vue-jsx@3.7.0
45492 silly saveTree +-- babel-preset-env@1.7.0
45492 silly saveTree | +-- babel-plugin-check-es2015-constants@6.22.0
45492 silly saveTree | +-- babel-plugin-syntax-trailing-function-commas@6.22.0
45492 silly saveTree | +-- babel-plugin-transform-async-to-generator@6.24.1
45492 silly saveTree | | +-- babel-helper-remap-async-to-generator@6.24.1
45492 silly saveTree | | | `-- babel-helper-function-name@6.24.1
45492 silly saveTree | | |   `-- babel-helper-get-function-arity@6.24.1
45492 silly saveTree | | `-- babel-plugin-syntax-async-functions@6.13.0
45492 silly saveTree | +-- babel-plugin-transform-es2015-arrow-functions@6.22.0
45492 silly saveTree | +-- babel-plugin-transform-es2015-block-scoped-functions@6.22.0
45492 silly saveTree | +-- babel-plugin-transform-es2015-block-scoping@6.26.0
45492 silly saveTree | +-- babel-plugin-transform-es2015-classes@6.24.1
45492 silly saveTree | | +-- babel-helper-define-map@6.26.0
45492 silly saveTree | | +-- babel-helper-optimise-call-expression@6.24.1
45492 silly saveTree | | `-- babel-helper-replace-supers@6.24.1
45492 silly saveTree | +-- babel-plugin-transform-es2015-computed-properties@6.24.1
45492 silly saveTree | +-- babel-plugin-transform-es2015-destructuring@6.23.0
45492 silly saveTree | +-- babel-plugin-transform-es2015-duplicate-keys@6.24.1
45492 silly saveTree | +-- babel-plugin-transform-es2015-for-of@6.23.0
45492 silly saveTree | +-- babel-plugin-transform-es2015-function-name@6.24.1
45492 silly saveTree | +-- babel-plugin-transform-es2015-literals@6.22.0
45492 silly saveTree | +-- babel-plugin-transform-es2015-modules-amd@6.24.1
45492 silly saveTree | | `-- babel-plugin-transform-es2015-modules-commonjs@6.26.2
45492 silly saveTree | |   `-- babel-plugin-transform-strict-mode@6.24.1
45492 silly saveTree | +-- babel-plugin-transform-es2015-modules-commonjs@6.26.2
45492 silly saveTree | +-- babel-plugin-transform-es2015-modules-systemjs@6.24.1
45492 silly saveTree | | `-- babel-helper-hoist-variables@6.24.1
45492 silly saveTree | +-- babel-plugin-transform-es2015-modules-umd@6.24.1
45492 silly saveTree | +-- babel-plugin-transform-es2015-object-super@6.24.1
45492 silly saveTree | +-- babel-plugin-transform-es2015-parameters@6.24.1
45492 silly saveTree | | `-- babel-helper-call-delegate@6.24.1
45492 silly saveTree | +-- babel-plugin-transform-es2015-shorthand-properties@6.24.1
45492 silly saveTree | +-- babel-plugin-transform-es2015-spread@6.22.0
45492 silly saveTree | +-- babel-plugin-transform-es2015-sticky-regex@6.24.1
45492 silly saveTree | | `-- babel-helper-regex@6.26.0
45492 silly saveTree | +-- babel-plugin-transform-es2015-template-literals@6.22.0
45492 silly saveTree | +-- babel-plugin-transform-es2015-typeof-symbol@6.23.0
45492 silly saveTree | +-- babel-plugin-transform-es2015-unicode-regex@6.24.1
45492 silly saveTree | | `-- regexpu-core@2.0.0
45492 silly saveTree | |   +-- regenerate@1.4.2
45492 silly saveTree | |   +-- regjsgen@0.2.0
45492 silly saveTree | |   `-- regjsparser@0.1.5
45492 silly saveTree | |     `-- jsesc@0.5.0
45492 silly saveTree | +-- babel-plugin-transform-exponentiation-operator@6.24.1
45492 silly saveTree | | +-- babel-helper-builder-binary-assignment-operator-visitor@6.24.1
45492 silly saveTree | | | `-- babel-helper-explode-assignable-expression@6.24.1
45492 silly saveTree | | `-- babel-plugin-syntax-exponentiation-operator@6.13.0
45492 silly saveTree | +-- babel-plugin-transform-regenerator@6.26.0
45492 silly saveTree | | `-- regenerator-transform@0.10.1
45492 silly saveTree | `-- browserslist@3.2.8
45492 silly saveTree +-- babel-preset-stage-2@6.24.1
45492 silly saveTree | +-- babel-plugin-syntax-dynamic-import@6.18.0
45492 silly saveTree | +-- babel-plugin-transform-class-properties@6.24.1
45492 silly saveTree | | `-- babel-plugin-syntax-class-properties@6.13.0
45492 silly saveTree | +-- babel-plugin-transform-decorators@6.24.1
45492 silly saveTree | | +-- babel-helper-explode-class@6.24.1
45492 silly saveTree | | | `-- babel-helper-bindify-decorators@6.24.1
45492 silly saveTree | | `-- babel-plugin-syntax-decorators@6.13.0
45492 silly saveTree | `-- babel-preset-stage-3@6.24.1
45492 silly saveTree |   +-- babel-plugin-transform-async-generator-functions@6.24.1
45492 silly saveTree |   | `-- babel-plugin-syntax-async-generators@6.13.0
45492 silly saveTree |   `-- babel-plugin-transform-object-rest-spread@6.26.0
45492 silly saveTree +-- chai@4.3.7
45492 silly saveTree | +-- assertion-error@1.1.0
45492 silly saveTree | +-- check-error@1.0.2
45492 silly saveTree | +-- deep-eql@4.1.3
45492 silly saveTree | | `-- type-detect@4.0.8
45492 silly saveTree | +-- get-func-name@2.0.0
45492 silly saveTree | +-- loupe@2.3.6
45492 silly saveTree | +-- pathval@1.1.1
45492 silly saveTree | `-- type-detect@4.0.8
45492 silly saveTree +-- chalk@2.4.2
45492 silly saveTree +-- copy-webpack-plugin@4.6.0
45492 silly saveTree | +-- cacache@10.0.4
45492 silly saveTree | | +-- bluebird@3.7.2
45492 silly saveTree | | +-- chownr@1.1.4
45492 silly saveTree | | +-- glob@7.2.3
45492 silly saveTree | | | +-- fs.realpath@1.0.0
45492 silly saveTree | | | +-- inflight@1.0.6
45492 silly saveTree | | | | +-- once@1.4.0
45492 silly saveTree | | | | | `-- wrappy@1.0.2
45492 silly saveTree | | | | `-- wrappy@1.0.2
45492 silly saveTree | | | +-- inherits@2.0.4
45492 silly saveTree | | | `-- once@1.4.0
45492 silly saveTree | | +-- lru-cache@4.1.5
45492 silly saveTree | | | +-- pseudomap@1.0.2
45492 silly saveTree | | | `-- yallist@2.1.2
45492 silly saveTree | | +-- mississippi@2.0.0
45492 silly saveTree | | | +-- concat-stream@1.6.2
45492 silly saveTree | | | | +-- buffer-from@1.1.2
45492 silly saveTree | | | | +-- readable-stream@2.3.8
45492 silly saveTree | | | | | +-- core-util-is@1.0.3
45492 silly saveTree | | | | | +-- process-nextick-args@2.0.1
45492 silly saveTree | | | | | +-- safe-buffer@5.1.2
45492 silly saveTree | | | | | +-- string_decoder@1.1.1
45492 silly saveTree | | | | | `-- util-deprecate@1.0.2
45492 silly saveTree | | | | `-- typedarray@0.0.6
45492 silly saveTree | | | +-- duplexify@3.7.1
45492 silly saveTree | | | | +-- end-of-stream@1.4.4
45492 silly saveTree | | | | `-- stream-shift@1.0.1
45492 silly saveTree | | | +-- end-of-stream@1.4.4
45492 silly saveTree | | | +-- flush-write-stream@1.1.1
45492 silly saveTree | | | +-- from2@2.3.0
45492 silly saveTree | | | +-- parallel-transform@1.2.0
45492 silly saveTree | | | | `-- cyclist@1.0.1
45492 silly saveTree | | | +-- pump@2.0.1
45492 silly saveTree | | | +-- pumpify@1.5.1
45492 silly saveTree | | | +-- stream-each@1.2.3
45492 silly saveTree | | | `-- through2@2.0.5
45492 silly saveTree | | |   `-- xtend@4.0.2
45492 silly saveTree | | +-- move-concurrently@1.0.1
45492 silly saveTree | | | +-- aproba@1.2.0
45492 silly saveTree | | | +-- copy-concurrently@1.0.5
45492 silly saveTree | | | | +-- fs-write-stream-atomic@1.0.10
45492 silly saveTree | | | | | +-- iferr@0.1.5
45492 silly saveTree | | | | | `-- imurmurhash@0.1.4
45492 silly saveTree | | | | +-- iferr@0.1.5
45492 silly saveTree | | | | +-- rimraf@2.7.1
45492 silly saveTree | | | | `-- run-queue@1.0.3
45492 silly saveTree | | | +-- fs-write-stream-atomic@1.0.10
45492 silly saveTree | | | +-- rimraf@2.7.1
45492 silly saveTree | | | `-- run-queue@1.0.3
45492 silly saveTree | | +-- promise-inflight@1.0.1
45492 silly saveTree | | +-- rimraf@2.7.1
45492 silly saveTree | | +-- ssri@5.3.0
45492 silly saveTree | | +-- unique-filename@1.1.1
45492 silly saveTree | | | `-- unique-slug@2.0.2
45492 silly saveTree | | `-- y18n@4.0.3
45492 silly saveTree | +-- globby@7.1.1
45492 silly saveTree | | +-- array-union@1.0.2
45492 silly saveTree | | | `-- array-uniq@1.0.3
45492 silly saveTree | | +-- dir-glob@2.2.2
45492 silly saveTree | | | `-- path-type@3.0.0
45492 silly saveTree | | `-- ignore@3.3.10
45492 silly saveTree | +-- is-glob@4.0.3
45492 silly saveTree | | `-- is-extglob@2.1.1
45492 silly saveTree | `-- serialize-javascript@1.9.1
45492 silly saveTree +-- cross-env@5.2.1
45492 silly saveTree | `-- cross-spawn@6.0.5
45492 silly saveTree |   +-- nice-try@1.0.5
45492 silly saveTree |   +-- path-key@2.0.1
45492 silly saveTree |   +-- shebang-command@1.2.0
45492 silly saveTree |   | `-- shebang-regex@1.0.0
45492 silly saveTree |   `-- which@1.3.1
45492 silly saveTree |     `-- isexe@2.0.0
45492 silly saveTree +-- css-loader@0.28.11
45492 silly saveTree | +-- css-selector-tokenizer@0.7.3
45492 silly saveTree | | +-- cssesc@3.0.0
45492 silly saveTree | | `-- fastparse@1.1.2
45492 silly saveTree | +-- cssnano@3.10.0
45492 silly saveTree | | +-- autoprefixer@6.7.7
45492 silly saveTree | | | +-- browserslist@1.7.7
45492 silly saveTree | | | | `-- caniuse-db@1.0.30001481
45492 silly saveTree | | | +-- caniuse-db@1.0.30001481
45492 silly saveTree | | | `-- postcss@5.2.18
45492 silly saveTree | | |   +-- chalk@1.1.3
45492 silly saveTree | | |   | +-- ansi-styles@2.2.1
45492 silly saveTree | | |   | `-- supports-color@2.0.0
45492 silly saveTree | | |   +-- js-base64@2.6.4
45492 silly saveTree | | |   +-- source-map@0.5.7
45492 silly saveTree | | |   `-- supports-color@3.2.3
45492 silly saveTree | | |     `-- has-flag@1.0.0
45492 silly saveTree | | +-- decamelize@1.2.0
45492 silly saveTree | | +-- defined@1.0.1
45492 silly saveTree | | +-- postcss-calc@5.3.1
45492 silly saveTree | | | +-- postcss-message-helpers@2.0.0
45492 silly saveTree | | | +-- postcss@5.2.18
45492 silly saveTree | | | | +-- chalk@1.1.3
45492 silly saveTree | | | | | +-- ansi-styles@2.2.1
45492 silly saveTree | | | | | `-- supports-color@2.0.0
45492 silly saveTree | | | | +-- source-map@0.5.7
45492 silly saveTree | | | | `-- supports-color@3.2.3
45492 silly saveTree | | | |   `-- has-flag@1.0.0
45492 silly saveTree | | | `-- reduce-css-calc@1.3.0
45492 silly saveTree | | |   +-- balanced-match@0.4.2
45492 silly saveTree | | |   +-- math-expression-evaluator@1.4.0
45492 silly saveTree | | |   `-- reduce-function-call@1.0.3
45492 silly saveTree | | +-- postcss-colormin@2.2.2
45492 silly saveTree | | | +-- colormin@1.1.2
45492 silly saveTree | | | | +-- color@0.11.4
45492 silly saveTree | | | | | +-- clone@1.0.4
45492 silly saveTree | | | | | `-- color-string@0.3.0
45492 silly saveTree | | | | `-- css-color-names@0.0.4
45492 silly saveTree | | | `-- postcss@5.2.18
45492 silly saveTree | | |   +-- chalk@1.1.3
45492 silly saveTree | | |   | +-- ansi-styles@2.2.1
45492 silly saveTree | | |   | `-- supports-color@2.0.0
45492 silly saveTree | | |   +-- source-map@0.5.7
45492 silly saveTree | | |   `-- supports-color@3.2.3
45492 silly saveTree | | |     `-- has-flag@1.0.0
45492 silly saveTree | | +-- postcss-convert-values@2.6.1
45492 silly saveTree | | | `-- postcss@5.2.18
45492 silly saveTree | | |   +-- chalk@1.1.3
45492 silly saveTree | | |   | +-- ansi-styles@2.2.1
45492 silly saveTree | | |   | `-- supports-color@2.0.0
45492 silly saveTree | | |   +-- source-map@0.5.7
45492 silly saveTree | | |   `-- supports-color@3.2.3
45492 silly saveTree | | |     `-- has-flag@1.0.0
45492 silly saveTree | | +-- postcss-discard-comments@2.0.4
45492 silly saveTree | | | `-- postcss@5.2.18
45492 silly saveTree | | |   +-- chalk@1.1.3
45492 silly saveTree | | |   | +-- ansi-styles@2.2.1
45492 silly saveTree | | |   | `-- supports-color@2.0.0
45492 silly saveTree | | |   +-- source-map@0.5.7
45492 silly saveTree | | |   `-- supports-color@3.2.3
45492 silly saveTree | | |     `-- has-flag@1.0.0
45492 silly saveTree | | +-- postcss-discard-duplicates@2.1.0
45492 silly saveTree | | | `-- postcss@5.2.18
45492 silly saveTree | | |   +-- chalk@1.1.3
45492 silly saveTree | | |   | +-- ansi-styles@2.2.1
45492 silly saveTree | | |   | `-- supports-color@2.0.0
45492 silly saveTree | | |   +-- source-map@0.5.7
45492 silly saveTree | | |   `-- supports-color@3.2.3
45492 silly saveTree | | |     `-- has-flag@1.0.0
45492 silly saveTree | | +-- postcss-discard-empty@2.1.0
45492 silly saveTree | | | `-- postcss@5.2.18
45492 silly saveTree | | |   +-- chalk@1.1.3
45492 silly saveTree | | |   | +-- ansi-styles@2.2.1
45492 silly saveTree | | |   | `-- supports-color@2.0.0
45492 silly saveTree | | |   +-- source-map@0.5.7
45492 silly saveTree | | |   `-- supports-color@3.2.3
45492 silly saveTree | | |     `-- has-flag@1.0.0
45492 silly saveTree | | +-- postcss-discard-overridden@0.1.1
45492 silly saveTree | | | `-- postcss@5.2.18
45492 silly saveTree | | |   +-- chalk@1.1.3
45492 silly saveTree | | |   | +-- ansi-styles@2.2.1
45492 silly saveTree | | |   | `-- supports-color@2.0.0
45492 silly saveTree | | |   +-- source-map@0.5.7
45492 silly saveTree | | |   `-- supports-color@3.2.3
45492 silly saveTree | | |     `-- has-flag@1.0.0
45492 silly saveTree | | +-- postcss-discard-unused@2.2.3
45492 silly saveTree | | | +-- postcss@5.2.18
45492 silly saveTree | | | | +-- chalk@1.1.3
45492 silly saveTree | | | | | +-- ansi-styles@2.2.1
45492 silly saveTree | | | | | `-- supports-color@2.0.0
45492 silly saveTree | | | | +-- source-map@0.5.7
45492 silly saveTree | | | | `-- supports-color@3.2.3
45492 silly saveTree | | | |   `-- has-flag@1.0.0
45492 silly saveTree | | | `-- uniqs@2.0.0
45492 silly saveTree | | +-- postcss-filter-plugins@2.0.3
45492 silly saveTree | | | `-- postcss@5.2.18
45492 silly saveTree | | |   +-- chalk@1.1.3
45492 silly saveTree | | |   | +-- ansi-styles@2.2.1
45492 silly saveTree | | |   | `-- supports-color@2.0.0
45492 silly saveTree | | |   +-- source-map@0.5.7
45492 silly saveTree | | |   `-- supports-color@3.2.3
45492 silly saveTree | | |     `-- has-flag@1.0.0
45492 silly saveTree | | +-- postcss-merge-idents@2.1.7
45492 silly saveTree | | | `-- postcss@5.2.18
45492 silly saveTree | | |   +-- chalk@1.1.3
45492 silly saveTree | | |   | +-- ansi-styles@2.2.1
45492 silly saveTree | | |   | `-- supports-color@2.0.0
45492 silly saveTree | | |   +-- source-map@0.5.7
45492 silly saveTree | | |   `-- supports-color@3.2.3
45492 silly saveTree | | |     `-- has-flag@1.0.0
45492 silly saveTree | | +-- postcss-merge-longhand@2.0.2
45492 silly saveTree | | | `-- postcss@5.2.18
45492 silly saveTree | | |   +-- chalk@1.1.3
45492 silly saveTree | | |   | +-- ansi-styles@2.2.1
45492 silly saveTree | | |   | `-- supports-color@2.0.0
45492 silly saveTree | | |   +-- source-map@0.5.7
45492 silly saveTree | | |   `-- supports-color@3.2.3
45492 silly saveTree | | |     `-- has-flag@1.0.0
45492 silly saveTree | | +-- postcss-merge-rules@2.1.2
45492 silly saveTree | | | +-- browserslist@1.7.7
45492 silly saveTree | | | +-- caniuse-api@1.6.1
45492 silly saveTree | | | | +-- browserslist@1.7.7
45492 silly saveTree | | | | +-- lodash.memoize@4.1.2
45492 silly saveTree | | | | `-- lodash.uniq@4.5.0
45492 silly saveTree | | | +-- postcss-selector-parser@2.2.3
45492 silly saveTree | | | | +-- flatten@1.0.3
45492 silly saveTree | | | | +-- indexes-of@1.0.1
45492 silly saveTree | | | | `-- uniq@1.0.1
45492 silly saveTree | | | +-- postcss@5.2.18
45492 silly saveTree | | | | +-- chalk@1.1.3
45492 silly saveTree | | | | | +-- ansi-styles@2.2.1
45492 silly saveTree | | | | | `-- supports-color@2.0.0
45492 silly saveTree | | | | +-- source-map@0.5.7
45492 silly saveTree | | | | `-- supports-color@3.2.3
45492 silly saveTree | | | |   `-- has-flag@1.0.0
45492 silly saveTree | | | `-- vendors@1.0.4
45492 silly saveTree | | +-- postcss-minify-font-values@1.0.5
45492 silly saveTree | | | `-- postcss@5.2.18
45492 silly saveTree | | |   +-- chalk@1.1.3
45492 silly saveTree | | |   | +-- ansi-styles@2.2.1
45492 silly saveTree | | |   | `-- supports-color@2.0.0
45492 silly saveTree | | |   +-- source-map@0.5.7
45492 silly saveTree | | |   `-- supports-color@3.2.3
45492 silly saveTree | | |     `-- has-flag@1.0.0
45492 silly saveTree | | +-- postcss-minify-gradients@1.0.5
45492 silly saveTree | | | `-- postcss@5.2.18
45492 silly saveTree | | |   +-- chalk@1.1.3
45492 silly saveTree | | |   | +-- ansi-styles@2.2.1
45492 silly saveTree | | |   | `-- supports-color@2.0.0
45492 silly saveTree | | |   +-- source-map@0.5.7
45492 silly saveTree | | |   `-- supports-color@3.2.3
45492 silly saveTree | | |     `-- has-flag@1.0.0
45492 silly saveTree | | +-- postcss-minify-params@1.2.2
45492 silly saveTree | | | +-- alphanum-sort@1.0.2
45492 silly saveTree | | | `-- postcss@5.2.18
45492 silly saveTree | | |   +-- chalk@1.1.3
45492 silly saveTree | | |   | +-- ansi-styles@2.2.1
45492 silly saveTree | | |   | `-- supports-color@2.0.0
45492 silly saveTree | | |   +-- source-map@0.5.7
45492 silly saveTree | | |   `-- supports-color@3.2.3
45492 silly saveTree | | |     `-- has-flag@1.0.0
45492 silly saveTree | | +-- postcss-minify-selectors@2.1.1
45492 silly saveTree | | | `-- postcss@5.2.18
45492 silly saveTree | | |   +-- chalk@1.1.3
45492 silly saveTree | | |   | +-- ansi-styles@2.2.1
45492 silly saveTree | | |   | `-- supports-color@2.0.0
45492 silly saveTree | | |   +-- source-map@0.5.7
45492 silly saveTree | | |   `-- supports-color@3.2.3
45492 silly saveTree | | |     `-- has-flag@1.0.0
45492 silly saveTree | | +-- postcss-normalize-charset@1.1.1
45492 silly saveTree | | | `-- postcss@5.2.18
45492 silly saveTree | | |   +-- chalk@1.1.3
45492 silly saveTree | | |   | +-- ansi-styles@2.2.1
45492 silly saveTree | | |   | `-- supports-color@2.0.0
45492 silly saveTree | | |   +-- source-map@0.5.7
45492 silly saveTree | | |   `-- supports-color@3.2.3
45492 silly saveTree | | |     `-- has-flag@1.0.0
45492 silly saveTree | | +-- postcss-normalize-url@3.0.8
45492 silly saveTree | | | +-- is-absolute-url@2.1.0
45492 silly saveTree | | | +-- normalize-url@1.9.1
45492 silly saveTree | | | | +-- prepend-http@1.0.4
45492 silly saveTree | | | | +-- query-string@4.3.4
45492 silly saveTree | | | | | `-- strict-uri-encode@1.1.0
45492 silly saveTree | | | | `-- sort-keys@1.1.2
45492 silly saveTree | | | |   `-- is-plain-obj@1.1.0
45492 silly saveTree | | | `-- postcss@5.2.18
45492 silly saveTree | | |   +-- chalk@1.1.3
45492 silly saveTree | | |   | +-- ansi-styles@2.2.1
45492 silly saveTree | | |   | `-- supports-color@2.0.0
45492 silly saveTree | | |   +-- source-map@0.5.7
45492 silly saveTree | | |   `-- supports-color@3.2.3
45492 silly saveTree | | |     `-- has-flag@1.0.0
45492 silly saveTree | | +-- postcss-ordered-values@2.2.3
45492 silly saveTree | | | `-- postcss@5.2.18
45492 silly saveTree | | |   +-- chalk@1.1.3
45492 silly saveTree | | |   | +-- ansi-styles@2.2.1
45492 silly saveTree | | |   | `-- supports-color@2.0.0
45492 silly saveTree | | |   +-- source-map@0.5.7
45492 silly saveTree | | |   `-- supports-color@3.2.3
45492 silly saveTree | | |     `-- has-flag@1.0.0
45492 silly saveTree | | +-- postcss-reduce-idents@2.4.0
45492 silly saveTree | | | `-- postcss@5.2.18
45492 silly saveTree | | |   +-- chalk@1.1.3
45492 silly saveTree | | |   | +-- ansi-styles@2.2.1
45492 silly saveTree | | |   | `-- supports-color@2.0.0
45492 silly saveTree | | |   +-- source-map@0.5.7
45492 silly saveTree | | |   `-- supports-color@3.2.3
45492 silly saveTree | | |     `-- has-flag@1.0.0
45492 silly saveTree | | +-- postcss-reduce-initial@1.0.1
45492 silly saveTree | | | `-- postcss@5.2.18
45492 silly saveTree | | |   +-- chalk@1.1.3
45492 silly saveTree | | |   | +-- ansi-styles@2.2.1
45492 silly saveTree | | |   | `-- supports-color@2.0.0
45492 silly saveTree | | |   +-- source-map@0.5.7
45492 silly saveTree | | |   `-- supports-color@3.2.3
45492 silly saveTree | | |     `-- has-flag@1.0.0
45492 silly saveTree | | +-- postcss-reduce-transforms@1.0.4
45492 silly saveTree | | | `-- postcss@5.2.18
45492 silly saveTree | | |   +-- chalk@1.1.3
45492 silly saveTree | | |   | +-- ansi-styles@2.2.1
45492 silly saveTree | | |   | `-- supports-color@2.0.0
45492 silly saveTree | | |   +-- source-map@0.5.7
45492 silly saveTree | | |   `-- supports-color@3.2.3
45492 silly saveTree | | |     `-- has-flag@1.0.0
45492 silly saveTree | | +-- postcss-svgo@2.1.6
45492 silly saveTree | | | +-- is-svg@2.1.0
45492 silly saveTree | | | | `-- html-comment-regex@1.1.2
45492 silly saveTree | | | +-- postcss@5.2.18
45492 silly saveTree | | | | +-- chalk@1.1.3
45492 silly saveTree | | | | | +-- ansi-styles@2.2.1
45492 silly saveTree | | | | | `-- supports-color@2.0.0
45492 silly saveTree | | | | +-- source-map@0.5.7
45492 silly saveTree | | | | `-- supports-color@3.2.3
45492 silly saveTree | | | |   `-- has-flag@1.0.0
45492 silly saveTree | | | `-- svgo@0.7.2
45492 silly saveTree | | |   +-- coa@1.0.4
45492 silly saveTree | | |   | `-- q@1.5.1
45492 silly saveTree | | |   +-- colors@1.1.2
45492 silly saveTree | | |   +-- csso@2.3.2
45492 silly saveTree | | |   | +-- clap@1.2.3
45492 silly saveTree | | |   | | `-- chalk@1.1.3
45492 silly saveTree | | |   | |   +-- ansi-styles@2.2.1
45492 silly saveTree | | |   | |   `-- supports-color@2.0.0
45492 silly saveTree | | |   | `-- source-map@0.5.7
45492 silly saveTree | | |   +-- js-yaml@3.7.0
45492 silly saveTree | | |   | +-- argparse@1.0.10
45492 silly saveTree | | |   | | `-- sprintf-js@1.0.3
45492 silly saveTree | | |   | `-- esprima@2.7.3
45492 silly saveTree | | |   +-- sax@1.2.4
45492 silly saveTree | | |   `-- whet.extend@0.9.9
45492 silly saveTree | | +-- postcss-unique-selectors@2.0.2
45492 silly saveTree | | | `-- postcss@5.2.18
45492 silly saveTree | | |   +-- chalk@1.1.3
45492 silly saveTree | | |   | +-- ansi-styles@2.2.1
45492 silly saveTree | | |   | `-- supports-color@2.0.0
45492 silly saveTree | | |   +-- source-map@0.5.7
45492 silly saveTree | | |   `-- supports-color@3.2.3
45492 silly saveTree | | |     `-- has-flag@1.0.0
45492 silly saveTree | | +-- postcss-zindex@2.2.0
45492 silly saveTree | | | `-- postcss@5.2.18
45492 silly saveTree | | |   +-- chalk@1.1.3
45492 silly saveTree | | |   | +-- ansi-styles@2.2.1
45492 silly saveTree | | |   | `-- supports-color@2.0.0
45492 silly saveTree | | |   +-- source-map@0.5.7
45492 silly saveTree | | |   `-- supports-color@3.2.3
45492 silly saveTree | | |     `-- has-flag@1.0.0
45492 silly saveTree | | `-- postcss@5.2.18
45492 silly saveTree | +-- icss-utils@2.1.0
45492 silly saveTree | | `-- postcss@6.0.23
45492 silly saveTree | +-- lodash.camelcase@4.3.0
45492 silly saveTree | +-- postcss-modules-extract-imports@1.2.1
45492 silly saveTree | | `-- postcss@6.0.23
45492 silly saveTree | +-- postcss-modules-local-by-default@1.2.0
45492 silly saveTree | | `-- postcss@6.0.23
45492 silly saveTree | +-- postcss-modules-scope@1.1.0
45492 silly saveTree | | `-- postcss@6.0.23
45492 silly saveTree | +-- postcss-modules-values@1.3.0
45492 silly saveTree | | +-- icss-replace-symbols@1.1.0
45492 silly saveTree | | `-- postcss@6.0.23
45492 silly saveTree | +-- postcss@5.2.18
45492 silly saveTree | | +-- chalk@1.1.3
45492 silly saveTree | | | +-- ansi-styles@2.2.1
45492 silly saveTree | | | `-- supports-color@2.0.0
45492 silly saveTree | | +-- source-map@0.5.7
45492 silly saveTree | | `-- supports-color@3.2.3
45492 silly saveTree | |   `-- has-flag@1.0.0
45492 silly saveTree | `-- source-list-map@2.0.1
45492 silly saveTree +-- element-ui@2.15.13
45492 silly saveTree | +-- async-validator@1.8.5
45492 silly saveTree | +-- deepmerge@1.5.2
45492 silly saveTree | +-- normalize-wheel@1.0.1
45492 silly saveTree | +-- resize-observer-polyfill@1.5.1
45492 silly saveTree | `-- throttle-debounce@1.1.0
45492 silly saveTree +-- eslint-config-standard@10.2.1
45492 silly saveTree +-- eslint-friendly-formatter@3.0.0
45492 silly saveTree | +-- chalk@1.1.3
45492 silly saveTree | | +-- ansi-styles@2.2.1
45492 silly saveTree | | `-- supports-color@2.0.0
45492 silly saveTree | +-- coalescy@1.0.0
45492 silly saveTree | +-- extend@3.0.2
45492 silly saveTree | `-- text-table@0.2.0
45492 silly saveTree +-- eslint-loader@1.9.0
45492 silly saveTree | +-- loader-fs-cache@1.0.3
45492 silly saveTree | | `-- find-cache-dir@0.1.1
45492 silly saveTree | |   `-- pkg-dir@1.0.0
45492 silly saveTree | |     `-- find-up@1.1.2
45492 silly saveTree | |       `-- path-exists@2.1.0
45492 silly saveTree | `-- object-hash@1.3.1
45492 silly saveTree +-- eslint-plugin-import@2.27.5
45492 silly saveTree | +-- array-includes@3.1.6
45492 silly saveTree | | +-- call-bind@1.0.2
45492 silly saveTree | | | `-- get-intrinsic@1.2.0
45492 silly saveTree | | |   `-- has-symbols@1.0.3
45492 silly saveTree | | +-- define-properties@1.2.0
45492 silly saveTree | | | +-- has-property-descriptors@1.0.0
45492 silly saveTree | | | `-- object-keys@1.1.1
45492 silly saveTree | | +-- es-abstract@1.21.2
45492 silly saveTree | | | +-- array-buffer-byte-length@1.0.0
45492 silly saveTree | | | | `-- is-array-buffer@3.0.2
45492 silly saveTree | | | |   `-- is-typed-array@1.1.10
45492 silly saveTree | | | |     +-- available-typed-arrays@1.0.5
45492 silly saveTree | | | |     +-- for-each@0.3.3
45492 silly saveTree | | | |     | `-- is-callable@1.2.7
45492 silly saveTree | | | |     +-- gopd@1.0.1
45492 silly saveTree | | | |     `-- has-tostringtag@1.0.0
45492 silly saveTree | | | +-- available-typed-arrays@1.0.5
45492 silly saveTree | | | +-- es-set-tostringtag@2.0.1
45492 silly saveTree | | | +-- es-to-primitive@1.2.1
45492 silly saveTree | | | | +-- is-date-object@1.0.5
45492 silly saveTree | | | | `-- is-symbol@1.0.4
45492 silly saveTree | | | +-- function.prototype.name@1.1.5
45492 silly saveTree | | | | `-- functions-have-names@1.2.3
45492 silly saveTree | | | +-- get-symbol-description@1.0.0
45492 silly saveTree | | | +-- globalthis@1.0.3
45492 silly saveTree | | | +-- gopd@1.0.1
45492 silly saveTree | | | +-- has-proto@1.0.1
45492 silly saveTree | | | +-- internal-slot@1.0.5
45492 silly saveTree | | | | `-- side-channel@1.0.4
45492 silly saveTree | | | |   `-- object-inspect@1.12.3
45492 silly saveTree | | | +-- is-array-buffer@3.0.2
45492 silly saveTree | | | +-- is-callable@1.2.7
45492 silly saveTree | | | +-- is-negative-zero@2.0.2
45492 silly saveTree | | | +-- is-regex@1.1.4
45492 silly saveTree | | | +-- is-shared-array-buffer@1.0.2
45492 silly saveTree | | | +-- is-string@1.0.7
45492 silly saveTree | | | +-- is-typed-array@1.1.10
45492 silly saveTree | | | +-- is-weakref@1.0.2
45492 silly saveTree | | | +-- object-inspect@1.12.3
45492 silly saveTree | | | +-- object.assign@4.1.4
45492 silly saveTree | | | +-- regexp.prototype.flags@1.5.0
45492 silly saveTree | | | +-- safe-regex-test@1.0.0
45492 silly saveTree | | | +-- string.prototype.trim@1.2.7
45492 silly saveTree | | | +-- string.prototype.trimend@1.0.6
45492 silly saveTree | | | +-- string.prototype.trimstart@1.0.6
45492 silly saveTree | | | +-- typed-array-length@1.0.4
45492 silly saveTree | | | +-- unbox-primitive@1.0.2
45492 silly saveTree | | | | +-- has-bigints@1.0.2
45492 silly saveTree | | | | `-- which-boxed-primitive@1.0.2
45492 silly saveTree | | | |   +-- is-bigint@1.0.4
45492 silly saveTree | | | |   +-- is-boolean-object@1.1.2
45492 silly saveTree | | | |   `-- is-number-object@1.0.7
45492 silly saveTree | | | `-- which-typed-array@1.1.9
45492 silly saveTree | | +-- get-intrinsic@1.2.0
45492 silly saveTree | | `-- is-string@1.0.7
45492 silly saveTree | +-- array.prototype.flat@1.3.1
45492 silly saveTree | | `-- es-shim-unscopables@1.0.0
45492 silly saveTree | +-- array.prototype.flatmap@1.3.1
45492 silly saveTree | +-- debug@3.2.7
45492 silly saveTree | | `-- ms@2.1.3
45492 silly saveTree | +-- doctrine@2.1.0
45492 silly saveTree | +-- eslint-import-resolver-node@0.3.7
45492 silly saveTree | | `-- debug@3.2.7
45492 silly saveTree | |   `-- ms@2.1.3
45492 silly saveTree | +-- eslint-module-utils@2.8.0
45492 silly saveTree | | `-- debug@3.2.7
45492 silly saveTree | |   `-- ms@2.1.3
45492 silly saveTree | +-- is-glob@4.0.3
45492 silly saveTree | | `-- is-extglob@2.1.1
45492 silly saveTree | +-- object.values@1.1.6
45492 silly saveTree | +-- semver@6.3.0
45492 silly saveTree | `-- tsconfig-paths@3.14.2
45492 silly saveTree |   +-- @types/json5@0.0.29
45492 silly saveTree |   +-- json5@1.0.2
45492 silly saveTree |   `-- strip-bom@3.0.0
45492 silly saveTree +-- eslint-plugin-node@5.2.1
45492 silly saveTree | `-- semver@5.3.0
45492 silly saveTree +-- eslint-plugin-promise@3.8.0
45492 silly saveTree +-- eslint-plugin-standard@3.1.0
45492 silly saveTree +-- eslint-plugin-vue@4.7.1
45492 silly saveTree | `-- vue-eslint-parser@2.0.3
45492 silly saveTree |   +-- debug@3.2.7
45492 silly saveTree |   | `-- ms@2.1.3
45492 silly saveTree |   +-- espree@3.5.4
45492 silly saveTree |   | +-- acorn-jsx@3.0.1
45492 silly saveTree |   | | `-- acorn@3.3.0
45492 silly saveTree |   | `-- acorn@5.7.4
45492 silly saveTree |   `-- esquery@1.5.0
45492 silly saveTree |     `-- estraverse@5.3.0
45492 silly saveTree +-- eslint@4.19.1
45492 silly saveTree | +-- ajv@5.5.2
45492 silly saveTree | | +-- co@4.6.0
45492 silly saveTree | | +-- fast-deep-equal@1.1.0
45492 silly saveTree | | +-- fast-json-stable-stringify@2.1.0
45492 silly saveTree | | `-- json-schema-traverse@0.3.1
45492 silly saveTree | +-- cross-spawn@5.1.0
45492 silly saveTree | +-- debug@3.2.7
45492 silly saveTree | | `-- ms@2.1.3
45492 silly saveTree | +-- file-entry-cache@2.0.0
45492 silly saveTree | | `-- flat-cache@1.3.4
45492 silly saveTree | |   +-- circular-json@0.3.3
45492 silly saveTree | |   +-- rimraf@2.6.3
45492 silly saveTree | |   `-- write@0.2.1
45492 silly saveTree | +-- functional-red-black-tree@1.0.1
45492 silly saveTree | +-- globals@11.12.0
45492 silly saveTree | +-- inquirer@3.3.0
45492 silly saveTree | | +-- ansi-escapes@3.2.0
45492 silly saveTree | | +-- cli-cursor@2.1.0
45492 silly saveTree | | | `-- restore-cursor@2.0.0
45492 silly saveTree | | |   +-- onetime@2.0.1
45492 silly saveTree | | |   | `-- mimic-fn@1.2.0
45492 silly saveTree | | |   `-- signal-exit@3.0.7
45492 silly saveTree | | +-- cli-width@2.2.1
45492 silly saveTree | | +-- external-editor@2.2.0
45492 silly saveTree | | | +-- chardet@0.4.2
45492 silly saveTree | | | +-- iconv-lite@0.4.24
45492 silly saveTree | | | | `-- safer-buffer@2.1.2
45492 silly saveTree | | | `-- tmp@0.0.33
45492 silly saveTree | | +-- figures@2.0.0
45492 silly saveTree | | +-- mute-stream@0.0.7
45492 silly saveTree | | +-- run-async@2.4.1
45492 silly saveTree | | +-- rx-lite-aggregates@4.0.8
45492 silly saveTree | | | `-- rx-lite@4.0.8
45492 silly saveTree | | +-- rx-lite@4.0.8
45492 silly saveTree | | +-- string-width@2.1.1
45492 silly saveTree | | | +-- is-fullwidth-code-point@2.0.0
45492 silly saveTree | | | `-- strip-ansi@4.0.0
45492 silly saveTree | | |   `-- ansi-regex@3.0.1
45492 silly saveTree | | +-- strip-ansi@4.0.0
45492 silly saveTree | | | `-- ansi-regex@3.0.1
45492 silly saveTree | | `-- through@2.3.8
45492 silly saveTree | +-- is-resolvable@1.1.0
45492 silly saveTree | +-- js-yaml@3.14.1
45492 silly saveTree | | `-- esprima@4.0.1
45492 silly saveTree | +-- json-stable-stringify-without-jsonify@1.0.1
45492 silly saveTree | +-- levn@0.3.0
45492 silly saveTree | | +-- prelude-ls@1.1.2
45492 silly saveTree | | `-- type-check@0.3.2
45492 silly saveTree | +-- natural-compare@1.4.0
45492 silly saveTree | +-- optionator@0.8.3
45492 silly saveTree | | +-- deep-is@0.1.4
45492 silly saveTree | | +-- fast-levenshtein@2.0.6
45492 silly saveTree | | `-- word-wrap@1.2.3
45492 silly saveTree | +-- path-is-inside@1.0.2
45492 silly saveTree | +-- pluralize@7.0.0
45492 silly saveTree | +-- progress@2.0.3
45492 silly saveTree | +-- regexpp@1.1.0
45492 silly saveTree | +-- require-uncached@1.0.3
45492 silly saveTree | | +-- caller-path@0.1.0
45492 silly saveTree | | | `-- callsites@0.2.0
45492 silly saveTree | | `-- resolve-from@1.0.1
45492 silly saveTree | +-- strip-ansi@4.0.0
45492 silly saveTree | | `-- ansi-regex@3.0.1
45492 silly saveTree | +-- strip-json-comments@2.0.1
45492 silly saveTree | `-- table@4.0.2
45492 silly saveTree |   +-- ajv-keywords@2.1.1
45492 silly saveTree |   `-- slice-ansi@1.0.0
45492 silly saveTree +-- extract-text-webpack-plugin@3.0.2
45492 silly saveTree | +-- async@2.6.4
45492 silly saveTree | +-- schema-utils@0.3.0
45492 silly saveTree | `-- webpack-sources@1.4.3
45492 silly saveTree +-- file-loader@1.1.11
45492 silly saveTree | `-- schema-utils@0.4.7
45492 silly saveTree |   +-- ajv-keywords@3.5.2
45492 silly saveTree |   `-- ajv@6.12.6
45492 silly saveTree |     +-- fast-deep-equal@3.1.3
45492 silly saveTree |     +-- json-schema-traverse@0.4.1
45492 silly saveTree |     `-- uri-js@4.4.1
45492 silly saveTree |       `-- punycode@2.3.0
45492 silly saveTree +-- friendly-errors-webpack-plugin@1.7.0
45492 silly saveTree | +-- chalk@1.1.3
45492 silly saveTree | | +-- ansi-styles@2.2.1
45492 silly saveTree | | `-- supports-color@2.0.0
45492 silly saveTree | `-- error-stack-parser@2.1.4
45492 silly saveTree |   `-- stackframe@1.3.4
45492 silly saveTree +-- html-webpack-plugin@2.30.1
45492 silly saveTree | +-- html-minifier@3.5.21
45492 silly saveTree | | +-- camel-case@3.0.0
45492 silly saveTree | | | +-- no-case@2.3.2
45492 silly saveTree | | | | `-- lower-case@1.1.4
45492 silly saveTree | | | `-- upper-case@1.1.3
45492 silly saveTree | | +-- clean-css@4.2.4
45492 silly saveTree | | +-- commander@2.17.1
45492 silly saveTree | | +-- he@1.2.0
45492 silly saveTree | | +-- param-case@2.1.1
45492 silly saveTree | | +-- relateurl@0.2.7
45492 silly saveTree | | `-- uglify-js@3.4.10
45492 silly saveTree | |   `-- commander@2.19.0
45492 silly saveTree | +-- loader-utils@0.2.17
45492 silly saveTree | | +-- big.js@3.2.0
45492 silly saveTree | | `-- emojis-list@2.1.0
45492 silly saveTree | +-- pretty-error@2.1.2
45492 silly saveTree | | `-- renderkid@2.0.7
45492 silly saveTree | |   +-- css-select@4.3.0
45492 silly saveTree | |   | +-- boolbase@1.0.0
45492 silly saveTree | |   | +-- css-what@6.1.0
45492 silly saveTree | |   | +-- domhandler@4.3.1
45492 silly saveTree | |   | | `-- domelementtype@2.3.0
45492 silly saveTree | |   | +-- domutils@2.8.0
45492 silly saveTree | |   | | `-- dom-serializer@1.4.1
45492 silly saveTree | |   | |   `-- entities@2.2.0
45492 silly saveTree | |   | `-- nth-check@2.1.1
45492 silly saveTree | |   +-- dom-converter@0.2.0
45492 silly saveTree | |   | `-- utila@0.4.0
45492 silly saveTree | |   `-- htmlparser2@6.1.0
45492 silly saveTree | `-- toposort@1.0.7
45492 silly saveTree +-- inject-loader@3.0.1
45492 silly saveTree +-- karma-coverage@1.1.2
45492 silly saveTree | +-- dateformat@1.0.12
45492 silly saveTree | | +-- get-stdin@4.0.1
45492 silly saveTree | | `-- meow@3.7.0
45492 silly saveTree | |   +-- camelcase-keys@2.1.0
45492 silly saveTree | |   | +-- camelcase@2.1.1
45492 silly saveTree | |   | `-- map-obj@1.0.1
45492 silly saveTree | |   +-- loud-rejection@1.6.0
45492 silly saveTree | |   | `-- currently-unhandled@0.4.1
45492 silly saveTree | |   |   `-- array-find-index@1.0.2
45492 silly saveTree | |   +-- map-obj@1.0.1
45492 silly saveTree | |   +-- redent@1.0.0
45492 silly saveTree | |   | +-- indent-string@2.1.0
45492 silly saveTree | |   | `-- strip-indent@1.0.1
45492 silly saveTree | |   `-- trim-newlines@1.0.0
45492 silly saveTree | +-- istanbul@0.4.5
45492 silly saveTree | | +-- abbrev@1.0.9
45492 silly saveTree | | +-- async@1.5.2
45492 silly saveTree | | +-- escodegen@1.8.1
45492 silly saveTree | | | +-- estraverse@1.9.3
45492 silly saveTree | | | `-- source-map@0.2.0
45492 silly saveTree | | |   `-- amdefine@1.0.1
45492 silly saveTree | | +-- glob@5.0.15
45492 silly saveTree | | +-- handlebars@4.7.7
45492 silly saveTree | | | +-- neo-async@2.6.2
45492 silly saveTree | | | `-- wordwrap@1.0.0
45492 silly saveTree | | +-- nopt@3.0.6
45492 silly saveTree | | +-- resolve@1.1.7
45492 silly saveTree | | +-- supports-color@3.2.3
45492 silly saveTree | | | `-- has-flag@1.0.0
45492 silly saveTree | | `-- wordwrap@1.0.0
45492 silly saveTree | `-- source-map@0.5.7
45492 silly saveTree +-- karma-mocha@1.3.0
45492 silly saveTree | `-- minimist@1.2.0
45492 silly saveTree +-- karma-phantomjs-launcher@1.0.4
45492 silly saveTree | `-- phantomjs-prebuilt@2.1.16
45492 silly saveTree |   +-- es6-promise@4.2.8
45492 silly saveTree |   +-- extract-zip@1.7.0
45492 silly saveTree |   | `-- yauzl@2.10.0
45492 silly saveTree |   |   +-- buffer-crc32@0.2.13
45492 silly saveTree |   |   `-- fd-slicer@1.1.0
45492 silly saveTree |   |     `-- pend@1.2.0
45492 silly saveTree |   +-- fs-extra@1.0.0
45492 silly saveTree |   | +-- jsonfile@2.4.0
45492 silly saveTree |   | `-- klaw@1.3.1
45492 silly saveTree |   +-- hasha@2.2.0
45492 silly saveTree |   | `-- is-stream@1.1.0
45492 silly saveTree |   +-- kew@0.7.0
45492 silly saveTree |   +-- progress@1.1.8
45492 silly saveTree |   +-- request-progress@2.0.1
45492 silly saveTree |   | `-- throttleit@1.0.0
45492 silly saveTree |   `-- request@2.88.2
45492 silly saveTree |     +-- aws-sign2@0.7.0
45492 silly saveTree |     +-- aws4@1.12.0
45492 silly saveTree |     +-- caseless@0.12.0
45492 silly saveTree |     +-- combined-stream@1.0.8
45492 silly saveTree |     | `-- delayed-stream@1.0.0
45492 silly saveTree |     +-- forever-agent@0.6.1
45492 silly saveTree |     +-- form-data@2.3.3
45492 silly saveTree |     | +-- asynckit@0.4.0
45492 silly saveTree |     | `-- mime-types@2.1.35
45492 silly saveTree |     |   `-- mime-db@1.52.0
45492 silly saveTree |     +-- har-validator@5.1.5
45492 silly saveTree |     | +-- ajv@6.12.6
45492 silly saveTree |     | | +-- fast-deep-equal@3.1.3
45492 silly saveTree |     | | `-- json-schema-traverse@0.4.1
45492 silly saveTree |     | `-- har-schema@2.0.0
45492 silly saveTree |     +-- http-signature@1.2.0
45492 silly saveTree |     | +-- assert-plus@1.0.0
45492 silly saveTree |     | +-- jsprim@1.4.2
45492 silly saveTree |     | | +-- extsprintf@1.3.0
45492 silly saveTree |     | | +-- json-schema@0.4.0
45492 silly saveTree |     | | `-- verror@1.10.0
45492 silly saveTree |     | |   `-- core-util-is@1.0.2
45492 silly saveTree |     | `-- sshpk@1.17.0
45492 silly saveTree |     |   +-- asn1@0.2.6
45492 silly saveTree |     |   +-- bcrypt-pbkdf@1.0.2
45492 silly saveTree |     |   | `-- tweetnacl@0.14.5
45492 silly saveTree |     |   +-- dashdash@1.14.1
45492 silly saveTree |     |   +-- ecc-jsbn@0.1.2
45492 silly saveTree |     |   | `-- jsbn@0.1.1
45492 silly saveTree |     |   +-- getpass@0.1.7
45492 silly saveTree |     |   +-- jsbn@0.1.1
45492 silly saveTree |     |   `-- tweetnacl@0.14.5
45492 silly saveTree |     +-- is-typedarray@1.0.0
45492 silly saveTree |     +-- isstream@0.1.2
45492 silly saveTree |     +-- json-stringify-safe@5.0.1
45492 silly saveTree |     +-- mime-types@2.1.35
45492 silly saveTree |     +-- oauth-sign@0.9.0
45492 silly saveTree |     +-- performance-now@2.1.0
45492 silly saveTree |     +-- qs@6.5.3
45492 silly saveTree |     +-- tough-cookie@2.5.0
45492 silly saveTree |     | `-- psl@1.9.0
45492 silly saveTree |     +-- tunnel-agent@0.6.0
45492 silly saveTree |     `-- uuid@3.4.0
45492 silly saveTree +-- karma-phantomjs-shim@1.5.0
45492 silly saveTree +-- karma-sinon-chai@1.3.4
45492 silly saveTree | `-- lolex@1.6.0
45492 silly saveTree +-- karma-sourcemap-loader@0.3.8
45492 silly saveTree +-- karma-spec-reporter@0.0.31
45492 silly saveTree +-- karma-webpack@2.0.13
45492 silly saveTree | +-- source-map@0.5.7
45492 silly saveTree | `-- webpack-dev-middleware@1.12.2
45492 silly saveTree |   +-- memory-fs@0.4.1
45492 silly saveTree |   | `-- errno@0.1.8
45492 silly saveTree |   |   `-- prr@1.0.1
45492 silly saveTree |   +-- mime@1.6.0
45492 silly saveTree |   +-- range-parser@1.2.1
45492 silly saveTree |   `-- time-stamp@2.2.0
45492 silly saveTree +-- karma@1.7.1
45492 silly saveTree | +-- body-parser@1.20.2
45492 silly saveTree | | +-- bytes@3.1.2
45492 silly saveTree | | +-- content-type@1.0.5
45492 silly saveTree | | +-- depd@2.0.0
45492 silly saveTree | | +-- destroy@1.2.0
45492 silly saveTree | | +-- http-errors@2.0.0
45492 silly saveTree | | | +-- setprototypeof@1.2.0
45492 silly saveTree | | | +-- statuses@2.0.1
45492 silly saveTree | | | `-- toidentifier@1.0.1
45492 silly saveTree | | +-- on-finished@2.4.1
45492 silly saveTree | | | `-- ee-first@1.1.1
45492 silly saveTree | | +-- qs@6.11.0
45492 silly saveTree | | +-- raw-body@2.5.2
45492 silly saveTree | | | `-- unpipe@1.0.0
45492 silly saveTree | | +-- type-is@1.6.18
45492 silly saveTree | | | `-- media-typer@0.3.0
45492 silly saveTree | | `-- unpipe@1.0.0
45492 silly saveTree | +-- chokidar@1.7.0
45492 silly saveTree | | +-- anymatch@1.3.2
45492 silly saveTree | | +-- async-each@1.0.6
45492 silly saveTree | | +-- fsevents@1.2.13
45492 silly saveTree | | | +-- bindings@1.5.0
45492 silly saveTree | | | | `-- file-uri-to-path@1.0.0
45492 silly saveTree | | | `-- nan@2.17.0
45492 silly saveTree | | +-- is-binary-path@1.0.1
45492 silly saveTree | | | `-- binary-extensions@1.13.1
45492 silly saveTree | | `-- readdirp@2.2.1
45492 silly saveTree | |   `-- micromatch@3.1.10
45492 silly saveTree | |     +-- arr-diff@4.0.0
45492 silly saveTree | |     +-- array-unique@0.3.2
45492 silly saveTree | |     +-- braces@2.3.2
45492 silly saveTree | |     | +-- extend-shallow@2.0.1
45492 silly saveTree | |     | +-- fill-range@4.0.0
45492 silly saveTree | |     | | +-- extend-shallow@2.0.1
45492 silly saveTree | |     | | +-- is-number@3.0.0
45492 silly saveTree | |     | | | `-- kind-of@3.2.2
45492 silly saveTree | |     | | `-- to-regex-range@2.1.1
45492 silly saveTree | |     | |   `-- is-number@3.0.0
45492 silly saveTree | |     | +-- isobject@3.0.1
45492 silly saveTree | |     | +-- snapdragon-node@2.1.1
45492 silly saveTree | |     | | +-- define-property@1.0.0
45492 silly saveTree | |     | | | `-- is-descriptor@1.0.2
45492 silly saveTree | |     | | |   +-- is-accessor-descriptor@1.0.0
45492 silly saveTree | |     | | |   | `-- kind-of@6.0.3
45492 silly saveTree | |     | | |   +-- is-data-descriptor@1.0.0
45492 silly saveTree | |     | | |   `-- kind-of@6.0.3
45492 silly saveTree | |     | | +-- isobject@3.0.1
45492 silly saveTree | |     | | `-- snapdragon-util@3.0.1
45492 silly saveTree | |     | +-- snapdragon@0.8.2
45492 silly saveTree | |     | | +-- base@0.11.2
45492 silly saveTree | |     | | | +-- cache-base@1.0.1
45492 silly saveTree | |     | | | | +-- collection-visit@1.0.0
45492 silly saveTree | |     | | | | | +-- map-visit@1.0.0
45492 silly saveTree | |     | | | | | | `-- object-visit@1.0.1
45492 silly saveTree | |     | | | | | |   `-- isobject@3.0.1
45492 silly saveTree | |     | | | | | `-- object-visit@1.0.1
45492 silly saveTree | |     | | | | +-- component-emitter@1.3.0
45492 silly saveTree | |     | | | | +-- get-value@2.0.6
45492 silly saveTree | |     | | | | +-- has-value@1.0.0
45492 silly saveTree | |     | | | | | +-- has-values@1.0.0
45492 silly saveTree | |     | | | | | | +-- is-number@3.0.0
45492 silly saveTree | |     | | | | | | | `-- kind-of@3.2.2
45492 silly saveTree | |     | | | | | | `-- kind-of@4.0.0
45492 silly saveTree | |     | | | | | `-- isobject@3.0.1
45492 silly saveTree | |     | | | | +-- isobject@3.0.1
45492 silly saveTree | |     | | | | +-- set-value@2.0.1
45492 silly saveTree | |     | | | | | +-- extend-shallow@2.0.1
45492 silly saveTree | |     | | | | | +-- is-plain-object@2.0.4
45492 silly saveTree | |     | | | | | | `-- isobject@3.0.1
45492 silly saveTree | |     | | | | | `-- split-string@3.1.0
45492 silly saveTree | |     | | | | |   `-- extend-shallow@3.0.2
45492 silly saveTree | |     | | | | |     +-- assign-symbols@1.0.0
45492 silly saveTree | |     | | | | |     `-- is-extendable@1.0.1
45492 silly saveTree | |     | | | | +-- to-object-path@0.3.0
45492 silly saveTree | |     | | | | +-- union-value@1.0.1
45492 silly saveTree | |     | | | | | `-- arr-union@3.1.0
45492 silly saveTree | |     | | | | `-- unset-value@1.0.0
45492 silly saveTree | |     | | | |   +-- has-value@0.3.1
45492 silly saveTree | |     | | | |   | +-- has-values@0.1.4
45492 silly saveTree | |     | | | |   | `-- isobject@2.1.0
45492 silly saveTree | |     | | | |   `-- isobject@3.0.1
45492 silly saveTree | |     | | | +-- class-utils@0.3.6
45492 silly saveTree | |     | | | | +-- define-property@0.2.5
45492 silly saveTree | |     | | | | | `-- is-descriptor@0.1.6
45492 silly saveTree | |     | | | | |   +-- is-accessor-descriptor@0.1.6
45492 silly saveTree | |     | | | | |   +-- is-data-descriptor@0.1.4
45492 silly saveTree | |     | | | | |   `-- kind-of@5.1.0
45492 silly saveTree | |     | | | | +-- isobject@3.0.1
45492 silly saveTree | |     | | | | `-- static-extend@0.1.2
45492 silly saveTree | |     | | | |   +-- define-property@0.2.5
45492 silly saveTree | |     | | | |   `-- object-copy@0.1.0
45492 silly saveTree | |     | | | |     +-- copy-descriptor@0.1.1
45492 silly saveTree | |     | | | |     `-- define-property@0.2.5
45492 silly saveTree | |     | | | +-- component-emitter@1.3.0
45492 silly saveTree | |     | | | +-- define-property@1.0.0
45492 silly saveTree | |     | | | | `-- is-descriptor@1.0.2
45492 silly saveTree | |     | | | |   +-- is-accessor-descriptor@1.0.0
45492 silly saveTree | |     | | | |   | `-- kind-of@6.0.3
45492 silly saveTree | |     | | | |   +-- is-data-descriptor@1.0.0
45492 silly saveTree | |     | | | |   `-- kind-of@6.0.3
45492 silly saveTree | |     | | | +-- isobject@3.0.1
45492 silly saveTree | |     | | | +-- mixin-deep@1.3.2
45492 silly saveTree | |     | | | | `-- is-extendable@1.0.1
45492 silly saveTree | |     | | | `-- pascalcase@0.1.1
45492 silly saveTree | |     | | +-- define-property@0.2.5
45492 silly saveTree | |     | | +-- extend-shallow@2.0.1
45492 silly saveTree | |     | | +-- map-cache@0.2.2
45492 silly saveTree | |     | | +-- source-map-resolve@0.5.3
45492 silly saveTree | |     | | | +-- atob@2.1.2
45492 silly saveTree | |     | | | +-- decode-uri-component@0.2.2
45492 silly saveTree | |     | | | +-- resolve-url@0.2.1
45492 silly saveTree | |     | | | +-- source-map-url@0.4.1
45492 silly saveTree | |     | | | `-- urix@0.1.0
45492 silly saveTree | |     | | +-- source-map@0.5.7
45492 silly saveTree | |     | | `-- use@3.1.1
45492 silly saveTree | |     | +-- split-string@3.1.0
45492 silly saveTree | |     | `-- to-regex@3.0.2
45492 silly saveTree | |     |   +-- define-property@2.0.2
45492 silly saveTree | |     |   | +-- is-descriptor@1.0.2
45492 silly saveTree | |     |   | | +-- is-accessor-descriptor@1.0.0
45492 silly saveTree | |     |   | | | `-- kind-of@6.0.3
45492 silly saveTree | |     |   | | +-- is-data-descriptor@1.0.0
45492 silly saveTree | |     |   | | `-- kind-of@6.0.3
45492 silly saveTree | |     |   | `-- isobject@3.0.1
45492 silly saveTree | |     |   +-- regex-not@1.0.2
45492 silly saveTree | |     |   | `-- safe-regex@1.1.0
45492 silly saveTree | |     |   |   `-- ret@0.1.15
45492 silly saveTree | |     |   `-- safe-regex@1.1.0
45492 silly saveTree | |     +-- define-property@2.0.2
45492 silly saveTree | |     +-- extend-shallow@3.0.2
45492 silly saveTree | |     +-- extglob@2.0.4
45492 silly saveTree | |     | +-- define-property@1.0.0
45492 silly saveTree | |     | | `-- is-descriptor@1.0.2
45492 silly saveTree | |     | |   +-- is-accessor-descriptor@1.0.0
45492 silly saveTree | |     | |   | `-- kind-of@6.0.3
45492 silly saveTree | |     | |   +-- is-data-descriptor@1.0.0
45492 silly saveTree | |     | |   `-- kind-of@6.0.3
45492 silly saveTree | |     | +-- expand-brackets@2.1.4
45492 silly saveTree | |     | | +-- define-property@0.2.5
45492 silly saveTree | |     | | | `-- is-descriptor@0.1.6
45492 silly saveTree | |     | | |   +-- is-accessor-descriptor@0.1.6
45492 silly saveTree | |     | | |   | `-- kind-of@3.2.2
45492 silly saveTree | |     | | |   +-- is-data-descriptor@0.1.4
45492 silly saveTree | |     | | |   | `-- kind-of@3.2.2
45492 silly saveTree | |     | | |   `-- kind-of@5.1.0
45492 silly saveTree | |     | | +-- extend-shallow@2.0.1
45492 silly saveTree | |     | | `-- posix-character-classes@0.1.1
45492 silly saveTree | |     | +-- extend-shallow@2.0.1
45492 silly saveTree | |     | `-- fragment-cache@0.2.1
45492 silly saveTree | |     +-- fragment-cache@0.2.1
45492 silly saveTree | |     +-- kind-of@6.0.3
45492 silly saveTree | |     +-- nanomatch@1.2.13
45492 silly saveTree | |     | +-- arr-diff@4.0.0
45492 silly saveTree | |     | +-- array-unique@0.3.2
45492 silly saveTree | |     | +-- is-windows@1.0.2
45492 silly saveTree | |     | +-- kind-of@6.0.3
45492 silly saveTree | |     | `-- object.pick@1.3.0
45492 silly saveTree | |     |   `-- isobject@3.0.1
45492 silly saveTree | |     +-- object.pick@1.3.0
45492 silly saveTree | |     +-- regex-not@1.0.2
45492 silly saveTree | |     +-- snapdragon@0.8.2
45492 silly saveTree | |     `-- to-regex@3.0.2
45492 silly saveTree | +-- combine-lists@1.0.1
45492 silly saveTree | +-- connect@3.7.0
45492 silly saveTree | | +-- finalhandler@1.1.2
45492 silly saveTree | | | +-- encodeurl@1.0.2
45492 silly saveTree | | | +-- escape-html@1.0.3
45492 silly saveTree | | | +-- on-finished@2.3.0
45492 silly saveTree | | | +-- parseurl@1.3.3
45492 silly saveTree | | | `-- statuses@1.5.0
45492 silly saveTree | | +-- parseurl@1.3.3
45492 silly saveTree | | `-- utils-merge@1.0.1
45492 silly saveTree | +-- di@0.0.1
45492 silly saveTree | +-- dom-serialize@2.2.1
45492 silly saveTree | | +-- custom-event@1.0.1
45492 silly saveTree | | +-- ent@2.2.0
45492 silly saveTree | | `-- void-elements@2.0.1
45492 silly saveTree | +-- expand-braces@0.1.2
45492 silly saveTree | | +-- array-slice@0.2.3
45492 silly saveTree | | `-- braces@0.1.5
45492 silly saveTree | |   `-- expand-range@0.1.1
45492 silly saveTree | |     +-- is-number@0.1.1
45492 silly saveTree | |     `-- repeat-string@0.2.2
45492 silly saveTree | +-- http-proxy@1.18.1
45492 silly saveTree | | +-- eventemitter3@4.0.7
45492 silly saveTree | | `-- requires-port@1.0.0
45492 silly saveTree | +-- isbinaryfile@3.0.3
45492 silly saveTree | | `-- buffer-alloc@1.2.0
45492 silly saveTree | |   +-- buffer-alloc-unsafe@1.1.0
45492 silly saveTree | |   `-- buffer-fill@1.0.0
45492 silly saveTree | +-- lodash@3.10.1
45492 silly saveTree | +-- log4js@0.6.38
45492 silly saveTree | | +-- readable-stream@1.0.34
45492 silly saveTree | | | +-- isarray@0.0.1
45492 silly saveTree | | | `-- string_decoder@0.10.31
45492 silly saveTree | | `-- semver@4.3.6
45492 silly saveTree | +-- optimist@0.6.1
45492 silly saveTree | | +-- minimist@0.0.10
45492 silly saveTree | | `-- wordwrap@0.0.3
45492 silly saveTree | +-- qjobs@1.2.0
45492 silly saveTree | +-- socket.io@1.7.3
45492 silly saveTree | | +-- debug@2.3.3
45492 silly saveTree | | | `-- ms@0.7.2
45492 silly saveTree | | +-- engine.io@1.8.3
45492 silly saveTree | | | +-- accepts@1.3.3
45492 silly saveTree | | | | `-- negotiator@0.6.1
45492 silly saveTree | | | +-- base64id@1.0.0
45492 silly saveTree | | | +-- cookie@0.3.1
45492 silly saveTree | | | +-- debug@2.3.3
45492 silly saveTree | | | | `-- ms@0.7.2
45492 silly saveTree | | | +-- engine.io-parser@1.3.2
45492 silly saveTree | | | | +-- after@0.8.2
45492 silly saveTree | | | | +-- arraybuffer.slice@0.0.6
45492 silly saveTree | | | | +-- base64-arraybuffer@0.1.5
45492 silly saveTree | | | | +-- blob@0.0.4
45492 silly saveTree | | | | +-- has-binary@0.1.7
45492 silly saveTree | | | | | `-- isarray@0.0.1
45492 silly saveTree | | | | `-- wtf-8@1.0.0
45492 silly saveTree | | | `-- ws@1.1.2
45492 silly saveTree | | |   +-- options@0.0.6
45492 silly saveTree | | |   `-- ultron@1.0.2
45492 silly saveTree | | +-- has-binary@0.1.7
45492 silly saveTree | | +-- object-assign@4.1.0
45492 silly saveTree | | +-- socket.io-adapter@0.5.0
45492 silly saveTree | | | +-- debug@2.3.3
45492 silly saveTree | | | | `-- ms@0.7.2
45492 silly saveTree | | | `-- socket.io-parser@2.3.1
45492 silly saveTree | | |   +-- component-emitter@1.1.2
45492 silly saveTree | | |   +-- debug@2.2.0
45492 silly saveTree | | |   | `-- ms@0.7.1
45492 silly saveTree | | |   +-- isarray@0.0.1
45492 silly saveTree | | |   `-- json3@3.3.2
45492 silly saveTree | | +-- socket.io-client@1.7.3
45492 silly saveTree | | | +-- backo2@1.0.2
45492 silly saveTree | | | +-- component-bind@1.0.0
45492 silly saveTree | | | +-- component-emitter@1.2.1
45492 silly saveTree | | | +-- debug@2.3.3
45492 silly saveTree | | | | `-- ms@0.7.2
45492 silly saveTree | | | +-- engine.io-client@1.8.3
45492 silly saveTree | | | | +-- component-emitter@1.2.1
45492 silly saveTree | | | | +-- component-inherit@0.0.3
45492 silly saveTree | | | | +-- debug@2.3.3
45492 silly saveTree | | | | | `-- ms@0.7.2
45492 silly saveTree | | | | +-- has-cors@1.1.0
45492 silly saveTree | | | | +-- indexof@0.0.1
45492 silly saveTree | | | | +-- parsejson@0.0.3
45492 silly saveTree | | | | | `-- better-assert@1.0.2
45492 silly saveTree | | | | |   `-- callsite@1.0.0
45492 silly saveTree | | | | +-- parseqs@0.0.5
45492 silly saveTree | | | | +-- parseuri@0.0.5
45492 silly saveTree | | | | +-- xmlhttprequest-ssl@1.5.3
45492 silly saveTree | | | | `-- yeast@0.1.2
45492 silly saveTree | | | +-- indexof@0.0.1
45492 silly saveTree | | | +-- object-component@0.0.3
45492 silly saveTree | | | +-- parseuri@0.0.5
45492 silly saveTree | | | `-- to-array@0.1.4
45492 silly saveTree | | `-- socket.io-parser@2.3.1
45492 silly saveTree | +-- source-map@0.5.7
45492 silly saveTree | +-- tmp@0.0.31
45492 silly saveTree | `-- useragent@2.3.0
45492 silly saveTree +-- mocha@3.5.3
45492 silly saveTree | +-- browser-stdout@1.3.0
45492 silly saveTree | +-- commander@2.9.0
45492 silly saveTree | | `-- graceful-readlink@1.0.1
45492 silly saveTree | +-- debug@2.6.8
45492 silly saveTree | +-- diff@3.2.0
45492 silly saveTree | +-- glob@7.1.1
45492 silly saveTree | +-- growl@1.9.2
45492 silly saveTree | +-- he@1.1.1
45492 silly saveTree | +-- lodash.create@3.1.1
45492 silly saveTree | | +-- lodash._baseassign@3.2.0
45492 silly saveTree | | | +-- lodash._basecopy@3.0.1
45492 silly saveTree | | | `-- lodash.keys@3.1.2
45492 silly saveTree | | |   +-- lodash._getnative@3.9.1
45492 silly saveTree | | |   +-- lodash.isarguments@3.1.0
45492 silly saveTree | | |   `-- lodash.isarray@3.0.4
45492 silly saveTree | | +-- lodash._basecreate@3.0.3
45492 silly saveTree | | `-- lodash._isiterateecall@3.0.9
45492 silly saveTree | +-- mkdirp@0.5.1
45492 silly saveTree | | `-- minimist@0.0.8
45492 silly saveTree | `-- supports-color@3.1.2
45492 silly saveTree |   `-- has-flag@1.0.0
45492 silly saveTree +-- node-notifier@5.4.5
45492 silly saveTree | +-- growly@1.3.0
45492 silly saveTree | +-- is-wsl@1.1.0
45492 silly saveTree | `-- shellwords@0.1.1
45492 silly saveTree +-- optimize-css-assets-webpack-plugin@3.2.1
45492 silly saveTree | +-- cssnano@4.1.11
45492 silly saveTree | | +-- cosmiconfig@5.2.1
45492 silly saveTree | | | +-- import-fresh@2.0.0
45492 silly saveTree | | | | +-- caller-path@2.0.0
45492 silly saveTree | | | | | `-- caller-callsite@2.0.0
45492 silly saveTree | | | | |   `-- callsites@2.0.0
45492 silly saveTree | | | | `-- resolve-from@3.0.0
45492 silly saveTree | | | +-- is-directory@0.3.1
45492 silly saveTree | | | +-- js-yaml@3.14.1
45492 silly saveTree | | | | `-- esprima@4.0.1
45492 silly saveTree | | | `-- parse-json@4.0.0
45492 silly saveTree | | |   `-- json-parse-better-errors@1.0.2
45492 silly saveTree | | +-- cssnano-preset-default@4.0.8
45492 silly saveTree | | | +-- css-declaration-sorter@4.0.1
45492 silly saveTree | | | | +-- postcss@7.0.39
45492 silly saveTree | | | | | `-- picocolors@0.2.1
45492 silly saveTree | | | | `-- timsort@0.3.0
45492 silly saveTree | | | +-- cssnano-util-raw-cache@4.0.1
45492 silly saveTree | | | | `-- postcss@7.0.39
45492 silly saveTree | | | |   `-- picocolors@0.2.1
45492 silly saveTree | | | +-- postcss-calc@7.0.5
45492 silly saveTree | | | | +-- postcss-selector-parser@6.0.11
45492 silly saveTree | | | | +-- postcss-value-parser@4.2.0
45492 silly saveTree | | | | `-- postcss@7.0.39
45492 silly saveTree | | | |   `-- picocolors@0.2.1
45492 silly saveTree | | | +-- postcss-colormin@4.0.3
45492 silly saveTree | | | | +-- browserslist@4.21.5
45492 silly saveTree | | | | | +-- node-releases@2.0.10
45492 silly saveTree | | | | | `-- update-browserslist-db@1.0.11
45492 silly saveTree | | | | |   +-- escalade@3.1.1
45492 silly saveTree | | | | |   `-- picocolors@1.0.0
45492 silly saveTree | | | | +-- color@3.2.1
45492 silly saveTree | | | | | `-- color-string@1.9.1
45492 silly saveTree | | | | |   `-- simple-swizzle@0.2.2
45492 silly saveTree | | | | |     `-- is-arrayish@0.3.2
45492 silly saveTree | | | | `-- postcss-value-parser@3.3.1
45492 silly saveTree | | | +-- postcss-convert-values@4.0.1
45492 silly saveTree | | | | `-- postcss-value-parser@3.3.1
45492 silly saveTree | | | +-- postcss-discard-comments@4.0.2
45492 silly saveTree | | | +-- postcss-discard-duplicates@4.0.2
45492 silly saveTree | | | +-- postcss-discard-empty@4.0.1
45492 silly saveTree | | | +-- postcss-discard-overridden@4.0.1
45492 silly saveTree | | | +-- postcss-merge-longhand@4.0.11
45492 silly saveTree | | | | +-- postcss-value-parser@3.3.1
45492 silly saveTree | | | | `-- stylehacks@4.0.3
45492 silly saveTree | | | |   +-- browserslist@4.21.5
45492 silly saveTree | | | |   +-- postcss-selector-parser@3.1.2
45492 silly saveTree | | | |   | `-- dot-prop@5.3.0
45492 silly saveTree | | | |   |   `-- is-obj@2.0.0
45492 silly saveTree | | | |   `-- postcss@7.0.39
45492 silly saveTree | | | |     `-- picocolors@0.2.1
45492 silly saveTree | | | +-- postcss-merge-rules@4.0.3
45492 silly saveTree | | | | +-- caniuse-api@3.0.0
45492 silly saveTree | | | | +-- cssnano-util-same-parent@4.0.1
45492 silly saveTree | | | | `-- postcss-selector-parser@3.1.2
45492 silly saveTree | | | +-- postcss-minify-font-values@4.0.2
45492 silly saveTree | | | | `-- postcss-value-parser@3.3.1
45492 silly saveTree | | | +-- postcss-minify-gradients@4.0.2
45492 silly saveTree | | | | +-- cssnano-util-get-arguments@4.0.0
45492 silly saveTree | | | | +-- is-color-stop@1.1.0
45492 silly saveTree | | | | | +-- hex-color-regex@1.1.0
45492 silly saveTree | | | | | +-- hsl-regex@1.0.0
45492 silly saveTree | | | | | +-- hsla-regex@1.0.0
45492 silly saveTree | | | | | +-- rgb-regex@1.0.1
45492 silly saveTree | | | | | `-- rgba-regex@1.0.0
45492 silly saveTree | | | | `-- postcss-value-parser@3.3.1
45492 silly saveTree | | | +-- postcss-minify-params@4.0.2
45492 silly saveTree | | | | `-- postcss-value-parser@3.3.1
45492 silly saveTree | | | +-- postcss-minify-selectors@4.0.2
45492 silly saveTree | | | | `-- postcss-selector-parser@3.1.2
45492 silly saveTree | | | +-- postcss-normalize-charset@4.0.1
45492 silly saveTree | | | +-- postcss-normalize-display-values@4.0.2
45492 silly saveTree | | | | +-- cssnano-util-get-match@4.0.0
45492 silly saveTree | | | | `-- postcss@7.0.39
45492 silly saveTree | | | |   `-- picocolors@0.2.1
45492 silly saveTree | | | +-- postcss-normalize-positions@4.0.2
45492 silly saveTree | | | | `-- postcss@7.0.39
45492 silly saveTree | | | |   `-- picocolors@0.2.1
45492 silly saveTree | | | +-- postcss-normalize-repeat-style@4.0.2
45492 silly saveTree | | | | `-- postcss@7.0.39
45492 silly saveTree | | | |   `-- picocolors@0.2.1
45492 silly saveTree | | | +-- postcss-normalize-string@4.0.2
45492 silly saveTree | | | | `-- postcss@7.0.39
45492 silly saveTree | | | |   `-- picocolors@0.2.1
45492 silly saveTree | | | +-- postcss-normalize-timing-functions@4.0.2
45492 silly saveTree | | | | `-- postcss@7.0.39
45492 silly saveTree | | | |   `-- picocolors@0.2.1
45492 silly saveTree | | | +-- postcss-normalize-unicode@4.0.1
45492 silly saveTree | | | | +-- browserslist@4.21.5
45492 silly saveTree | | | | `-- postcss@7.0.39
45492 silly saveTree | | | |   `-- picocolors@0.2.1
45492 silly saveTree | | | +-- postcss-normalize-url@4.0.1
45492 silly saveTree | | | | +-- normalize-url@3.3.0
45492 silly saveTree | | | | `-- postcss-value-parser@3.3.1
45492 silly saveTree | | | +-- postcss-normalize-whitespace@4.0.2
45492 silly saveTree | | | | `-- postcss@7.0.39
45492 silly saveTree | | | |   `-- picocolors@0.2.1
45492 silly saveTree | | | +-- postcss-ordered-values@4.1.2
45492 silly saveTree | | | | `-- postcss-value-parser@3.3.1
45492 silly saveTree | | | +-- postcss-reduce-initial@4.0.3
45492 silly saveTree | | | +-- postcss-reduce-transforms@4.0.2
45492 silly saveTree | | | | `-- postcss-value-parser@3.3.1
45492 silly saveTree | | | +-- postcss-svgo@4.0.3
45492 silly saveTree | | | | +-- postcss-value-parser@3.3.1
45492 silly saveTree | | | | `-- svgo@1.3.2
45492 silly saveTree | | | |   +-- coa@2.0.2
45492 silly saveTree | | | |   | `-- @types/q@1.5.5
45492 silly saveTree | | | |   +-- css-select-base-adapter@0.1.1
45492 silly saveTree | | | |   +-- css-select@2.1.0
45492 silly saveTree | | | |   | +-- css-what@3.4.2
45492 silly saveTree | | | |   | +-- domutils@1.7.0
45492 silly saveTree | | | |   | | +-- dom-serializer@0.2.2
45492 silly saveTree | | | |   | | | `-- domelementtype@2.3.0
45492 silly saveTree | | | |   | | `-- domelementtype@1.3.1
45492 silly saveTree | | | |   | `-- nth-check@1.0.2
45492 silly saveTree | | | |   +-- css-tree@1.0.0-alpha.37
45492 silly saveTree | | | |   | `-- mdn-data@2.0.4
45492 silly saveTree | | | |   +-- csso@4.2.0
45492 silly saveTree | | | |   | `-- css-tree@1.1.3
45492 silly saveTree | | | |   |   `-- mdn-data@2.0.14
45492 silly saveTree | | | |   +-- js-yaml@3.14.1
45492 silly saveTree | | | |   | `-- esprima@4.0.1
45492 silly saveTree | | | |   +-- stable@0.1.8
45492 silly saveTree | | | |   +-- unquote@1.1.1
45492 silly saveTree | | | |   `-- util.promisify@1.0.1
45492 silly saveTree | | | |     `-- object.getownpropertydescriptors@2.1.6
45492 silly saveTree | | | |       +-- array.prototype.reduce@1.0.5
45492 silly saveTree | | | |       | `-- es-array-method-boxes-properly@1.0.0
45492 silly saveTree | | | |       `-- safe-array-concat@1.0.0
45492 silly saveTree | | | |         `-- isarray@2.0.5
45492 silly saveTree | | | +-- postcss-unique-selectors@4.0.1
45492 silly saveTree | | | `-- postcss@7.0.39
45492 silly saveTree | | `-- postcss@7.0.39
45492 silly saveTree | |   `-- picocolors@0.2.1
45492 silly saveTree | `-- last-call-webpack-plugin@2.1.2
45492 silly saveTree +-- ora@1.4.0
45492 silly saveTree | +-- cli-spinners@1.3.1
45492 silly saveTree | `-- log-symbols@2.2.0
45492 silly saveTree +-- phantomjs-prebuilt@2.1.16
45492 silly saveTree +-- portfinder@1.0.32
45492 silly saveTree | `-- debug@3.2.7
45492 silly saveTree |   `-- ms@2.1.3
45492 silly saveTree +-- postcss-import@11.1.0
45492 silly saveTree | +-- postcss@6.0.23
45492 silly saveTree | `-- read-cache@1.0.0
45492 silly saveTree |   `-- pify@2.3.0
45492 silly saveTree +-- postcss-loader@2.1.6
45492 silly saveTree | +-- postcss-load-config@2.1.2
45492 silly saveTree | | `-- import-cwd@2.1.0
45492 silly saveTree | |   `-- import-from@2.1.0
45492 silly saveTree | |     `-- resolve-from@3.0.0
45492 silly saveTree | +-- postcss@6.0.23
45492 silly saveTree | `-- schema-utils@0.4.7
45492 silly saveTree |   +-- ajv-keywords@3.5.2
45492 silly saveTree |   `-- ajv@6.12.6
45492 silly saveTree |     +-- fast-deep-equal@3.1.3
45492 silly saveTree |     `-- json-schema-traverse@0.4.1
45492 silly saveTree +-- postcss-url@7.3.2
45492 silly saveTree | +-- postcss@6.0.23
45492 silly saveTree | `-- xxhashjs@0.2.2
45492 silly saveTree |   `-- cuint@0.2.2
45492 silly saveTree +-- rimraf@2.7.1
45492 silly saveTree +-- semver@5.7.1
45492 silly saveTree +-- shelljs@0.8.5
45492 silly saveTree | +-- interpret@1.4.0
45492 silly saveTree | `-- rechoir@0.6.2
45492 silly saveTree +-- sinon-chai@2.14.0
45492 silly saveTree +-- sinon@4.5.0
45492 silly saveTree | +-- @sinonjs/formatio@2.0.0
45492 silly saveTree | | `-- samsam@1.3.0
45492 silly saveTree | +-- lodash.get@4.4.2
45492 silly saveTree | +-- lolex@2.7.5
45492 silly saveTree | `-- nise@1.5.3
45492 silly saveTree |   +-- @sinonjs/formatio@3.2.2
45492 silly saveTree |   | +-- @sinonjs/commons@1.8.6
45492 silly saveTree |   | `-- @sinonjs/samsam@3.3.3
45492 silly saveTree |   |   `-- array-from@2.1.1
45492 silly saveTree |   +-- @sinonjs/text-encoding@0.7.2
45492 silly saveTree |   +-- just-extend@4.2.1
45492 silly saveTree |   +-- lolex@5.1.2
45492 silly saveTree |   `-- path-to-regexp@1.8.0
45492 silly saveTree |     `-- isarray@0.0.1
45492 silly saveTree +-- uglifyjs-webpack-plugin@1.3.0
45492 silly saveTree | +-- schema-utils@0.4.7
45492 silly saveTree | | +-- ajv-keywords@3.5.2
45492 silly saveTree | | `-- ajv@6.12.6
45492 silly saveTree | |   +-- fast-deep-equal@3.1.3
45492 silly saveTree | |   `-- json-schema-traverse@0.4.1
45492 silly saveTree | +-- uglify-es@3.3.9
45492 silly saveTree | | `-- commander@2.13.0
45492 silly saveTree | `-- worker-farm@1.7.0
45492 silly saveTree +-- url-loader@0.5.9
45492 silly saveTree | `-- mime@1.3.6
45492 silly saveTree +-- vue-loader@13.7.3
45492 silly saveTree | +-- consolidate@0.14.5
45492 silly saveTree | +-- hash-sum@1.0.2
45492 silly saveTree | +-- postcss-load-config@1.2.0
45492 silly saveTree | | +-- cosmiconfig@2.2.2
45492 silly saveTree | | | `-- require-from-string@1.2.1
45492 silly saveTree | | +-- postcss-load-options@1.2.0
45492 silly saveTree | | | `-- cosmiconfig@2.2.2
45492 silly saveTree | | `-- postcss-load-plugins@2.3.0
45492 silly saveTree | |   `-- cosmiconfig@2.2.2
45492 silly saveTree | +-- postcss@6.0.23
45492 silly saveTree | +-- prettier@1.19.1
45492 silly saveTree | +-- vue-hot-reload-api@2.3.4
45492 silly saveTree | +-- vue-style-loader@3.1.2
45492 silly saveTree | `-- vue-template-es2015-compiler@1.9.1
45492 silly saveTree +-- vue-router@3.6.5
45492 silly saveTree +-- vue-style-loader@3.1.2
45492 silly saveTree +-- vue-template-compiler@2.7.14
45492 silly saveTree | `-- de-indent@1.0.2
45492 silly saveTree +-- vue@2.7.14
45492 silly saveTree | +-- @vue/compiler-sfc@2.7.14
45492 silly saveTree | | +-- @babel/parser@7.21.4
45492 silly saveTree | | `-- postcss@8.4.23
45492 silly saveTree | |   +-- nanoid@3.3.6
45492 silly saveTree | |   `-- source-map-js@1.0.2
45492 silly saveTree | `-- csstype@3.1.2
45492 silly saveTree +-- webpack-bundle-analyzer@2.13.1
45492 silly saveTree | +-- bfj-node4@5.3.1
45492 silly saveTree | | +-- check-types@7.4.0
45492 silly saveTree | | `-- tryer@1.0.1
45492 silly saveTree | +-- ejs@2.7.4
45492 silly saveTree | +-- express@4.18.2
45492 silly saveTree | | +-- accepts@1.3.8
45492 silly saveTree | | | `-- negotiator@0.6.3
45492 silly saveTree | | +-- array-flatten@1.1.1
45492 silly saveTree | | +-- body-parser@1.20.1
45492 silly saveTree | | | `-- raw-body@2.5.1
45492 silly saveTree | | +-- content-disposition@0.5.4
45492 silly saveTree | | | `-- safe-buffer@5.2.1
45492 silly saveTree | | +-- cookie-signature@1.0.6
45492 silly saveTree | | +-- cookie@0.5.0
45492 silly saveTree | | +-- etag@1.8.1
45492 silly saveTree | | +-- finalhandler@1.2.0
45492 silly saveTree | | +-- fresh@0.5.2
45492 silly saveTree | | +-- merge-descriptors@1.0.1
45492 silly saveTree | | +-- methods@1.1.2
45492 silly saveTree | | +-- path-to-regexp@0.1.7
45492 silly saveTree | | +-- proxy-addr@2.0.7
45492 silly saveTree | | | +-- forwarded@0.2.0
45492 silly saveTree | | | `-- ipaddr.js@1.9.1
45492 silly saveTree | | +-- safe-buffer@5.2.1
45492 silly saveTree | | +-- send@0.18.0
45492 silly saveTree | | | `-- ms@2.1.3
45492 silly saveTree | | +-- serve-static@1.15.0
45492 silly saveTree | | `-- vary@1.1.2
45492 silly saveTree | +-- filesize@3.6.1
45492 silly saveTree | +-- gzip-size@4.1.0
45492 silly saveTree | | `-- duplexer@0.1.2
45492 silly saveTree | +-- opener@1.5.2
45492 silly saveTree | `-- ws@4.1.0
45492 silly saveTree |   `-- async-limiter@1.0.1
45492 silly saveTree +-- webpack-dev-server@2.11.5
45492 silly saveTree | +-- ansi-html@0.0.7
45492 silly saveTree | +-- bonjour@3.5.0
45492 silly saveTree | | +-- array-flatten@2.1.2
45492 silly saveTree | | +-- deep-equal@1.1.1
45492 silly saveTree | | | +-- is-arguments@1.1.1
45492 silly saveTree | | | `-- object-is@1.1.5
45492 silly saveTree | | +-- dns-equal@1.0.0
45492 silly saveTree | | +-- dns-txt@2.0.2
45492 silly saveTree | | | `-- buffer-indexof@1.1.1
45492 silly saveTree | | +-- multicast-dns-service-types@1.1.0
45492 silly saveTree | | `-- multicast-dns@6.2.3
45492 silly saveTree | |   +-- dns-packet@1.3.4
45492 silly saveTree | |   | `-- ip@1.1.8
45492 silly saveTree | |   `-- thunky@1.1.0
45492 silly saveTree | +-- chokidar@2.1.8
45492 silly saveTree | | +-- anymatch@2.0.0
45492 silly saveTree | | | +-- micromatch@3.1.10
45492 silly saveTree | | | | +-- arr-diff@4.0.0
45492 silly saveTree | | | | +-- array-unique@0.3.2
45492 silly saveTree | | | | +-- braces@2.3.2
45492 silly saveTree | | | | | +-- extend-shallow@2.0.1
45492 silly saveTree | | | | | +-- fill-range@4.0.0
45492 silly saveTree | | | | | | +-- extend-shallow@2.0.1
45492 silly saveTree | | | | | | `-- is-number@3.0.0
45492 silly saveTree | | | | | |   `-- kind-of@3.2.2
45492 silly saveTree | | | | | `-- isobject@3.0.1
45492 silly saveTree | | | | +-- extglob@2.0.4
45492 silly saveTree | | | | | +-- define-property@1.0.0
45492 silly saveTree | | | | | | `-- is-descriptor@1.0.2
45492 silly saveTree | | | | | |   +-- is-accessor-descriptor@1.0.0
45492 silly saveTree | | | | | |   | `-- kind-of@6.0.3
45492 silly saveTree | | | | | |   +-- is-data-descriptor@1.0.0
45492 silly saveTree | | | | | |   `-- kind-of@6.0.3
45492 silly saveTree | | | | | +-- expand-brackets@2.1.4
45492 silly saveTree | | | | | | +-- debug@2.6.9
45492 silly saveTree | | | | | | +-- define-property@0.2.5
45492 silly saveTree | | | | | | | `-- is-descriptor@0.1.6
45492 silly saveTree | | | | | | |   +-- is-accessor-descriptor@0.1.6
45492 silly saveTree | | | | | | |   | `-- kind-of@3.2.2
45492 silly saveTree | | | | | | |   +-- is-data-descriptor@0.1.4
45492 silly saveTree | | | | | | |   | `-- kind-of@3.2.2
45492 silly saveTree | | | | | | |   `-- kind-of@5.1.0
45492 silly saveTree | | | | | | `-- extend-shallow@2.0.1
45492 silly saveTree | | | | | `-- extend-shallow@2.0.1
45492 silly saveTree | | | | `-- kind-of@6.0.3
45492 silly saveTree | | | `-- normalize-path@2.1.1
45492 silly saveTree | | +-- braces@2.3.2
45492 silly saveTree | | +-- glob-parent@3.1.0
45492 silly saveTree | | | +-- is-glob@3.1.0
45492 silly saveTree | | | | `-- is-extglob@2.1.1
45492 silly saveTree | | | `-- path-dirname@1.0.2
45492 silly saveTree | | +-- is-glob@4.0.3
45492 silly saveTree | | +-- normalize-path@3.0.0
45492 silly saveTree | | `-- upath@1.2.0
45492 silly saveTree | +-- compression@1.7.4
45492 silly saveTree | | +-- accepts@1.3.8
45492 silly saveTree | | | `-- negotiator@0.6.3
45492 silly saveTree | | +-- bytes@3.0.0
45492 silly saveTree | | +-- compressible@2.0.18
45492 silly saveTree | | `-- on-headers@1.0.2
45492 silly saveTree | +-- connect-history-api-fallback@1.6.0
45492 silly saveTree | +-- debug@3.2.7
45492 silly saveTree | | `-- ms@2.1.3
45492 silly saveTree | +-- del@3.0.0
45492 silly saveTree | | +-- globby@6.1.0
45492 silly saveTree | | | `-- pify@2.3.0
45492 silly saveTree | | +-- is-path-cwd@1.0.0
45492 silly saveTree | | +-- is-path-in-cwd@1.0.1
45492 silly saveTree | | | `-- is-path-inside@1.0.1
45492 silly saveTree | | `-- p-map@1.2.0
45492 silly saveTree | +-- html-entities@1.4.0
45492 silly saveTree | +-- http-proxy-middleware@0.19.2
45492 silly saveTree | | +-- is-glob@4.0.3
45492 silly saveTree | | | `-- is-extglob@2.1.1
45492 silly saveTree | | `-- micromatch@3.1.10
45492 silly saveTree | |   +-- arr-diff@4.0.0
45492 silly saveTree | |   +-- array-unique@0.3.2
45492 silly saveTree | |   +-- braces@2.3.2
45492 silly saveTree | |   | +-- extend-shallow@2.0.1
45492 silly saveTree | |   | +-- fill-range@4.0.0
45492 silly saveTree | |   | | +-- extend-shallow@2.0.1
45492 silly saveTree | |   | | `-- is-number@3.0.0
45492 silly saveTree | |   | |   `-- kind-of@3.2.2
45492 silly saveTree | |   | `-- isobject@3.0.1
45492 silly saveTree | |   +-- extglob@2.0.4
45492 silly saveTree | |   | +-- define-property@1.0.0
45492 silly saveTree | |   | | `-- is-descriptor@1.0.2
45492 silly saveTree | |   | |   +-- is-accessor-descriptor@1.0.0
45492 silly saveTree | |   | |   | `-- kind-of@6.0.3
45492 silly saveTree | |   | |   +-- is-data-descriptor@1.0.0
45492 silly saveTree | |   | |   `-- kind-of@6.0.3
45492 silly saveTree | |   | +-- expand-brackets@2.1.4
45492 silly saveTree | |   | | +-- define-property@0.2.5
45492 silly saveTree | |   | | | `-- is-descriptor@0.1.6
45492 silly saveTree | |   | | |   +-- is-accessor-descriptor@0.1.6
45492 silly saveTree | |   | | |   | `-- kind-of@3.2.2
45492 silly saveTree | |   | | |   +-- is-data-descriptor@0.1.4
45492 silly saveTree | |   | | |   | `-- kind-of@3.2.2
45492 silly saveTree | |   | | |   `-- kind-of@5.1.0
45492 silly saveTree | |   | | `-- extend-shallow@2.0.1
45492 silly saveTree | |   | `-- extend-shallow@2.0.1
45492 silly saveTree | |   `-- kind-of@6.0.3
45492 silly saveTree | +-- import-local@1.0.0
45492 silly saveTree | | `-- resolve-cwd@2.0.0
45492 silly saveTree | |   `-- resolve-from@3.0.0
45492 silly saveTree | +-- internal-ip@1.2.0
45492 silly saveTree | +-- ip@1.1.8
45492 silly saveTree | +-- killable@1.0.1
45492 silly saveTree | +-- loglevel@1.8.1
45492 silly saveTree | +-- opn@5.5.0
45492 silly saveTree | +-- selfsigned@1.10.14
45492 silly saveTree | | `-- node-forge@0.10.0
45492 silly saveTree | +-- serve-index@1.9.1
45492 silly saveTree | | +-- accepts@1.3.8
45492 silly saveTree | | | `-- negotiator@0.6.3
45492 silly saveTree | | +-- batch@0.6.1
45492 silly saveTree | | `-- http-errors@1.6.3
45492 silly saveTree | |   +-- depd@1.1.2
45492 silly saveTree | |   +-- inherits@2.0.3
45492 silly saveTree | |   +-- setprototypeof@1.1.0
45492 silly saveTree | |   `-- statuses@1.5.0
45492 silly saveTree | +-- sockjs-client@1.1.5
45492 silly saveTree | | +-- eventsource@0.1.6
45492 silly saveTree | | | `-- original@1.0.2
45492 silly saveTree | | |   `-- url-parse@1.5.10
45492 silly saveTree | | |     `-- querystringify@2.2.0
45492 silly saveTree | | +-- faye-websocket@0.11.4
45492 silly saveTree | | | `-- websocket-driver@0.7.4
45492 silly saveTree | | |   +-- http-parser-js@0.5.8
45492 silly saveTree | | |   `-- websocket-extensions@0.1.4
45492 silly saveTree | | `-- url-parse@1.5.10
45492 silly saveTree | +-- sockjs@0.3.19
45492 silly saveTree | | `-- faye-websocket@0.10.0
45492 silly saveTree | +-- spdy@4.0.2
45492 silly saveTree | | +-- debug@4.3.4
45492 silly saveTree | | | `-- ms@2.1.2
45492 silly saveTree | | +-- handle-thing@2.0.1
45492 silly saveTree | | +-- http-deceiver@1.2.7
45492 silly saveTree | | +-- select-hose@2.0.0
45492 silly saveTree | | `-- spdy-transport@3.0.0
45492 silly saveTree | |   +-- debug@4.3.4
45492 silly saveTree | |   | `-- ms@2.1.2
45492 silly saveTree | |   +-- detect-node@2.1.0
45492 silly saveTree | |   +-- hpack.js@2.1.6
45492 silly saveTree | |   | +-- obuf@1.1.2
45492 silly saveTree | |   | `-- wbuf@1.7.3
45492 silly saveTree | |   |   `-- minimalistic-assert@1.0.1
45492 silly saveTree | |   +-- obuf@1.1.2
45492 silly saveTree | |   +-- readable-stream@3.6.2
45492 silly saveTree | |   `-- wbuf@1.7.3
45492 silly saveTree | `-- yargs@6.6.0
45492 silly saveTree |   +-- camelcase@3.0.0
45492 silly saveTree |   +-- cliui@3.2.0
45492 silly saveTree |   | +-- string-width@1.0.2
45492 silly saveTree |   | | +-- code-point-at@1.1.0
45492 silly saveTree |   | | `-- is-fullwidth-code-point@1.0.0
45492 silly saveTree |   | |   `-- number-is-nan@1.0.1
45492 silly saveTree |   | `-- wrap-ansi@2.1.0
45492 silly saveTree |   |   `-- string-width@1.0.2
45492 silly saveTree |   |     `-- is-fullwidth-code-point@1.0.0
45492 silly saveTree |   +-- get-caller-file@1.0.3
45492 silly saveTree |   +-- os-locale@1.4.0
45492 silly saveTree |   | `-- lcid@1.0.0
45492 silly saveTree |   |   `-- invert-kv@1.0.0
45492 silly saveTree |   +-- require-directory@2.1.1
45492 silly saveTree |   +-- set-blocking@2.0.0
45492 silly saveTree |   +-- string-width@1.0.2
45492 silly saveTree |   +-- which-module@1.0.0
45492 silly saveTree |   +-- y18n@3.2.2
45492 silly saveTree |   `-- yargs-parser@4.2.1
45492 silly saveTree +-- webpack-merge@4.2.2
45492 silly saveTree `-- webpack@3.12.0
45492 silly saveTree   +-- acorn-dynamic-import@2.0.2
45492 silly saveTree   | `-- acorn@4.0.13
45492 silly saveTree   +-- ajv-keywords@3.5.2
45492 silly saveTree   +-- ajv@6.12.6
45492 silly saveTree   | +-- fast-deep-equal@3.1.3
45492 silly saveTree   | `-- json-schema-traverse@0.4.1
45492 silly saveTree   +-- enhanced-resolve@3.4.1
45492 silly saveTree   | `-- tapable@0.2.9
45492 silly saveTree   +-- escope@3.6.0
45492 silly saveTree   | +-- es6-map@0.1.5
45492 silly saveTree   | | +-- d@1.0.1
45492 silly saveTree   | | | +-- es5-ext@0.10.62
45492 silly saveTree   | | | | +-- es6-iterator@2.0.3
45492 silly saveTree   | | | | | `-- es6-symbol@3.1.3
45492 silly saveTree   | | | | |   `-- ext@1.7.0
45492 silly saveTree   | | | | |     `-- type@2.7.2
45492 silly saveTree   | | | | +-- es6-symbol@3.1.3
45492 silly saveTree   | | | | `-- next-tick@1.1.0
45492 silly saveTree   | | | `-- type@1.2.0
45492 silly saveTree   | | +-- es5-ext@0.10.62
45492 silly saveTree   | | +-- es6-iterator@2.0.3
45492 silly saveTree   | | +-- es6-set@0.1.6
45492 silly saveTree   | | | +-- event-emitter@0.3.5
45492 silly saveTree   | | | `-- type@2.7.2
45492 silly saveTree   | | +-- es6-symbol@3.1.3
45492 silly saveTree   | | `-- event-emitter@0.3.5
45492 silly saveTree   | `-- es6-weak-map@2.0.3
45492 silly saveTree   +-- json-loader@0.5.7
45492 silly saveTree   +-- loader-runner@2.4.0
45492 silly saveTree   +-- node-libs-browser@2.2.1
45492 silly saveTree   | +-- assert@1.5.0
45492 silly saveTree   | | `-- util@0.10.3
45492 silly saveTree   | |   `-- inherits@2.0.1
45492 silly saveTree   | +-- browserify-zlib@0.2.0
45492 silly saveTree   | | `-- pako@1.0.11
45492 silly saveTree   | +-- buffer@4.9.2
45492 silly saveTree   | | +-- base64-js@1.5.1
45492 silly saveTree   | | `-- ieee754@1.2.1
45492 silly saveTree   | +-- console-browserify@1.2.0
45492 silly saveTree   | +-- constants-browserify@1.0.0
45492 silly saveTree   | +-- crypto-browserify@3.12.0
45492 silly saveTree   | | +-- browserify-cipher@1.0.1
45492 silly saveTree   | | | +-- browserify-aes@1.2.0
45492 silly saveTree   | | | | +-- buffer-xor@1.0.3
45492 silly saveTree   | | | | +-- cipher-base@1.0.4
45492 silly saveTree   | | | | +-- create-hash@1.2.0
45492 silly saveTree   | | | | | +-- md5.js@1.3.5
45492 silly saveTree   | | | | | | `-- hash-base@3.1.0
45492 silly saveTree   | | | | | |   +-- readable-stream@3.6.2
45492 silly saveTree   | | | | | |   `-- safe-buffer@5.2.1
45492 silly saveTree   | | | | | +-- ripemd160@2.0.2
45492 silly saveTree   | | | | | `-- sha.js@2.4.11
45492 silly saveTree   | | | | `-- evp_bytestokey@1.0.3
45492 silly saveTree   | | | +-- browserify-des@1.0.2
45492 silly saveTree   | | | | `-- des.js@1.0.1
45492 silly saveTree   | | | `-- evp_bytestokey@1.0.3
45492 silly saveTree   | | +-- browserify-sign@4.2.1
45492 silly saveTree   | | | +-- bn.js@5.2.1
45492 silly saveTree   | | | +-- browserify-rsa@4.1.0
45492 silly saveTree   | | | | `-- randombytes@2.1.0
45492 silly saveTree   | | | +-- create-hmac@1.1.7
45492 silly saveTree   | | | +-- elliptic@6.5.4
45492 silly saveTree   | | | | +-- bn.js@4.12.0
45492 silly saveTree   | | | | +-- brorand@1.1.0
45492 silly saveTree   | | | | +-- hash.js@1.1.7
45492 silly saveTree   | | | | +-- hmac-drbg@1.0.1
45492 silly saveTree   | | | | | `-- minimalistic-crypto-utils@1.0.1
45492 silly saveTree   | | | | `-- minimalistic-crypto-utils@1.0.1
45492 silly saveTree   | | | +-- parse-asn1@5.1.6
45492 silly saveTree   | | | | +-- asn1.js@5.4.1
45492 silly saveTree   | | | | | `-- bn.js@4.12.0
45492 silly saveTree   | | | | `-- pbkdf2@3.1.2
45492 silly saveTree   | | | +-- readable-stream@3.6.2
45492 silly saveTree   | | | `-- safe-buffer@5.2.1
45492 silly saveTree   | | +-- create-ecdh@4.0.4
45492 silly saveTree   | | | `-- bn.js@4.12.0
45492 silly saveTree   | | +-- create-hash@1.2.0
45492 silly saveTree   | | +-- create-hmac@1.1.7
45492 silly saveTree   | | +-- diffie-hellman@5.0.3
45492 silly saveTree   | | | +-- bn.js@4.12.0
45492 silly saveTree   | | | `-- miller-rabin@4.0.1
45492 silly saveTree   | | |   `-- bn.js@4.12.0
45492 silly saveTree   | | +-- pbkdf2@3.1.2
45492 silly saveTree   | | +-- public-encrypt@4.0.3
45492 silly saveTree   | | | `-- bn.js@4.12.0
45492 silly saveTree   | | +-- randombytes@2.1.0
45492 silly saveTree   | | `-- randomfill@1.0.4
45492 silly saveTree   | +-- domain-browser@1.2.0
45492 silly saveTree   | +-- events@3.3.0
45492 silly saveTree   | +-- https-browserify@1.0.0
45492 silly saveTree   | +-- os-browserify@0.3.0
45492 silly saveTree   | +-- path-browserify@0.0.1
45492 silly saveTree   | +-- process@0.11.10
45492 silly saveTree   | +-- punycode@1.4.1
45492 silly saveTree   | +-- querystring-es3@0.2.1
45492 silly saveTree   | +-- stream-browserify@2.0.2
45492 silly saveTree   | +-- stream-http@2.8.3
45492 silly saveTree   | | +-- builtin-status-codes@3.0.0
45492 silly saveTree   | | `-- to-arraybuffer@1.0.1
45492 silly saveTree   | +-- timers-browserify@2.0.12
45492 silly saveTree   | | `-- setimmediate@1.0.5
45492 silly saveTree   | +-- tty-browserify@0.0.0
45492 silly saveTree   | +-- url@0.11.0
45492 silly saveTree   | | +-- punycode@1.3.2
45492 silly saveTree   | | `-- querystring@0.2.0
45492 silly saveTree   | +-- util@0.11.1
45492 silly saveTree   | | `-- inherits@2.0.3
45492 silly saveTree   | `-- vm-browserify@1.1.2
45492 silly saveTree   +-- source-map@0.5.7
45492 silly saveTree   +-- supports-color@4.5.0
45492 silly saveTree   | `-- has-flag@2.0.0
45492 silly saveTree   +-- tapable@0.2.9
45492 silly saveTree   +-- uglifyjs-webpack-plugin@0.4.6
45492 silly saveTree   | `-- uglify-js@2.8.29
45492 silly saveTree   |   +-- uglify-to-browserify@1.0.2
45492 silly saveTree   |   `-- yargs@3.10.0
45492 silly saveTree   |     +-- camelcase@1.2.1
45492 silly saveTree   |     +-- cliui@2.1.0
45492 silly saveTree   |     | +-- center-align@0.1.3
45492 silly saveTree   |     | | +-- align-text@0.1.4
45492 silly saveTree   |     | | | `-- longest@1.0.1
45492 silly saveTree   |     | | `-- lazy-cache@1.0.4
45492 silly saveTree   |     | +-- right-align@0.1.3
45492 silly saveTree   |     | `-- wordwrap@0.0.2
45492 silly saveTree   |     `-- window-size@0.1.0
45492 silly saveTree   +-- watchpack@1.7.5
45492 silly saveTree   | +-- chokidar@3.5.3
45492 silly saveTree   | | +-- anymatch@3.1.3
45492 silly saveTree   | | | +-- normalize-path@3.0.0
45492 silly saveTree   | | | `-- picomatch@2.3.1
45492 silly saveTree   | | +-- braces@3.0.2
45492 silly saveTree   | | | `-- fill-range@7.0.1
45492 silly saveTree   | | |   `-- to-regex-range@5.0.1
45492 silly saveTree   | | |     `-- is-number@7.0.0
45492 silly saveTree   | | +-- fsevents@2.3.2
45492 silly saveTree   | | +-- glob-parent@5.1.2
45492 silly saveTree   | | | `-- is-glob@4.0.3
45492 silly saveTree   | | |   `-- is-extglob@2.1.1
45492 silly saveTree   | | +-- is-binary-path@2.1.0
45492 silly saveTree   | | | `-- binary-extensions@2.2.0
45492 silly saveTree   | | +-- is-glob@4.0.3
45492 silly saveTree   | | +-- normalize-path@3.0.0
45492 silly saveTree   | | `-- readdirp@3.6.0
45492 silly saveTree   | `-- watchpack-chokidar2@2.0.1
45492 silly saveTree   |   `-- chokidar@2.1.8
45492 silly saveTree   |     +-- anymatch@2.0.0
45492 silly saveTree   |     | +-- micromatch@3.1.10
45492 silly saveTree   |     | | +-- arr-diff@4.0.0
45492 silly saveTree   |     | | +-- array-unique@0.3.2
45492 silly saveTree   |     | | +-- braces@2.3.2
45492 silly saveTree   |     | | | +-- extend-shallow@2.0.1
45492 silly saveTree   |     | | | +-- fill-range@4.0.0
45492 silly saveTree   |     | | | | +-- extend-shallow@2.0.1
45492 silly saveTree   |     | | | | `-- is-number@3.0.0
45492 silly saveTree   |     | | | |   `-- kind-of@3.2.2
45492 silly saveTree   |     | | | `-- isobject@3.0.1
45492 silly saveTree   |     | | +-- extglob@2.0.4
45492 silly saveTree   |     | | | +-- define-property@1.0.0
45492 silly saveTree   |     | | | | `-- is-descriptor@1.0.2
45492 silly saveTree   |     | | | |   +-- is-accessor-descriptor@1.0.0
45492 silly saveTree   |     | | | |   | `-- kind-of@6.0.3
45492 silly saveTree   |     | | | |   +-- is-data-descriptor@1.0.0
45492 silly saveTree   |     | | | |   `-- kind-of@6.0.3
45492 silly saveTree   |     | | | +-- expand-brackets@2.1.4
45492 silly saveTree   |     | | | | +-- define-property@0.2.5
45492 silly saveTree   |     | | | | | `-- is-descriptor@0.1.6
45492 silly saveTree   |     | | | | |   +-- is-accessor-descriptor@0.1.6
45492 silly saveTree   |     | | | | |   | `-- kind-of@3.2.2
45492 silly saveTree   |     | | | | |   +-- is-data-descriptor@0.1.4
45492 silly saveTree   |     | | | | |   | `-- kind-of@3.2.2
45492 silly saveTree   |     | | | | |   `-- kind-of@5.1.0
45492 silly saveTree   |     | | | | `-- extend-shallow@2.0.1
45492 silly saveTree   |     | | | `-- extend-shallow@2.0.1
45492 silly saveTree   |     | | `-- kind-of@6.0.3
45492 silly saveTree   |     | `-- normalize-path@2.1.1
45492 silly saveTree   |     +-- braces@2.3.2
45492 silly saveTree   |     +-- glob-parent@3.1.0
45492 silly saveTree   |     | `-- is-glob@3.1.0
45492 silly saveTree   |     |   `-- is-extglob@2.1.1
45492 silly saveTree   |     +-- is-glob@4.0.3
45492 silly saveTree   |     `-- normalize-path@3.0.0
45492 silly saveTree   `-- yargs@8.0.2
45492 silly saveTree     +-- camelcase@4.1.0
45492 silly saveTree     +-- cliui@3.2.0
45492 silly saveTree     | `-- string-width@1.0.2
45492 silly saveTree     |   `-- is-fullwidth-code-point@1.0.0
45492 silly saveTree     +-- os-locale@2.1.0
45492 silly saveTree     | +-- execa@0.7.0
45492 silly saveTree     | | +-- cross-spawn@5.1.0
45492 silly saveTree     | | +-- get-stream@3.0.0
45492 silly saveTree     | | +-- npm-run-path@2.0.2
45492 silly saveTree     | | +-- p-finally@1.0.0
45492 silly saveTree     | | `-- strip-eof@1.0.0
45492 silly saveTree     | `-- mem@1.1.0
45492 silly saveTree     +-- read-pkg-up@2.0.0
45492 silly saveTree     | `-- read-pkg@2.0.0
45492 silly saveTree     |   +-- load-json-file@2.0.0
45492 silly saveTree     |   | +-- pify@2.3.0
45492 silly saveTree     |   | `-- strip-bom@3.0.0
45492 silly saveTree     |   `-- path-type@2.0.0
45492 silly saveTree     +-- which-module@2.0.1
45492 silly saveTree     +-- y18n@3.2.2
45492 silly saveTree     `-- yargs-parser@7.0.0
45492 silly saveTree       `-- camelcase@4.1.0
45493 warn notsup Unsupported engine for karma@1.7.1: wanted: {"node":"0.10 || 0.12 || 4 || 5 || 6 || 7 || 8"} (current: {"node":"14.16.0","npm":"6.14.11"})
45494 warn notsup Not compatible with your version of node/npm: karma@1.7.1
45495 verbose notsup Not compatible with your version of node/npm: karma@1.7.1
45495 verbose notsup Required: {"node":"0.10 || 0.12 || 4 || 5 || 6 || 7 || 8"}
45495 verbose notsup Actual:   {"npm":"6.14.11","node":"14.16.0"}
45496 warn optional SKIPPING OPTIONAL DEPENDENCY: fsevents@^1.0.0 (node_modules\chokidar\node_modules\fsevents):
45497 warn notsup SKIPPING OPTIONAL DEPENDENCY: Unsupported platform for fsevents@1.2.13: wanted {"os":"darwin","arch":"any"} (current: {"os":"win32","arch":"x64"})
45498 verbose notsup SKIPPING OPTIONAL DEPENDENCY: Valid OS:    darwin
45498 verbose notsup SKIPPING OPTIONAL DEPENDENCY: Valid Arch:  any
45498 verbose notsup SKIPPING OPTIONAL DEPENDENCY: Actual OS:   win32
45498 verbose notsup SKIPPING OPTIONAL DEPENDENCY: Actual Arch: x64
45499 warn optional SKIPPING OPTIONAL DEPENDENCY: fsevents@~2.3.2 (node_modules\watchpack\node_modules\chokidar\node_modules\fsevents):
45500 warn notsup SKIPPING OPTIONAL DEPENDENCY: Unsupported platform for fsevents@2.3.2: wanted {"os":"darwin","arch":"any"} (current: {"os":"win32","arch":"x64"})
45501 verbose notsup SKIPPING OPTIONAL DEPENDENCY: Valid OS:    darwin
45501 verbose notsup SKIPPING OPTIONAL DEPENDENCY: Valid Arch:  any
45501 verbose notsup SKIPPING OPTIONAL DEPENDENCY: Actual OS:   win32
45501 verbose notsup SKIPPING OPTIONAL DEPENDENCY: Actual Arch: x64
45502 warn update-browserslist-db@1.0.11 requires a peer of browserslist@>= 4.21.0 but none is installed. You must install peer dependencies yourself.
45503 verbose stack Error: phantomjs-prebuilt@2.1.16 install: `node install.js`
45503 verbose stack Exit status 1
45503 verbose stack     at EventEmitter.<anonymous> (D:\software\development\node_modules\npm\node_modules\npm-lifecycle\index.js:332:16)
45503 verbose stack     at EventEmitter.emit (events.js:315:20)
45503 verbose stack     at ChildProcess.<anonymous> (D:\software\development\node_modules\npm\node_modules\npm-lifecycle\lib\spawn.js:55:14)
45503 verbose stack     at ChildProcess.emit (events.js:315:20)
45503 verbose stack     at maybeClose (internal/child_process.js:1048:16)
45503 verbose stack     at Process.ChildProcess._handle.onexit (internal/child_process.js:288:5)
45504 verbose pkgid phantomjs-prebuilt@2.1.16
45505 verbose cwd D:\software\CodeLibrary\es-vue-project
45506 verbose Windows_NT 10.0.19045
45507 verbose argv "D:\\software\\development\\node.exe" "D:\\software\\development\\node_modules\\npm\\bin\\npm-cli.js" "install"
45508 verbose node v14.16.0
45509 verbose npm  v6.14.11
45510 error code ELIFECYCLE
45511 error errno 1
45512 error phantomjs-prebuilt@2.1.16 install: `node install.js`
45512 error Exit status 1
45513 error Failed at the phantomjs-prebuilt@2.1.16 install script.
45513 error This is probably not a problem with npm. There is likely additional logging output above.
45514 verbose exit [ 1, true ]
