0 info it worked if it ends with ok
1 verbose cli [
1 verbose cli   'D:\\software\\development\\node.exe',
1 verbose cli   'D:\\software\\development\\node_modules\\npm\\bin\\npm-cli.js',
1 verbose cli   'install'
1 verbose cli ]
2 info using npm@6.14.11
3 info using node@v14.16.0
4 verbose npm-session 55578009f4e71b0e
5 silly install runPreinstallTopLevelLifecycles
6 silly preinstall es-vue-project@1.0.0
7 info lifecycle es-vue-project@1.0.0~preinstall: es-vue-project@1.0.0
8 silly install loadCurrentTree
9 silly install readLocalPackageData
10 timing stage:loadCurrentTree Completed in 1961ms
11 silly install loadIdealTree
12 silly install cloneCurrentTreeToIdealTree
13 timing stage:loadIdealTree:cloneCurrentTree Completed in 21ms
14 silly install loadShrinkwrap
15 timing stage:loadIdealTree:loadShrinkwrap Completed in 385ms
16 silly install loadAllDepsIntoIdealTree
17 http fetch GET 304 https://registry.npmjs.org/phantomjs-prebuilt 941ms (from cache)
18 silly pacote range manifest for phantomjs-prebuilt@^2.1.14 fetched in 946ms
19 warn deprecated phantomjs-prebuilt@2.1.16: this package is now deprecated
20 http fetch GET 200 https://registry.npmjs.org/extract-zip 28ms (from cache)
21 http fetch GET 200 https://registry.npmjs.org/hasha 27ms (from cache)
22 http fetch GET 200 https://registry.npmjs.org/progress 23ms (from cache)
23 http fetch GET 200 https://registry.npmjs.org/fs-extra 29ms (from cache)
24 silly pacote range manifest for hasha@^2.2.0 fetched in 32ms
25 silly pacote range manifest for extract-zip@^1.6.5 fetched in 35ms
26 silly pacote range manifest for progress@^1.1.8 fetched in 29ms
27 silly pacote range manifest for fs-extra@^1.0.0 fetched in 34ms
28 http fetch GET 200 https://registry.npmjs.org/jsonfile 8ms (from cache)
29 http fetch GET 200 https://registry.npmjs.org/klaw 9ms (from cache)
30 silly pacote range manifest for jsonfile@^2.1.0 fetched in 11ms
31 silly pacote range manifest for klaw@^1.0.0 fetched in 11ms
32 http fetch GET 304 https://registry.npmjs.org/karma-phantomjs-launcher 1003ms (from cache)
33 silly pacote range manifest for karma-phantomjs-launcher@^1.0.2 fetched in 1020ms
34 warn deprecated karma-phantomjs-launcher@1.0.4: PhantomJS development have stopped, use puppeteer or similar
35 silly pacote range manifest for phantomjs-prebuilt@^2.1.7 fetched in 2ms
36 http fetch GET 304 https://registry.npmjs.org/es6-promise 254ms (from cache)
37 silly pacote range manifest for es6-promise@^4.0.3 fetched in 255ms
38 http fetch GET 304 https://registry.npmjs.org/kew 344ms (from cache)
39 silly pacote range manifest for kew@^0.7.0 fetched in 345ms
40 http fetch GET 304 https://registry.npmjs.org/yauzl 649ms (from cache)
41 silly pacote range manifest for yauzl@^2.10.0 fetched in 650ms
42 http fetch GET 304 https://registry.npmjs.org/request 684ms (from cache)
43 silly pacote range manifest for request@^2.81.0 fetched in 687ms
44 warn deprecated request@2.88.2: request has been deprecated, see https://github.com/request/request/issues/3142
45 http fetch GET 200 https://registry.npmjs.org/fd-slicer 16ms (from cache)
46 http fetch GET 200 https://registry.npmjs.org/buffer-crc32 18ms (from cache)
47 silly pacote range manifest for fd-slicer@~1.1.0 fetched in 24ms
48 silly pacote range manifest for buffer-crc32@~0.2.3 fetched in 28ms
49 http fetch GET 200 https://registry.npmjs.org/forever-agent 15ms (from cache)
50 http fetch GET 200 https://registry.npmjs.org/aws-sign2 19ms (from cache)
51 http fetch GET 200 https://registry.npmjs.org/form-data 18ms (from cache)
52 http fetch GET 200 https://registry.npmjs.org/caseless 21ms (from cache)
53 http fetch GET 200 https://registry.npmjs.org/aws4 23ms (from cache)
54 http fetch GET 200 https://registry.npmjs.org/har-validator 20ms (from cache)
55 silly pacote range manifest for forever-agent@~0.6.1 fetched in 24ms
56 silly pacote range manifest for aws-sign2@~0.7.0 fetched in 26ms
57 silly pacote range manifest for form-data@~2.3.2 fetched in 27ms
58 silly pacote range manifest for caseless@~0.12.0 fetched in 29ms
59 silly pacote range manifest for aws4@^1.8.0 fetched in 32ms
60 silly pacote range manifest for har-validator@~5.1.3 fetched in 29ms
61 warn deprecated har-validator@5.1.5: this library is no longer supported
62 http fetch GET 200 https://registry.npmjs.org/isstream 18ms (from cache)
63 http fetch GET 200 https://registry.npmjs.org/json-stringify-safe 19ms (from cache)
64 silly pacote range manifest for isstream@~0.1.2 fetched in 20ms
65 silly pacote range manifest for json-stringify-safe@~5.0.1 fetched in 21ms
66 http fetch GET 304 https://registry.npmjs.org/combined-stream 232ms (from cache)
67 silly pacote range manifest for combined-stream@~1.0.6 fetched in 233ms
68 http fetch GET 200 https://registry.npmjs.org/asynckit 2ms (from cache)
69 silly pacote range manifest for asynckit@^0.4.0 fetched in 3ms
70 silly pacote range manifest for combined-stream@^1.0.6 fetched in 3ms
71 http fetch GET 200 https://registry.npmjs.org/ajv 8ms (from cache)
72 silly pacote range manifest for ajv@^6.12.3 fetched in 17ms
73 http fetch GET 200 https://registry.npmjs.org/har-schema 6ms (from cache)
74 http fetch GET 304 https://registry.npmjs.org/http-signature 252ms (from cache)
75 silly pacote range manifest for har-schema@^2.0.0 fetched in 8ms
76 silly pacote range manifest for http-signature@~1.2.0 fetched in 255ms
77 http fetch GET 200 https://registry.npmjs.org/delayed-stream 8ms (from cache)
78 http fetch GET 304 https://registry.npmjs.org/is-typedarray 256ms (from cache)
79 http fetch GET 200 https://registry.npmjs.org/fast-deep-equal 6ms (from cache)
80 silly pacote range manifest for delayed-stream@~1.0.0 fetched in 10ms
81 silly pacote range manifest for is-typedarray@~1.0.0 fetched in 260ms
82 silly pacote range manifest for fast-deep-equal@^3.1.1 fetched in 10ms
83 http fetch GET 304 https://registry.npmjs.org/oauth-sign 252ms (from cache)
84 silly pacote range manifest for oauth-sign@~0.9.0 fetched in 254ms
85 http fetch GET 200 https://registry.npmjs.org/sshpk 4ms (from cache)
86 silly pacote range manifest for sshpk@^1.7.0 fetched in 6ms
87 http fetch GET 200 https://registry.npmjs.org/asn1 2ms (from cache)
88 silly pacote range manifest for asn1@~0.2.3 fetched in 3ms
89 http fetch GET 304 https://registry.npmjs.org/json-schema-traverse 242ms (from cache)
90 http fetch GET 304 https://registry.npmjs.org/assert-plus 242ms (from cache)
91 http fetch GET 304 https://registry.npmjs.org/jsprim 243ms (from cache)
92 silly pacote range manifest for json-schema-traverse@^0.4.1 fetched in 245ms
93 silly pacote range manifest for assert-plus@^1.0.0 fetched in 247ms
94 silly pacote range manifest for jsprim@^1.2.2 fetched in 247ms
95 http fetch GET 200 https://registry.npmjs.org/getpass 9ms (from cache)
96 http fetch GET 200 https://registry.npmjs.org/jsbn 8ms (from cache)
97 http fetch GET 200 https://registry.npmjs.org/tweetnacl 7ms (from cache)
98 silly pacote range manifest for getpass@^0.1.1 fetched in 12ms
99 silly pacote range manifest for jsbn@~0.1.0 fetched in 11ms
100 silly pacote range manifest for tweetnacl@~0.14.0 fetched in 10ms
101 silly pacote version manifest for assert-plus@1.0.0 fetched in 5ms
102 http fetch GET 200 https://registry.npmjs.org/bcrypt-pbkdf 7ms (from cache)
103 silly pacote range manifest for bcrypt-pbkdf@^1.0.0 fetched in 9ms
104 http fetch GET 200 https://registry.npmjs.org/extsprintf 5ms (from cache)
105 http fetch GET 304 https://registry.npmjs.org/dashdash 254ms (from cache)
106 silly pacote version manifest for extsprintf@1.3.0 fetched in 7ms
107 silly pacote range manifest for dashdash@^1.12.0 fetched in 257ms
108 http fetch GET 200 https://registry.npmjs.org/json-schema 10ms (from cache)
109 silly pacote range manifest for tweetnacl@^0.14.3 fetched in 8ms
110 silly pacote version manifest for json-schema@0.4.0 fetched in 20ms
111 http fetch GET 200 https://registry.npmjs.org/verror 17ms (from cache)
112 silly pacote version manifest for verror@1.10.0 fetched in 21ms
113 silly pacote range manifest for extsprintf@^1.2.0 fetched in 1ms
114 http fetch GET 304 https://registry.npmjs.org/performance-now 649ms (from cache)
115 http fetch GET 304 https://registry.npmjs.org/request-progress 1373ms (from cache)
116 silly pacote range manifest for performance-now@^2.1.0 fetched in 652ms
117 silly pacote range manifest for request-progress@^2.0.1 fetched in 1375ms
118 http fetch GET 304 https://registry.npmjs.org/tough-cookie 697ms (from cache)
119 silly pacote range manifest for tough-cookie@~2.5.0 fetched in 706ms
120 http fetch GET 200 https://registry.npmjs.org/psl 9ms (from cache)
121 silly pacote range manifest for psl@^1.1.28 fetched in 12ms
122 http fetch GET 304 https://registry.npmjs.org/pend 711ms (from cache)
123 silly pacote range manifest for pend@~1.2.0 fetched in 713ms
124 http fetch GET 304 https://registry.npmjs.org/ecc-jsbn 232ms (from cache)
125 silly pacote range manifest for ecc-jsbn@~0.1.1 fetched in 233ms
126 http fetch GET 304 https://registry.npmjs.org/throttleit 240ms (from cache)
127 silly pacote range manifest for throttleit@^1.0.0 fetched in 241ms
128 http fetch GET 304 https://registry.npmjs.org/qs 1242ms (from cache)
129 silly pacote range manifest for qs@~6.5.2 fetched in 1244ms
130 http fetch GET 304 https://registry.npmjs.org/core-util-is 705ms (from cache)
131 silly pacote version manifest for core-util-is@1.0.2 fetched in 705ms
132 http fetch GET 304 https://registry.npmjs.org/tunnel-agent 1282ms (from cache)
133 silly pacote range manifest for tunnel-agent@^0.6.0 fetched in 1282ms
134 silly pacote range manifest for phantomjs-prebuilt@^2.1.14 fetched in 15ms
135 silly resolveWithNewModule phantomjs-prebuilt@2.1.16 checking installable status
136 silly pacote range manifest for karma-phantomjs-launcher@^1.0.2 fetched in 20ms
137 silly resolveWithNewModule karma-phantomjs-launcher@1.0.4 checking installable status
138 http fetch GET 200 https://registry.npmjs.org/fsevents 2ms (from cache)
139 silly pacote range manifest for fsevents@^1.0.0 fetched in 5ms
140 warn deprecated fsevents@1.2.13: The v1 package contains DANGEROUS / INSECURE binaries. Upgrade to safe fsevents v2
141 silly resolveWithNewModule fsevents@1.2.13 checking installable status
142 silly pacote range manifest for fs-extra@^1.0.0 fetched in 2ms
143 silly resolveWithNewModule fs-extra@1.0.0 checking installable status
144 silly pacote range manifest for hasha@^2.2.0 fetched in 3ms
145 silly resolveWithNewModule hasha@2.2.0 checking installable status
146 silly pacote range manifest for extract-zip@^1.6.5 fetched in 3ms
147 silly resolveWithNewModule extract-zip@1.7.0 checking installable status
148 silly pacote range manifest for es6-promise@^4.0.3 fetched in 4ms
149 silly resolveWithNewModule es6-promise@4.2.8 checking installable status
150 silly pacote range manifest for kew@^0.7.0 fetched in 4ms
151 silly resolveWithNewModule kew@0.7.0 checking installable status
152 silly pacote range manifest for progress@^1.1.8 fetched in 5ms
153 silly resolveWithNewModule progress@1.1.8 checking installable status
154 silly pacote range manifest for request@^2.81.0 fetched in 5ms
155 silly resolveWithNewModule request@2.88.2 checking installable status
156 silly pacote range manifest for request-progress@^2.0.1 fetched in 5ms
157 silly resolveWithNewModule request-progress@2.0.1 checking installable status
158 silly pacote range manifest for yauzl@^2.10.0 fetched in 0ms
159 silly resolveWithNewModule yauzl@2.10.0 checking installable status
160 silly pacote range manifest for fd-slicer@~1.1.0 fetched in 1ms
161 silly resolveWithNewModule fd-slicer@1.1.0 checking installable status
162 silly pacote range manifest for buffer-crc32@~0.2.3 fetched in 2ms
163 silly resolveWithNewModule buffer-crc32@0.2.13 checking installable status
164 silly pacote range manifest for pend@~1.2.0 fetched in 0ms
165 silly resolveWithNewModule pend@1.2.0 checking installable status
166 silly pacote range manifest for klaw@^1.0.0 fetched in 1ms
167 silly resolveWithNewModule klaw@1.3.1 checking installable status
168 silly pacote range manifest for jsonfile@^2.1.0 fetched in 1ms
169 silly resolveWithNewModule jsonfile@2.4.0 checking installable status
170 silly pacote range manifest for aws4@^1.8.0 fetched in 2ms
171 silly resolveWithNewModule aws4@1.12.0 checking installable status
172 silly pacote range manifest for aws-sign2@~0.7.0 fetched in 3ms
173 silly resolveWithNewModule aws-sign2@0.7.0 checking installable status
174 silly pacote range manifest for forever-agent@~0.6.1 fetched in 4ms
175 silly resolveWithNewModule forever-agent@0.6.1 checking installable status
176 silly pacote range manifest for form-data@~2.3.2 fetched in 4ms
177 silly resolveWithNewModule form-data@2.3.3 checking installable status
178 silly pacote range manifest for caseless@~0.12.0 fetched in 4ms
179 silly resolveWithNewModule caseless@0.12.0 checking installable status
180 silly pacote range manifest for combined-stream@~1.0.6 fetched in 5ms
181 silly resolveWithNewModule combined-stream@1.0.8 checking installable status
182 silly pacote range manifest for http-signature@~1.2.0 fetched in 5ms
183 silly resolveWithNewModule http-signature@1.2.0 checking installable status
184 silly pacote range manifest for is-typedarray@~1.0.0 fetched in 6ms
185 silly resolveWithNewModule is-typedarray@1.0.0 checking installable status
186 silly pacote range manifest for har-validator@~5.1.3 fetched in 6ms
187 silly resolveWithNewModule har-validator@5.1.5 checking installable status
188 silly pacote range manifest for isstream@~0.1.2 fetched in 7ms
189 silly resolveWithNewModule isstream@0.1.2 checking installable status
190 silly pacote range manifest for json-stringify-safe@~5.0.1 fetched in 5ms
191 silly resolveWithNewModule json-stringify-safe@5.0.1 checking installable status
192 silly pacote range manifest for performance-now@^2.1.0 fetched in 2ms
193 silly resolveWithNewModule performance-now@2.1.0 checking installable status
194 silly pacote range manifest for oauth-sign@~0.9.0 fetched in 2ms
195 silly resolveWithNewModule oauth-sign@0.9.0 checking installable status
196 silly pacote range manifest for tough-cookie@~2.5.0 fetched in 2ms
197 silly resolveWithNewModule tough-cookie@2.5.0 checking installable status
198 silly pacote range manifest for qs@~6.5.2 fetched in 3ms
199 silly resolveWithNewModule qs@6.5.3 checking installable status
200 silly pacote range manifest for tunnel-agent@^0.6.0 fetched in 3ms
201 silly resolveWithNewModule tunnel-agent@0.6.0 checking installable status
202 silly pacote range manifest for delayed-stream@~1.0.0 fetched in 1ms
203 silly resolveWithNewModule delayed-stream@1.0.0 checking installable status
204 silly pacote range manifest for asynckit@^0.4.0 fetched in 0ms
205 silly resolveWithNewModule asynckit@0.4.0 checking installable status
206 silly pacote range manifest for ajv@^6.12.3 fetched in 1ms
207 silly resolveWithNewModule ajv@6.12.6 checking installable status
208 silly pacote range manifest for har-schema@^2.0.0 fetched in 2ms
209 silly resolveWithNewModule har-schema@2.0.0 checking installable status
210 silly pacote range manifest for fast-deep-equal@^3.1.1 fetched in 1ms
211 silly resolveWithNewModule fast-deep-equal@3.1.3 checking installable status
212 silly pacote range manifest for json-schema-traverse@^0.4.1 fetched in 1ms
213 silly resolveWithNewModule json-schema-traverse@0.4.1 checking installable status
214 silly pacote range manifest for assert-plus@^1.0.0 fetched in 1ms
215 silly resolveWithNewModule assert-plus@1.0.0 checking installable status
216 silly pacote range manifest for jsprim@^1.2.2 fetched in 2ms
217 silly resolveWithNewModule jsprim@1.4.2 checking installable status
218 silly pacote range manifest for sshpk@^1.7.0 fetched in 2ms
219 silly resolveWithNewModule sshpk@1.17.0 checking installable status
220 silly pacote version manifest for extsprintf@1.3.0 fetched in 1ms
221 silly resolveWithNewModule extsprintf@1.3.0 checking installable status
222 silly pacote version manifest for json-schema@0.4.0 fetched in 1ms
223 silly resolveWithNewModule json-schema@0.4.0 checking installable status
224 silly pacote version manifest for verror@1.10.0 fetched in 2ms
225 silly resolveWithNewModule verror@1.10.0 checking installable status
226 silly pacote version manifest for core-util-is@1.0.2 fetched in 1ms
227 silly resolveWithNewModule core-util-is@1.0.2 checking installable status
228 silly pacote range manifest for dashdash@^1.12.0 fetched in 2ms
229 silly resolveWithNewModule dashdash@1.14.1 checking installable status
230 silly pacote range manifest for getpass@^0.1.1 fetched in 2ms
231 silly resolveWithNewModule getpass@0.1.7 checking installable status
232 silly pacote range manifest for jsbn@~0.1.0 fetched in 2ms
233 silly resolveWithNewModule jsbn@0.1.1 checking installable status
234 silly pacote range manifest for asn1@~0.2.3 fetched in 3ms
235 silly resolveWithNewModule asn1@0.2.6 checking installable status
236 silly pacote range manifest for ecc-jsbn@~0.1.1 fetched in 3ms
237 silly resolveWithNewModule ecc-jsbn@0.1.2 checking installable status
238 silly pacote range manifest for tweetnacl@~0.14.0 fetched in 3ms
239 silly resolveWithNewModule tweetnacl@0.14.5 checking installable status
240 silly pacote range manifest for bcrypt-pbkdf@^1.0.0 fetched in 3ms
241 silly resolveWithNewModule bcrypt-pbkdf@1.0.2 checking installable status
242 silly pacote range manifest for psl@^1.1.28 fetched in 1ms
243 silly resolveWithNewModule psl@1.9.0 checking installable status
244 silly pacote range manifest for throttleit@^1.0.0 fetched in 1ms
245 silly resolveWithNewModule throttleit@1.0.0 checking installable status
246 silly pacote range manifest for fsevents@~2.3.2 fetched in 1ms
247 silly resolveWithNewModule fsevents@2.3.2 checking installable status
248 timing stage:loadIdealTree:loadAllDepsIntoIdealTree Completed in 4347ms
249 timing stage:loadIdealTree Completed in 5216ms
250 silly currentTree es-vue-project@1.0.0
250 silly currentTree +-- @babel/code-frame@7.0.0-beta.44
250 silly currentTree +-- @babel/generator@7.0.0-beta.44
250 silly currentTree | +-- jsesc@2.5.2
250 silly currentTree | `-- source-map@0.5.7
250 silly currentTree +-- @babel/helper-function-name@7.0.0-beta.44
250 silly currentTree +-- @babel/helper-get-function-arity@7.0.0-beta.44
250 silly currentTree +-- @babel/helper-split-export-declaration@7.0.0-beta.44
250 silly currentTree +-- @babel/highlight@7.0.0-beta.44
250 silly currentTree +-- @babel/parser@7.21.4
250 silly currentTree +-- @babel/template@7.0.0-beta.44
250 silly currentTree | `-- babylon@7.0.0-beta.44
250 silly currentTree +-- @babel/traverse@7.0.0-beta.44
250 silly currentTree | +-- babylon@7.0.0-beta.44
250 silly currentTree | +-- debug@3.2.7
250 silly currentTree | +-- globals@11.12.0
250 silly currentTree | `-- ms@2.1.3
250 silly currentTree +-- @babel/types@7.0.0-beta.44
250 silly currentTree | `-- to-fast-properties@2.0.0
250 silly currentTree +-- @sinonjs/commons@1.8.6
250 silly currentTree +-- @sinonjs/formatio@2.0.0
250 silly currentTree +-- @sinonjs/samsam@3.3.3
250 silly currentTree +-- @sinonjs/text-encoding@0.7.2
250 silly currentTree +-- @types/json5@0.0.29
250 silly currentTree +-- @types/q@1.5.5
250 silly currentTree +-- @vue/compiler-sfc@2.7.14
250 silly currentTree +-- abbrev@1.0.9
250 silly currentTree +-- accepts@1.3.3
250 silly currentTree +-- acorn-dynamic-import@2.0.2
250 silly currentTree | `-- acorn@4.0.13
250 silly currentTree +-- acorn-jsx@3.0.1
250 silly currentTree | `-- acorn@3.3.0
250 silly currentTree +-- acorn@5.7.4
250 silly currentTree +-- after@0.8.2
250 silly currentTree +-- ajv-keywords@2.1.1
250 silly currentTree +-- ajv@5.5.2
250 silly currentTree +-- align-text@0.1.4
250 silly currentTree +-- alphanum-sort@1.0.2
250 silly currentTree +-- amdefine@1.0.1
250 silly currentTree +-- ansi-escapes@3.2.0
250 silly currentTree +-- ansi-html@0.0.7
250 silly currentTree +-- ansi-regex@2.1.1
250 silly currentTree +-- ansi-styles@3.2.1
250 silly currentTree +-- anymatch@1.3.2
250 silly currentTree +-- aproba@1.2.0
250 silly currentTree +-- argparse@1.0.10
250 silly currentTree +-- arr-diff@2.0.0
250 silly currentTree +-- arr-flatten@1.1.0
250 silly currentTree +-- arr-union@3.1.0
250 silly currentTree +-- array-buffer-byte-length@1.0.0
250 silly currentTree +-- array-find-index@1.0.2
250 silly currentTree +-- array-flatten@1.1.1
250 silly currentTree +-- array-from@2.1.1
250 silly currentTree +-- array-includes@3.1.6
250 silly currentTree +-- array-slice@0.2.3
250 silly currentTree +-- array-union@1.0.2
250 silly currentTree +-- array-uniq@1.0.3
250 silly currentTree +-- array-unique@0.2.1
250 silly currentTree +-- array.prototype.flat@1.3.1
250 silly currentTree +-- array.prototype.flatmap@1.3.1
250 silly currentTree +-- array.prototype.reduce@1.0.5
250 silly currentTree +-- arraybuffer.slice@0.0.6
250 silly currentTree +-- arrify@1.0.1
250 silly currentTree +-- asn1.js@5.4.1
250 silly currentTree | `-- bn.js@4.12.0
250 silly currentTree +-- assert@1.5.0
250 silly currentTree | +-- inherits@2.0.1
250 silly currentTree | `-- util@0.10.3
250 silly currentTree +-- assertion-error@1.1.0
250 silly currentTree +-- assign-symbols@1.0.0
250 silly currentTree +-- async-each@1.0.6
250 silly currentTree +-- async-limiter@1.0.1
250 silly currentTree +-- async-validator@1.8.5
250 silly currentTree +-- async@2.6.4
250 silly currentTree +-- atob@2.1.2
250 silly currentTree +-- autoprefixer@7.2.6
250 silly currentTree | `-- postcss@6.0.23
250 silly currentTree +-- available-typed-arrays@1.0.5
250 silly currentTree +-- axios@0.25.0
250 silly currentTree +-- babel-code-frame@6.26.0
250 silly currentTree | +-- ansi-styles@2.2.1
250 silly currentTree | +-- chalk@1.1.3
250 silly currentTree | `-- supports-color@2.0.0
250 silly currentTree +-- babel-core@6.26.3
250 silly currentTree | `-- source-map@0.5.7
250 silly currentTree +-- babel-eslint@8.2.6
250 silly currentTree | `-- babylon@7.0.0-beta.44
250 silly currentTree +-- babel-generator@6.26.1
250 silly currentTree | `-- source-map@0.5.7
250 silly currentTree +-- babel-helper-bindify-decorators@6.24.1
250 silly currentTree +-- babel-helper-builder-binary-assignment-operator-visitor@6.24.1
250 silly currentTree +-- babel-helper-call-delegate@6.24.1
250 silly currentTree +-- babel-helper-define-map@6.26.0
250 silly currentTree +-- babel-helper-explode-assignable-expression@6.24.1
250 silly currentTree +-- babel-helper-explode-class@6.24.1
250 silly currentTree +-- babel-helper-function-name@6.24.1
250 silly currentTree +-- babel-helper-get-function-arity@6.24.1
250 silly currentTree +-- babel-helper-hoist-variables@6.24.1
250 silly currentTree +-- babel-helper-optimise-call-expression@6.24.1
250 silly currentTree +-- babel-helper-regex@6.26.0
250 silly currentTree +-- babel-helper-remap-async-to-generator@6.24.1
250 silly currentTree +-- babel-helper-replace-supers@6.24.1
250 silly currentTree +-- babel-helper-vue-jsx-merge-props@2.0.3
250 silly currentTree +-- babel-helpers@6.24.1
250 silly currentTree +-- babel-loader@7.1.5
250 silly currentTree +-- babel-messages@6.23.0
250 silly currentTree +-- babel-plugin-check-es2015-constants@6.22.0
250 silly currentTree +-- babel-plugin-istanbul@4.1.6
250 silly currentTree +-- babel-plugin-syntax-async-functions@6.13.0
250 silly currentTree +-- babel-plugin-syntax-async-generators@6.13.0
250 silly currentTree +-- babel-plugin-syntax-class-properties@6.13.0
250 silly currentTree +-- babel-plugin-syntax-decorators@6.13.0
250 silly currentTree +-- babel-plugin-syntax-dynamic-import@6.18.0
250 silly currentTree +-- babel-plugin-syntax-exponentiation-operator@6.13.0
250 silly currentTree +-- babel-plugin-syntax-jsx@6.18.0
250 silly currentTree +-- babel-plugin-syntax-object-rest-spread@6.13.0
250 silly currentTree +-- babel-plugin-syntax-trailing-function-commas@6.22.0
250 silly currentTree +-- babel-plugin-transform-async-generator-functions@6.24.1
250 silly currentTree +-- babel-plugin-transform-async-to-generator@6.24.1
250 silly currentTree +-- babel-plugin-transform-class-properties@6.24.1
250 silly currentTree +-- babel-plugin-transform-decorators@6.24.1
250 silly currentTree +-- babel-plugin-transform-es2015-arrow-functions@6.22.0
250 silly currentTree +-- babel-plugin-transform-es2015-block-scoped-functions@6.22.0
250 silly currentTree +-- babel-plugin-transform-es2015-block-scoping@6.26.0
250 silly currentTree +-- babel-plugin-transform-es2015-classes@6.24.1
250 silly currentTree +-- babel-plugin-transform-es2015-computed-properties@6.24.1
250 silly currentTree +-- babel-plugin-transform-es2015-destructuring@6.23.0
250 silly currentTree +-- babel-plugin-transform-es2015-duplicate-keys@6.24.1
250 silly currentTree +-- babel-plugin-transform-es2015-for-of@6.23.0
250 silly currentTree +-- babel-plugin-transform-es2015-function-name@6.24.1
250 silly currentTree +-- babel-plugin-transform-es2015-literals@6.22.0
250 silly currentTree +-- babel-plugin-transform-es2015-modules-amd@6.24.1
250 silly currentTree +-- babel-plugin-transform-es2015-modules-commonjs@6.26.2
250 silly currentTree +-- babel-plugin-transform-es2015-modules-systemjs@6.24.1
250 silly currentTree +-- babel-plugin-transform-es2015-modules-umd@6.24.1
250 silly currentTree +-- babel-plugin-transform-es2015-object-super@6.24.1
250 silly currentTree +-- babel-plugin-transform-es2015-parameters@6.24.1
250 silly currentTree +-- babel-plugin-transform-es2015-shorthand-properties@6.24.1
250 silly currentTree +-- babel-plugin-transform-es2015-spread@6.22.0
250 silly currentTree +-- babel-plugin-transform-es2015-sticky-regex@6.24.1
250 silly currentTree +-- babel-plugin-transform-es2015-template-literals@6.22.0
250 silly currentTree +-- babel-plugin-transform-es2015-typeof-symbol@6.23.0
250 silly currentTree +-- babel-plugin-transform-es2015-unicode-regex@6.24.1
250 silly currentTree +-- babel-plugin-transform-exponentiation-operator@6.24.1
250 silly currentTree +-- babel-plugin-transform-object-rest-spread@6.26.0
250 silly currentTree +-- babel-plugin-transform-regenerator@6.26.0
250 silly currentTree +-- babel-plugin-transform-runtime@6.23.0
250 silly currentTree +-- babel-plugin-transform-strict-mode@6.24.1
250 silly currentTree +-- babel-plugin-transform-vue-jsx@3.7.0
250 silly currentTree +-- babel-preset-env@1.7.0
250 silly currentTree | `-- browserslist@3.2.8
250 silly currentTree +-- babel-preset-stage-2@6.24.1
250 silly currentTree +-- babel-preset-stage-3@6.24.1
250 silly currentTree +-- babel-register@6.26.0
250 silly currentTree +-- babel-runtime@6.26.0
250 silly currentTree +-- babel-template@6.26.0
250 silly currentTree +-- babel-traverse@6.26.0
250 silly currentTree +-- babel-types@6.26.0
250 silly currentTree +-- babylon@6.18.0
250 silly currentTree +-- backo2@1.0.2
250 silly currentTree +-- balanced-match@1.0.2
250 silly currentTree +-- base@0.11.2
250 silly currentTree | +-- define-property@1.0.0
250 silly currentTree | +-- is-accessor-descriptor@1.0.0
250 silly currentTree | +-- is-data-descriptor@1.0.0
250 silly currentTree | +-- is-descriptor@1.0.2
250 silly currentTree | +-- isobject@3.0.1
250 silly currentTree | `-- kind-of@6.0.3
250 silly currentTree +-- base64-arraybuffer@0.1.5
250 silly currentTree +-- base64-js@1.5.1
250 silly currentTree +-- base64id@1.0.0
250 silly currentTree +-- batch@0.6.1
250 silly currentTree +-- better-assert@1.0.2
250 silly currentTree +-- bfj-node4@5.3.1
250 silly currentTree +-- big.js@5.2.2
250 silly currentTree +-- binary-extensions@1.13.1
250 silly currentTree +-- bindings@1.5.0
250 silly currentTree +-- blob@0.0.4
250 silly currentTree +-- bluebird@3.7.2
250 silly currentTree +-- bn.js@5.2.1
250 silly currentTree +-- body-parser@1.20.2
250 silly currentTree +-- bonjour@3.5.0
250 silly currentTree | `-- array-flatten@2.1.2
250 silly currentTree +-- boolbase@1.0.0
250 silly currentTree +-- brace-expansion@1.1.11
250 silly currentTree +-- braces@1.8.5
250 silly currentTree +-- brorand@1.1.0
250 silly currentTree +-- browser-stdout@1.3.0
250 silly currentTree +-- browserify-aes@1.2.0
250 silly currentTree +-- browserify-cipher@1.0.1
250 silly currentTree +-- browserify-des@1.0.2
250 silly currentTree +-- browserify-rsa@4.1.0
250 silly currentTree +-- browserify-sign@4.2.1
250 silly currentTree | +-- readable-stream@3.6.2
250 silly currentTree | `-- safe-buffer@5.2.1
250 silly currentTree +-- browserify-zlib@0.2.0
250 silly currentTree +-- browserslist@2.11.3
250 silly currentTree +-- buffer-alloc-unsafe@1.1.0
250 silly currentTree +-- buffer-alloc@1.2.0
250 silly currentTree +-- buffer-fill@1.0.0
250 silly currentTree +-- buffer-from@1.1.2
250 silly currentTree +-- buffer-indexof@1.1.1
250 silly currentTree +-- buffer-xor@1.0.3
250 silly currentTree +-- buffer@4.9.2
250 silly currentTree +-- builtin-status-codes@3.0.0
250 silly currentTree +-- bytes@3.1.2
250 silly currentTree +-- cacache@10.0.4
250 silly currentTree +-- cache-base@1.0.1
250 silly currentTree | `-- isobject@3.0.1
250 silly currentTree +-- call-bind@1.0.2
250 silly currentTree +-- caller-callsite@2.0.0
250 silly currentTree | `-- callsites@2.0.0
250 silly currentTree +-- caller-path@0.1.0
250 silly currentTree +-- callsite@1.0.0
250 silly currentTree +-- callsites@0.2.0
250 silly currentTree +-- camel-case@3.0.0
250 silly currentTree +-- camelcase-keys@2.1.0
250 silly currentTree +-- camelcase@2.1.1
250 silly currentTree +-- caniuse-api@1.6.1
250 silly currentTree | `-- browserslist@1.7.7
250 silly currentTree +-- caniuse-db@1.0.30001481
250 silly currentTree +-- caniuse-lite@1.0.30001481
250 silly currentTree +-- center-align@0.1.3
250 silly currentTree +-- chai@4.3.7
250 silly currentTree +-- chalk@2.4.2
250 silly currentTree +-- chardet@0.4.2
250 silly currentTree +-- check-error@1.0.2
250 silly currentTree +-- check-types@7.4.0
250 silly currentTree +-- chokidar@1.7.0
250 silly currentTree +-- chownr@1.1.4
250 silly currentTree +-- cipher-base@1.0.4
250 silly currentTree +-- circular-json@0.3.3
250 silly currentTree +-- clap@1.2.3
250 silly currentTree | +-- ansi-styles@2.2.1
250 silly currentTree | +-- chalk@1.1.3
250 silly currentTree | `-- supports-color@2.0.0
250 silly currentTree +-- class-utils@0.3.6
250 silly currentTree | +-- define-property@0.2.5
250 silly currentTree | `-- isobject@3.0.1
250 silly currentTree +-- clean-css@4.2.4
250 silly currentTree +-- cli-cursor@2.1.0
250 silly currentTree +-- cli-spinners@1.3.1
250 silly currentTree +-- cli-width@2.2.1
250 silly currentTree +-- cliui@2.1.0
250 silly currentTree | `-- wordwrap@0.0.2
250 silly currentTree +-- clone@1.0.4
250 silly currentTree +-- co@4.6.0
250 silly currentTree +-- coa@1.0.4
250 silly currentTree +-- coalescy@1.0.0
250 silly currentTree +-- code-point-at@1.1.0
250 silly currentTree +-- collection-visit@1.0.0
250 silly currentTree +-- color-convert@1.9.3
250 silly currentTree +-- color-name@1.1.3
250 silly currentTree +-- color-string@0.3.0
250 silly currentTree +-- color@0.11.4
250 silly currentTree +-- colormin@1.1.2
250 silly currentTree +-- colors@1.1.2
250 silly currentTree +-- combine-lists@1.0.1
250 silly currentTree +-- commander@2.17.1
250 silly currentTree +-- commondir@1.0.1
250 silly currentTree +-- component-bind@1.0.0
250 silly currentTree +-- component-emitter@1.3.0
250 silly currentTree +-- component-inherit@0.0.3
250 silly currentTree +-- compressible@2.0.18
250 silly currentTree +-- compression@1.7.4
250 silly currentTree | +-- accepts@1.3.8
250 silly currentTree | +-- bytes@3.0.0
250 silly currentTree | `-- negotiator@0.6.3
250 silly currentTree +-- concat-map@0.0.1
250 silly currentTree +-- concat-stream@1.6.2
250 silly currentTree +-- connect-history-api-fallback@1.6.0
250 silly currentTree +-- connect@3.7.0
250 silly currentTree +-- console-browserify@1.2.0
250 silly currentTree +-- consolidate@0.14.5
250 silly currentTree +-- constants-browserify@1.0.0
250 silly currentTree +-- content-disposition@0.5.4
250 silly currentTree | `-- safe-buffer@5.2.1
250 silly currentTree +-- content-type@1.0.5
250 silly currentTree +-- convert-source-map@1.9.0
250 silly currentTree +-- cookie-signature@1.0.6
250 silly currentTree +-- cookie@0.3.1
250 silly currentTree +-- copy-concurrently@1.0.5
250 silly currentTree +-- copy-descriptor@0.1.1
250 silly currentTree +-- copy-webpack-plugin@4.6.0
250 silly currentTree | +-- is-extglob@2.1.1
250 silly currentTree | `-- is-glob@4.0.3
250 silly currentTree +-- core-js@2.6.12
250 silly currentTree +-- core-util-is@1.0.3
250 silly currentTree +-- cosmiconfig@5.2.1
250 silly currentTree | +-- esprima@4.0.1
250 silly currentTree | +-- js-yaml@3.14.1
250 silly currentTree | `-- parse-json@4.0.0
250 silly currentTree +-- create-ecdh@4.0.4
250 silly currentTree | `-- bn.js@4.12.0
250 silly currentTree +-- create-hash@1.2.0
250 silly currentTree +-- create-hmac@1.1.7
250 silly currentTree +-- cross-env@5.2.1
250 silly currentTree +-- cross-spawn@6.0.5
250 silly currentTree +-- crypto-browserify@3.12.0
250 silly currentTree +-- css-color-names@0.0.4
250 silly currentTree +-- css-declaration-sorter@4.0.1
250 silly currentTree | +-- picocolors@0.2.1
250 silly currentTree | `-- postcss@7.0.39
250 silly currentTree +-- css-loader@0.28.11
250 silly currentTree | +-- ansi-styles@2.2.1
250 silly currentTree | +-- chalk@1.1.3
250 silly currentTree | | `-- supports-color@2.0.0
250 silly currentTree | +-- has-flag@1.0.0
250 silly currentTree | +-- postcss@5.2.18
250 silly currentTree | +-- source-map@0.5.7
250 silly currentTree | `-- supports-color@3.2.3
250 silly currentTree +-- css-select-base-adapter@0.1.1
250 silly currentTree +-- css-select@4.3.0
250 silly currentTree +-- css-selector-tokenizer@0.7.3
250 silly currentTree +-- css-tree@1.0.0-alpha.37
250 silly currentTree +-- css-what@6.1.0
250 silly currentTree +-- cssesc@3.0.0
250 silly currentTree +-- cssnano-preset-default@4.0.8
250 silly currentTree | +-- browserslist@4.21.5
250 silly currentTree | +-- caniuse-api@3.0.0
250 silly currentTree | +-- coa@2.0.2
250 silly currentTree | +-- color-string@1.9.1
250 silly currentTree | +-- color@3.2.1
250 silly currentTree | +-- css-select@2.1.0
250 silly currentTree | +-- css-what@3.4.2
250 silly currentTree | +-- csso@4.2.0
250 silly currentTree | | `-- css-tree@1.1.3
250 silly currentTree | +-- dom-serializer@0.2.2
250 silly currentTree | | `-- domelementtype@2.3.0
250 silly currentTree | +-- domelementtype@1.3.1
250 silly currentTree | +-- domutils@1.7.0
250 silly currentTree | +-- esprima@4.0.1
250 silly currentTree | +-- js-yaml@3.14.1
250 silly currentTree | +-- mdn-data@2.0.14
250 silly currentTree | +-- normalize-url@3.3.0
250 silly currentTree | +-- nth-check@1.0.2
250 silly currentTree | +-- picocolors@0.2.1
250 silly currentTree | +-- postcss-calc@7.0.5
250 silly currentTree | +-- postcss-colormin@4.0.3
250 silly currentTree | | `-- postcss-value-parser@3.3.1
250 silly currentTree | +-- postcss-convert-values@4.0.1
250 silly currentTree | | `-- postcss-value-parser@3.3.1
250 silly currentTree | +-- postcss-discard-comments@4.0.2
250 silly currentTree | +-- postcss-discard-duplicates@4.0.2
250 silly currentTree | +-- postcss-discard-empty@4.0.1
250 silly currentTree | +-- postcss-discard-overridden@4.0.1
250 silly currentTree | +-- postcss-merge-longhand@4.0.11
250 silly currentTree | | `-- postcss-value-parser@3.3.1
250 silly currentTree | +-- postcss-merge-rules@4.0.3
250 silly currentTree | | `-- postcss-selector-parser@3.1.2
250 silly currentTree | +-- postcss-minify-font-values@4.0.2
250 silly currentTree | | `-- postcss-value-parser@3.3.1
250 silly currentTree | +-- postcss-minify-gradients@4.0.2
250 silly currentTree | | `-- postcss-value-parser@3.3.1
250 silly currentTree | +-- postcss-minify-params@4.0.2
250 silly currentTree | | `-- postcss-value-parser@3.3.1
250 silly currentTree | +-- postcss-minify-selectors@4.0.2
250 silly currentTree | | `-- postcss-selector-parser@3.1.2
250 silly currentTree | +-- postcss-normalize-charset@4.0.1
250 silly currentTree | +-- postcss-normalize-url@4.0.1
250 silly currentTree | | `-- postcss-value-parser@3.3.1
250 silly currentTree | +-- postcss-ordered-values@4.1.2
250 silly currentTree | | `-- postcss-value-parser@3.3.1
250 silly currentTree | +-- postcss-reduce-initial@4.0.3
250 silly currentTree | +-- postcss-reduce-transforms@4.0.2
250 silly currentTree | | `-- postcss-value-parser@3.3.1
250 silly currentTree | +-- postcss-selector-parser@6.0.11
250 silly currentTree | +-- postcss-svgo@4.0.3
250 silly currentTree | | `-- postcss-value-parser@3.3.1
250 silly currentTree | +-- postcss-unique-selectors@4.0.1
250 silly currentTree | +-- postcss-value-parser@4.2.0
250 silly currentTree | +-- postcss@7.0.39
250 silly currentTree | `-- svgo@1.3.2
250 silly currentTree +-- cssnano-util-get-arguments@4.0.0
250 silly currentTree +-- cssnano-util-get-match@4.0.0
250 silly currentTree +-- cssnano-util-raw-cache@4.0.1
250 silly currentTree | +-- picocolors@0.2.1
250 silly currentTree | `-- postcss@7.0.39
250 silly currentTree +-- cssnano-util-same-parent@4.0.1
250 silly currentTree +-- cssnano@3.10.0
250 silly currentTree | +-- ansi-styles@2.2.1
250 silly currentTree | +-- autoprefixer@6.7.7
250 silly currentTree | +-- browserslist@1.7.7
250 silly currentTree | +-- chalk@1.1.3
250 silly currentTree | | `-- supports-color@2.0.0
250 silly currentTree | +-- has-flag@1.0.0
250 silly currentTree | +-- postcss@5.2.18
250 silly currentTree | +-- source-map@0.5.7
250 silly currentTree | `-- supports-color@3.2.3
250 silly currentTree +-- csso@2.3.2
250 silly currentTree | `-- source-map@0.5.7
250 silly currentTree +-- csstype@3.1.2
250 silly currentTree +-- cuint@0.2.2
250 silly currentTree +-- currently-unhandled@0.4.1
250 silly currentTree +-- custom-event@1.0.1
250 silly currentTree +-- cyclist@1.0.1
250 silly currentTree +-- d@1.0.1
250 silly currentTree +-- dateformat@1.0.12
250 silly currentTree +-- de-indent@1.0.2
250 silly currentTree +-- debug@2.6.9
250 silly currentTree +-- decamelize@1.2.0
250 silly currentTree +-- decode-uri-component@0.2.2
250 silly currentTree +-- deep-eql@4.1.3
250 silly currentTree +-- deep-equal@1.1.1
250 silly currentTree +-- deep-is@0.1.4
250 silly currentTree +-- deepmerge@1.5.2
250 silly currentTree +-- define-properties@1.2.0
250 silly currentTree +-- define-property@2.0.2
250 silly currentTree | +-- is-accessor-descriptor@1.0.0
250 silly currentTree | +-- is-data-descriptor@1.0.0
250 silly currentTree | +-- is-descriptor@1.0.2
250 silly currentTree | +-- isobject@3.0.1
250 silly currentTree | `-- kind-of@6.0.3
250 silly currentTree +-- defined@1.0.1
250 silly currentTree +-- del@3.0.0
250 silly currentTree | `-- globby@6.1.0
250 silly currentTree |   `-- pify@2.3.0
250 silly currentTree +-- depd@2.0.0
250 silly currentTree +-- des.js@1.0.1
250 silly currentTree +-- destroy@1.2.0
250 silly currentTree +-- detect-indent@4.0.0
250 silly currentTree +-- detect-node@2.1.0
250 silly currentTree +-- di@0.0.1
250 silly currentTree +-- diff@3.2.0
250 silly currentTree +-- diffie-hellman@5.0.3
250 silly currentTree | `-- bn.js@4.12.0
250 silly currentTree +-- dir-glob@2.2.2
250 silly currentTree | `-- path-type@3.0.0
250 silly currentTree +-- dns-equal@1.0.0
250 silly currentTree +-- dns-packet@1.3.4
250 silly currentTree +-- dns-txt@2.0.2
250 silly currentTree +-- doctrine@2.1.0
250 silly currentTree +-- dom-converter@0.2.0
250 silly currentTree +-- dom-serialize@2.2.1
250 silly currentTree +-- dom-serializer@1.4.1
250 silly currentTree +-- domain-browser@1.2.0
250 silly currentTree +-- domelementtype@2.3.0
250 silly currentTree +-- domhandler@4.3.1
250 silly currentTree +-- domutils@2.8.0
250 silly currentTree +-- dot-prop@5.3.0
250 silly currentTree +-- duplexer@0.1.2
250 silly currentTree +-- duplexify@3.7.1
250 silly currentTree +-- ee-first@1.1.1
250 silly currentTree +-- ejs@2.7.4
250 silly currentTree +-- electron-to-chromium@1.4.371
250 silly currentTree +-- element-ui@2.15.13
250 silly currentTree +-- elliptic@6.5.4
250 silly currentTree | `-- bn.js@4.12.0
250 silly currentTree +-- emojis-list@3.0.0
250 silly currentTree +-- encodeurl@1.0.2
250 silly currentTree +-- end-of-stream@1.4.4
250 silly currentTree +-- engine.io-client@1.8.3
250 silly currentTree | +-- component-emitter@1.2.1
250 silly currentTree | +-- debug@2.3.3
250 silly currentTree | `-- ms@0.7.2
250 silly currentTree +-- engine.io-parser@1.3.2
250 silly currentTree +-- engine.io@1.8.3
250 silly currentTree | +-- debug@2.3.3
250 silly currentTree | `-- ms@0.7.2
250 silly currentTree +-- enhanced-resolve@3.4.1
250 silly currentTree +-- ent@2.2.0
250 silly currentTree +-- entities@2.2.0
250 silly currentTree +-- errno@0.1.8
250 silly currentTree +-- error-ex@1.3.2
250 silly currentTree +-- error-stack-parser@2.1.4
250 silly currentTree +-- es-abstract@1.21.2
250 silly currentTree +-- es-array-method-boxes-properly@1.0.0
250 silly currentTree +-- es-set-tostringtag@2.0.1
250 silly currentTree +-- es-shim-unscopables@1.0.0
250 silly currentTree +-- es-to-primitive@1.2.1
250 silly currentTree +-- es5-ext@0.10.62
250 silly currentTree +-- es6-iterator@2.0.3
250 silly currentTree +-- es6-map@0.1.5
250 silly currentTree +-- es6-set@0.1.6
250 silly currentTree | `-- type@2.7.2
250 silly currentTree +-- es6-symbol@3.1.3
250 silly currentTree +-- es6-weak-map@2.0.3
250 silly currentTree +-- escalade@3.1.1
250 silly currentTree +-- escape-html@1.0.3
250 silly currentTree +-- escape-string-regexp@1.0.5
250 silly currentTree +-- escodegen@1.8.1
250 silly currentTree | +-- estraverse@1.9.3
250 silly currentTree | `-- source-map@0.2.0
250 silly currentTree +-- escope@3.6.0
250 silly currentTree +-- eslint-config-standard@10.2.1
250 silly currentTree +-- eslint-friendly-formatter@3.0.0
250 silly currentTree | +-- ansi-styles@2.2.1
250 silly currentTree | +-- chalk@1.1.3
250 silly currentTree | `-- supports-color@2.0.0
250 silly currentTree +-- eslint-import-resolver-node@0.3.7
250 silly currentTree | +-- debug@3.2.7
250 silly currentTree | `-- ms@2.1.3
250 silly currentTree +-- eslint-loader@1.9.0
250 silly currentTree +-- eslint-module-utils@2.8.0
250 silly currentTree | +-- debug@3.2.7
250 silly currentTree | `-- ms@2.1.3
250 silly currentTree +-- eslint-plugin-import@2.27.5
250 silly currentTree | +-- debug@3.2.7
250 silly currentTree | +-- is-extglob@2.1.1
250 silly currentTree | +-- is-glob@4.0.3
250 silly currentTree | +-- ms@2.1.3
250 silly currentTree | `-- semver@6.3.0
250 silly currentTree +-- eslint-plugin-node@5.2.1
250 silly currentTree | `-- semver@5.3.0
250 silly currentTree +-- eslint-plugin-promise@3.8.0
250 silly currentTree +-- eslint-plugin-standard@3.1.0
250 silly currentTree +-- eslint-plugin-vue@4.7.1
250 silly currentTree +-- eslint-scope@3.7.1
250 silly currentTree +-- eslint-visitor-keys@1.3.0
250 silly currentTree +-- eslint@4.19.1
250 silly currentTree | +-- ansi-regex@3.0.1
250 silly currentTree | +-- cross-spawn@5.1.0
250 silly currentTree | +-- debug@3.2.7
250 silly currentTree | +-- esprima@4.0.1
250 silly currentTree | +-- globals@11.12.0
250 silly currentTree | +-- js-yaml@3.14.1
250 silly currentTree | +-- ms@2.1.3
250 silly currentTree | `-- strip-ansi@4.0.0
250 silly currentTree +-- espree@3.5.4
250 silly currentTree +-- esprima@2.7.3
250 silly currentTree +-- esquery@1.5.0
250 silly currentTree | `-- estraverse@5.3.0
250 silly currentTree +-- esrecurse@4.3.0
250 silly currentTree | `-- estraverse@5.3.0
250 silly currentTree +-- estraverse@4.3.0
250 silly currentTree +-- esutils@2.0.3
250 silly currentTree +-- etag@1.8.1
250 silly currentTree +-- event-emitter@0.3.5
250 silly currentTree +-- eventemitter3@4.0.7
250 silly currentTree +-- events@3.3.0
250 silly currentTree +-- eventsource@0.1.6
250 silly currentTree +-- evp_bytestokey@1.0.3
250 silly currentTree +-- execa@0.7.0
250 silly currentTree | `-- cross-spawn@5.1.0
250 silly currentTree +-- expand-braces@0.1.2
250 silly currentTree | +-- braces@0.1.5
250 silly currentTree | +-- expand-range@0.1.1
250 silly currentTree | +-- is-number@0.1.1
250 silly currentTree | `-- repeat-string@0.2.2
250 silly currentTree +-- expand-brackets@0.1.5
250 silly currentTree +-- expand-range@1.8.2
250 silly currentTree +-- express@4.18.2
250 silly currentTree | +-- accepts@1.3.8
250 silly currentTree | +-- body-parser@1.20.1
250 silly currentTree | +-- cookie@0.5.0
250 silly currentTree | +-- finalhandler@1.2.0
250 silly currentTree | +-- negotiator@0.6.3
250 silly currentTree | +-- path-to-regexp@0.1.7
250 silly currentTree | +-- raw-body@2.5.1
250 silly currentTree | `-- safe-buffer@5.2.1
250 silly currentTree +-- ext@1.7.0
250 silly currentTree | `-- type@2.7.2
250 silly currentTree +-- extend-shallow@3.0.2
250 silly currentTree | `-- is-extendable@1.0.1
250 silly currentTree +-- extend@3.0.2
250 silly currentTree +-- external-editor@2.2.0
250 silly currentTree +-- extglob@0.3.2
250 silly currentTree +-- extract-text-webpack-plugin@3.0.2
250 silly currentTree +-- fast-deep-equal@1.1.0
250 silly currentTree +-- fast-json-stable-stringify@2.1.0
250 silly currentTree +-- fast-levenshtein@2.0.6
250 silly currentTree +-- fastparse@1.1.2
250 silly currentTree +-- faye-websocket@0.10.0
250 silly currentTree +-- figures@2.0.0
250 silly currentTree +-- file-entry-cache@2.0.0
250 silly currentTree +-- file-loader@1.1.11
250 silly currentTree | +-- ajv-keywords@3.5.2
250 silly currentTree | +-- ajv@6.12.6
250 silly currentTree | +-- fast-deep-equal@3.1.3
250 silly currentTree | +-- json-schema-traverse@0.4.1
250 silly currentTree | `-- schema-utils@0.4.7
250 silly currentTree +-- file-uri-to-path@1.0.0
250 silly currentTree +-- filename-regex@2.0.1
250 silly currentTree +-- filesize@3.6.1
250 silly currentTree +-- fill-range@2.2.4
250 silly currentTree +-- finalhandler@1.1.2
250 silly currentTree | +-- on-finished@2.3.0
250 silly currentTree | `-- statuses@1.5.0
250 silly currentTree +-- find-cache-dir@1.0.0
250 silly currentTree +-- find-up@2.1.0
250 silly currentTree +-- flat-cache@1.3.4
250 silly currentTree | `-- rimraf@2.6.3
250 silly currentTree +-- flatten@1.0.3
250 silly currentTree +-- flush-write-stream@1.1.1
250 silly currentTree +-- follow-redirects@1.15.2
250 silly currentTree +-- for-each@0.3.3
250 silly currentTree +-- for-in@1.0.2
250 silly currentTree +-- for-own@0.1.5
250 silly currentTree +-- forwarded@0.2.0
250 silly currentTree +-- fragment-cache@0.2.1
250 silly currentTree +-- fresh@0.5.2
250 silly currentTree +-- friendly-errors-webpack-plugin@1.7.0
250 silly currentTree | +-- ansi-styles@2.2.1
250 silly currentTree | +-- chalk@1.1.3
250 silly currentTree | `-- supports-color@2.0.0
250 silly currentTree +-- from2@2.3.0
250 silly currentTree +-- fs-write-stream-atomic@1.0.10
250 silly currentTree +-- fs.realpath@1.0.0
250 silly currentTree +-- function-bind@1.1.1
250 silly currentTree +-- function.prototype.name@1.1.5
250 silly currentTree +-- functional-red-black-tree@1.0.1
250 silly currentTree +-- functions-have-names@1.2.3
250 silly currentTree +-- get-caller-file@1.0.3
250 silly currentTree +-- get-func-name@2.0.0
250 silly currentTree +-- get-intrinsic@1.2.0
250 silly currentTree +-- get-stdin@4.0.1
250 silly currentTree +-- get-stream@3.0.0
250 silly currentTree +-- get-symbol-description@1.0.0
250 silly currentTree +-- get-value@2.0.6
250 silly currentTree +-- glob-base@0.3.0
250 silly currentTree +-- glob-parent@2.0.0
250 silly currentTree +-- glob@7.2.3
250 silly currentTree +-- globals@9.18.0
250 silly currentTree +-- globalthis@1.0.3
250 silly currentTree +-- globby@7.1.1
250 silly currentTree +-- gopd@1.0.1
250 silly currentTree +-- graceful-fs@4.2.11
250 silly currentTree +-- graceful-readlink@1.0.1
250 silly currentTree +-- growl@1.9.2
250 silly currentTree +-- growly@1.3.0
250 silly currentTree +-- gzip-size@4.1.0
250 silly currentTree +-- handle-thing@2.0.1
250 silly currentTree +-- handlebars@4.7.7
250 silly currentTree | `-- wordwrap@1.0.0
250 silly currentTree +-- has-ansi@2.0.0
250 silly currentTree +-- has-bigints@1.0.2
250 silly currentTree +-- has-binary@0.1.7
250 silly currentTree | `-- isarray@0.0.1
250 silly currentTree +-- has-cors@1.1.0
250 silly currentTree +-- has-flag@3.0.0
250 silly currentTree +-- has-property-descriptors@1.0.0
250 silly currentTree +-- has-proto@1.0.1
250 silly currentTree +-- has-symbols@1.0.3
250 silly currentTree +-- has-tostringtag@1.0.0
250 silly currentTree +-- has-value@1.0.0
250 silly currentTree | `-- isobject@3.0.1
250 silly currentTree +-- has-values@1.0.0
250 silly currentTree | +-- is-number@3.0.0
250 silly currentTree | | `-- kind-of@3.2.2
250 silly currentTree | `-- kind-of@4.0.0
250 silly currentTree +-- has@1.0.3
250 silly currentTree +-- hash-base@3.1.0
250 silly currentTree | +-- readable-stream@3.6.2
250 silly currentTree | `-- safe-buffer@5.2.1
250 silly currentTree +-- hash-sum@1.0.2
250 silly currentTree +-- hash.js@1.1.7
250 silly currentTree +-- he@1.2.0
250 silly currentTree +-- hex-color-regex@1.1.0
250 silly currentTree +-- hmac-drbg@1.0.1
250 silly currentTree +-- home-or-tmp@2.0.0
250 silly currentTree +-- hosted-git-info@2.8.9
250 silly currentTree +-- hpack.js@2.1.6
250 silly currentTree +-- hsl-regex@1.0.0
250 silly currentTree +-- hsla-regex@1.0.0
250 silly currentTree +-- html-comment-regex@1.1.2
250 silly currentTree +-- html-entities@1.4.0
250 silly currentTree +-- html-minifier@3.5.21
250 silly currentTree +-- html-webpack-plugin@2.30.1
250 silly currentTree | +-- big.js@3.2.0
250 silly currentTree | +-- emojis-list@2.1.0
250 silly currentTree | `-- loader-utils@0.2.17
250 silly currentTree +-- htmlparser2@6.1.0
250 silly currentTree +-- http-deceiver@1.2.7
250 silly currentTree +-- http-errors@2.0.0
250 silly currentTree +-- http-parser-js@0.5.8
250 silly currentTree +-- http-proxy-middleware@0.19.2
250 silly currentTree | +-- arr-diff@4.0.0
250 silly currentTree | +-- array-unique@0.3.2
250 silly currentTree | +-- braces@2.3.2
250 silly currentTree | | `-- extend-shallow@2.0.1
250 silly currentTree | +-- expand-brackets@2.1.4
250 silly currentTree | | +-- define-property@0.2.5
250 silly currentTree | | +-- extend-shallow@2.0.1
250 silly currentTree | | +-- is-accessor-descriptor@0.1.6
250 silly currentTree | | | `-- kind-of@3.2.2
250 silly currentTree | | +-- is-data-descriptor@0.1.4
250 silly currentTree | | | `-- kind-of@3.2.2
250 silly currentTree | | +-- is-descriptor@0.1.6
250 silly currentTree | | `-- kind-of@5.1.0
250 silly currentTree | +-- extglob@2.0.4
250 silly currentTree | | +-- define-property@1.0.0
250 silly currentTree | | `-- extend-shallow@2.0.1
250 silly currentTree | +-- fill-range@4.0.0
250 silly currentTree | | `-- extend-shallow@2.0.1
250 silly currentTree | +-- is-accessor-descriptor@1.0.0
250 silly currentTree | +-- is-data-descriptor@1.0.0
250 silly currentTree | +-- is-descriptor@1.0.2
250 silly currentTree | +-- is-extglob@2.1.1
250 silly currentTree | +-- is-glob@4.0.3
250 silly currentTree | +-- is-number@3.0.0
250 silly currentTree | | `-- kind-of@3.2.2
250 silly currentTree | +-- isobject@3.0.1
250 silly currentTree | +-- kind-of@6.0.3
250 silly currentTree | `-- micromatch@3.1.10
250 silly currentTree +-- http-proxy@1.18.1
250 silly currentTree +-- https-browserify@1.0.0
250 silly currentTree +-- iconv-lite@0.4.24
250 silly currentTree +-- icss-replace-symbols@1.1.0
250 silly currentTree +-- icss-utils@2.1.0
250 silly currentTree | `-- postcss@6.0.23
250 silly currentTree +-- ieee754@1.2.1
250 silly currentTree +-- iferr@0.1.5
250 silly currentTree +-- ignore@3.3.10
250 silly currentTree +-- import-cwd@2.1.0
250 silly currentTree +-- import-fresh@2.0.0
250 silly currentTree | +-- caller-path@2.0.0
250 silly currentTree | `-- resolve-from@3.0.0
250 silly currentTree +-- import-from@2.1.0
250 silly currentTree | `-- resolve-from@3.0.0
250 silly currentTree +-- import-local@1.0.0
250 silly currentTree +-- imurmurhash@0.1.4
250 silly currentTree +-- indent-string@2.1.0
250 silly currentTree +-- indexes-of@1.0.1
250 silly currentTree +-- indexof@0.0.1
250 silly currentTree +-- inflight@1.0.6
250 silly currentTree +-- inherits@2.0.4
250 silly currentTree +-- inject-loader@3.0.1
250 silly currentTree +-- inquirer@3.3.0
250 silly currentTree | +-- ansi-regex@3.0.1
250 silly currentTree | `-- strip-ansi@4.0.0
250 silly currentTree +-- internal-ip@1.2.0
250 silly currentTree +-- internal-slot@1.0.5
250 silly currentTree +-- interpret@1.4.0
250 silly currentTree +-- invariant@2.2.4
250 silly currentTree +-- invert-kv@1.0.0
250 silly currentTree +-- ip@1.1.8
250 silly currentTree +-- ipaddr.js@1.9.1
250 silly currentTree +-- is-absolute-url@2.1.0
250 silly currentTree +-- is-accessor-descriptor@0.1.6
250 silly currentTree +-- is-arguments@1.1.1
250 silly currentTree +-- is-array-buffer@3.0.2
250 silly currentTree +-- is-arrayish@0.2.1
250 silly currentTree +-- is-bigint@1.0.4
250 silly currentTree +-- is-binary-path@1.0.1
250 silly currentTree +-- is-boolean-object@1.1.2
250 silly currentTree +-- is-buffer@1.1.6
250 silly currentTree +-- is-callable@1.2.7
250 silly currentTree +-- is-color-stop@1.1.0
250 silly currentTree +-- is-core-module@2.12.0
250 silly currentTree +-- is-data-descriptor@0.1.4
250 silly currentTree +-- is-date-object@1.0.5
250 silly currentTree +-- is-descriptor@0.1.6
250 silly currentTree | `-- kind-of@5.1.0
250 silly currentTree +-- is-directory@0.3.1
250 silly currentTree +-- is-dotfile@1.0.3
250 silly currentTree +-- is-equal-shallow@0.1.3
250 silly currentTree +-- is-extendable@0.1.1
250 silly currentTree +-- is-extglob@1.0.0
250 silly currentTree +-- is-finite@1.1.0
250 silly currentTree +-- is-fullwidth-code-point@2.0.0
250 silly currentTree +-- is-glob@2.0.1
250 silly currentTree +-- is-negative-zero@2.0.2
250 silly currentTree +-- is-number-object@1.0.7
250 silly currentTree +-- is-number@2.1.0
250 silly currentTree +-- is-obj@2.0.0
250 silly currentTree +-- is-path-cwd@1.0.0
250 silly currentTree +-- is-path-in-cwd@1.0.1
250 silly currentTree +-- is-path-inside@1.0.1
250 silly currentTree +-- is-plain-obj@1.1.0
250 silly currentTree +-- is-plain-object@2.0.4
250 silly currentTree | `-- isobject@3.0.1
250 silly currentTree +-- is-posix-bracket@0.1.1
250 silly currentTree +-- is-primitive@2.0.0
250 silly currentTree +-- is-regex@1.1.4
250 silly currentTree +-- is-resolvable@1.1.0
250 silly currentTree +-- is-shared-array-buffer@1.0.2
250 silly currentTree +-- is-stream@1.1.0
250 silly currentTree +-- is-string@1.0.7
250 silly currentTree +-- is-svg@2.1.0
250 silly currentTree +-- is-symbol@1.0.4
250 silly currentTree +-- is-typed-array@1.1.10
250 silly currentTree +-- is-utf8@0.2.1
250 silly currentTree +-- is-weakref@1.0.2
250 silly currentTree +-- is-windows@1.0.2
250 silly currentTree +-- is-wsl@1.1.0
250 silly currentTree +-- isarray@1.0.0
250 silly currentTree +-- isbinaryfile@3.0.3
250 silly currentTree +-- isexe@2.0.0
250 silly currentTree +-- isobject@2.1.0
250 silly currentTree +-- istanbul-lib-coverage@1.2.1
250 silly currentTree +-- istanbul-lib-instrument@1.10.2
250 silly currentTree +-- istanbul@0.4.5
250 silly currentTree | +-- async@1.5.2
250 silly currentTree | +-- glob@5.0.15
250 silly currentTree | +-- has-flag@1.0.0
250 silly currentTree | +-- resolve@1.1.7
250 silly currentTree | +-- supports-color@3.2.3
250 silly currentTree | `-- wordwrap@1.0.0
250 silly currentTree +-- js-base64@2.6.4
250 silly currentTree +-- js-tokens@3.0.2
250 silly currentTree +-- js-yaml@3.7.0
250 silly currentTree +-- jsesc@1.3.0
250 silly currentTree +-- json-loader@0.5.7
250 silly currentTree +-- json-parse-better-errors@1.0.2
250 silly currentTree +-- json-schema-traverse@0.3.1
250 silly currentTree +-- json-stable-stringify-without-jsonify@1.0.1
250 silly currentTree +-- json3@3.3.2
250 silly currentTree +-- json5@0.5.1
250 silly currentTree +-- just-extend@4.2.1
250 silly currentTree +-- karma-coverage@1.1.2
250 silly currentTree | `-- source-map@0.5.7
250 silly currentTree +-- karma-mocha@1.3.0
250 silly currentTree | `-- minimist@1.2.0
250 silly currentTree +-- karma-phantomjs-shim@1.5.0
250 silly currentTree +-- karma-sinon-chai@1.3.4
250 silly currentTree +-- karma-sourcemap-loader@0.3.8
250 silly currentTree +-- karma-spec-reporter@0.0.31
250 silly currentTree +-- karma-webpack@2.0.13
250 silly currentTree | `-- source-map@0.5.7
250 silly currentTree +-- karma@1.7.1
250 silly currentTree | +-- lodash@3.10.1
250 silly currentTree | +-- source-map@0.5.7
250 silly currentTree | `-- tmp@0.0.31
250 silly currentTree +-- killable@1.0.1
250 silly currentTree +-- kind-of@3.2.2
250 silly currentTree +-- last-call-webpack-plugin@2.1.2
250 silly currentTree +-- lazy-cache@1.0.4
250 silly currentTree +-- lcid@1.0.0
250 silly currentTree +-- levn@0.3.0
250 silly currentTree +-- load-json-file@1.1.0
250 silly currentTree | `-- pify@2.3.0
250 silly currentTree +-- loader-fs-cache@1.0.3
250 silly currentTree | +-- find-cache-dir@0.1.1
250 silly currentTree | +-- find-up@1.1.2
250 silly currentTree | +-- path-exists@2.1.0
250 silly currentTree | `-- pkg-dir@1.0.0
250 silly currentTree +-- loader-runner@2.4.0
250 silly currentTree +-- loader-utils@1.4.2
250 silly currentTree | `-- json5@1.0.2
250 silly currentTree +-- locate-path@2.0.0
250 silly currentTree +-- lodash._baseassign@3.2.0
250 silly currentTree +-- lodash._basecopy@3.0.1
250 silly currentTree +-- lodash._basecreate@3.0.3
250 silly currentTree +-- lodash._getnative@3.9.1
250 silly currentTree +-- lodash._isiterateecall@3.0.9
250 silly currentTree +-- lodash.camelcase@4.3.0
250 silly currentTree +-- lodash.create@3.1.1
250 silly currentTree +-- lodash.get@4.4.2
250 silly currentTree +-- lodash.isarguments@3.1.0
250 silly currentTree +-- lodash.isarray@3.0.4
250 silly currentTree +-- lodash.keys@3.1.2
250 silly currentTree +-- lodash.memoize@4.1.2
250 silly currentTree +-- lodash.uniq@4.5.0
250 silly currentTree +-- lodash@4.17.21
250 silly currentTree +-- log-symbols@2.2.0
250 silly currentTree +-- log4js@0.6.38
250 silly currentTree | +-- isarray@0.0.1
250 silly currentTree | +-- readable-stream@1.0.34
250 silly currentTree | +-- semver@4.3.6
250 silly currentTree | `-- string_decoder@0.10.31
250 silly currentTree +-- loglevel@1.8.1
250 silly currentTree +-- lolex@1.6.0
250 silly currentTree +-- longest@1.0.1
250 silly currentTree +-- loose-envify@1.4.0
250 silly currentTree +-- loud-rejection@1.6.0
250 silly currentTree +-- loupe@2.3.6
250 silly currentTree +-- lower-case@1.1.4
250 silly currentTree +-- lru-cache@4.1.5
250 silly currentTree +-- make-dir@1.3.0
250 silly currentTree +-- map-cache@0.2.2
250 silly currentTree +-- map-obj@1.0.1
250 silly currentTree +-- map-visit@1.0.0
250 silly currentTree +-- math-expression-evaluator@1.4.0
250 silly currentTree +-- math-random@1.0.4
250 silly currentTree +-- md5.js@1.3.5
250 silly currentTree +-- mdn-data@2.0.4
250 silly currentTree +-- media-typer@0.3.0
250 silly currentTree +-- mem@1.1.0
250 silly currentTree +-- memory-fs@0.4.1
250 silly currentTree +-- meow@3.7.0
250 silly currentTree +-- merge-descriptors@1.0.1
250 silly currentTree +-- methods@1.1.2
250 silly currentTree +-- micromatch@2.3.11
250 silly currentTree +-- miller-rabin@4.0.1
250 silly currentTree | `-- bn.js@4.12.0
250 silly currentTree +-- mime-db@1.52.0
250 silly currentTree +-- mime-types@2.1.35
250 silly currentTree +-- mime@1.6.0
250 silly currentTree +-- mimic-fn@1.2.0
250 silly currentTree +-- minimalistic-assert@1.0.1
250 silly currentTree +-- minimalistic-crypto-utils@1.0.1
250 silly currentTree +-- minimatch@3.1.2
250 silly currentTree +-- minimist@1.2.8
250 silly currentTree +-- mississippi@2.0.0
250 silly currentTree +-- mixin-deep@1.3.2
250 silly currentTree | `-- is-extendable@1.0.1
250 silly currentTree +-- mkdirp@0.5.6
250 silly currentTree +-- mocha@3.5.3
250 silly currentTree | +-- commander@2.9.0
250 silly currentTree | +-- debug@2.6.8
250 silly currentTree | +-- glob@7.1.1
250 silly currentTree | +-- has-flag@1.0.0
250 silly currentTree | +-- he@1.1.1
250 silly currentTree | +-- minimist@0.0.8
250 silly currentTree | +-- mkdirp@0.5.1
250 silly currentTree | `-- supports-color@3.1.2
250 silly currentTree +-- move-concurrently@1.0.1
250 silly currentTree +-- ms@2.0.0
250 silly currentTree +-- multicast-dns-service-types@1.1.0
250 silly currentTree +-- multicast-dns@6.2.3
250 silly currentTree +-- mute-stream@0.0.7
250 silly currentTree +-- nan@2.17.0
250 silly currentTree +-- nanoid@3.3.6
250 silly currentTree +-- nanomatch@1.2.13
250 silly currentTree | +-- arr-diff@4.0.0
250 silly currentTree | +-- array-unique@0.3.2
250 silly currentTree | `-- kind-of@6.0.3
250 silly currentTree +-- natural-compare@1.4.0
250 silly currentTree +-- negotiator@0.6.1
250 silly currentTree +-- neo-async@2.6.2
250 silly currentTree +-- next-tick@1.1.0
250 silly currentTree +-- nice-try@1.0.5
250 silly currentTree +-- nise@1.5.3
250 silly currentTree | +-- @sinonjs/formatio@3.2.2
250 silly currentTree | `-- lolex@5.1.2
250 silly currentTree +-- no-case@2.3.2
250 silly currentTree +-- node-forge@0.10.0
250 silly currentTree +-- node-libs-browser@2.2.1
250 silly currentTree | `-- punycode@1.4.1
250 silly currentTree +-- node-notifier@5.4.5
250 silly currentTree +-- node-releases@2.0.10
250 silly currentTree +-- nopt@3.0.6
250 silly currentTree +-- normalize-package-data@2.5.0
250 silly currentTree +-- normalize-path@2.1.1
250 silly currentTree +-- normalize-range@0.1.2
250 silly currentTree +-- normalize-url@1.9.1
250 silly currentTree +-- normalize-wheel@1.0.1
250 silly currentTree +-- npm-run-path@2.0.2
250 silly currentTree +-- nth-check@2.1.1
250 silly currentTree +-- num2fraction@1.2.2
250 silly currentTree +-- number-is-nan@1.0.1
250 silly currentTree +-- object-assign@4.1.1
250 silly currentTree +-- object-component@0.0.3
250 silly currentTree +-- object-copy@0.1.0
250 silly currentTree | `-- define-property@0.2.5
250 silly currentTree +-- object-hash@1.3.1
250 silly currentTree +-- object-inspect@1.12.3
250 silly currentTree +-- object-is@1.1.5
250 silly currentTree +-- object-keys@1.1.1
250 silly currentTree +-- object-visit@1.0.1
250 silly currentTree | `-- isobject@3.0.1
250 silly currentTree +-- object.assign@4.1.4
250 silly currentTree +-- object.getownpropertydescriptors@2.1.6
250 silly currentTree +-- object.omit@2.0.1
250 silly currentTree +-- object.pick@1.3.0
250 silly currentTree | `-- isobject@3.0.1
250 silly currentTree +-- object.values@1.1.6
250 silly currentTree +-- obuf@1.1.2
250 silly currentTree +-- on-finished@2.4.1
250 silly currentTree +-- on-headers@1.0.2
250 silly currentTree +-- once@1.4.0
250 silly currentTree +-- onetime@2.0.1
250 silly currentTree +-- opener@1.5.2
250 silly currentTree +-- opn@5.5.0
250 silly currentTree +-- optimist@0.6.1
250 silly currentTree | `-- minimist@0.0.10
250 silly currentTree +-- optimize-css-assets-webpack-plugin@3.2.1
250 silly currentTree | +-- cssnano@4.1.11
250 silly currentTree | +-- picocolors@0.2.1
250 silly currentTree | `-- postcss@7.0.39
250 silly currentTree +-- optionator@0.8.3
250 silly currentTree +-- options@0.0.6
250 silly currentTree +-- ora@1.4.0
250 silly currentTree +-- original@1.0.2
250 silly currentTree +-- os-browserify@0.3.0
250 silly currentTree +-- os-homedir@1.0.2
250 silly currentTree +-- os-locale@2.1.0
250 silly currentTree +-- os-tmpdir@1.0.2
250 silly currentTree +-- p-finally@1.0.0
250 silly currentTree +-- p-limit@1.3.0
250 silly currentTree +-- p-locate@2.0.0
250 silly currentTree +-- p-map@1.2.0
250 silly currentTree +-- p-try@1.0.0
250 silly currentTree +-- pako@1.0.11
250 silly currentTree +-- parallel-transform@1.2.0
250 silly currentTree +-- param-case@2.1.1
250 silly currentTree +-- parse-asn1@5.1.6
250 silly currentTree +-- parse-glob@3.0.4
250 silly currentTree +-- parse-json@2.2.0
250 silly currentTree +-- parsejson@0.0.3
250 silly currentTree +-- parseqs@0.0.5
250 silly currentTree +-- parseuri@0.0.5
250 silly currentTree +-- parseurl@1.3.3
250 silly currentTree +-- pascalcase@0.1.1
250 silly currentTree +-- path-browserify@0.0.1
250 silly currentTree +-- path-dirname@1.0.2
250 silly currentTree +-- path-exists@3.0.0
250 silly currentTree +-- path-is-absolute@1.0.1
250 silly currentTree +-- path-is-inside@1.0.2
250 silly currentTree +-- path-key@2.0.1
250 silly currentTree +-- path-parse@1.0.7
250 silly currentTree +-- path-to-regexp@1.8.0
250 silly currentTree | `-- isarray@0.0.1
250 silly currentTree +-- path-type@1.1.0
250 silly currentTree | `-- pify@2.3.0
250 silly currentTree +-- pathval@1.1.1
250 silly currentTree +-- pbkdf2@3.1.2
250 silly currentTree +-- picocolors@1.0.0
250 silly currentTree +-- picomatch@2.3.1
250 silly currentTree +-- pify@3.0.0
250 silly currentTree +-- pinkie-promise@2.0.1
250 silly currentTree +-- pinkie@2.0.4
250 silly currentTree +-- pkg-dir@2.0.0
250 silly currentTree +-- pluralize@7.0.0
250 silly currentTree +-- portfinder@1.0.32
250 silly currentTree | +-- debug@3.2.7
250 silly currentTree | `-- ms@2.1.3
250 silly currentTree +-- posix-character-classes@0.1.1
250 silly currentTree +-- postcss-calc@5.3.1
250 silly currentTree | +-- ansi-styles@2.2.1
250 silly currentTree | +-- chalk@1.1.3
250 silly currentTree | | `-- supports-color@2.0.0
250 silly currentTree | +-- has-flag@1.0.0
250 silly currentTree | +-- postcss@5.2.18
250 silly currentTree | +-- source-map@0.5.7
250 silly currentTree | `-- supports-color@3.2.3
250 silly currentTree +-- postcss-colormin@2.2.2
250 silly currentTree | +-- ansi-styles@2.2.1
250 silly currentTree | +-- chalk@1.1.3
250 silly currentTree | | `-- supports-color@2.0.0
250 silly currentTree | +-- has-flag@1.0.0
250 silly currentTree | +-- postcss@5.2.18
250 silly currentTree | +-- source-map@0.5.7
250 silly currentTree | `-- supports-color@3.2.3
250 silly currentTree +-- postcss-convert-values@2.6.1
250 silly currentTree | +-- ansi-styles@2.2.1
250 silly currentTree | +-- chalk@1.1.3
250 silly currentTree | | `-- supports-color@2.0.0
250 silly currentTree | +-- has-flag@1.0.0
250 silly currentTree | +-- postcss@5.2.18
250 silly currentTree | +-- source-map@0.5.7
250 silly currentTree | `-- supports-color@3.2.3
250 silly currentTree +-- postcss-discard-comments@2.0.4
250 silly currentTree | +-- ansi-styles@2.2.1
250 silly currentTree | +-- chalk@1.1.3
250 silly currentTree | | `-- supports-color@2.0.0
250 silly currentTree | +-- has-flag@1.0.0
250 silly currentTree | +-- postcss@5.2.18
250 silly currentTree | +-- source-map@0.5.7
250 silly currentTree | `-- supports-color@3.2.3
250 silly currentTree +-- postcss-discard-duplicates@2.1.0
250 silly currentTree | +-- ansi-styles@2.2.1
250 silly currentTree | +-- chalk@1.1.3
250 silly currentTree | | `-- supports-color@2.0.0
250 silly currentTree | +-- has-flag@1.0.0
250 silly currentTree | +-- postcss@5.2.18
250 silly currentTree | +-- source-map@0.5.7
250 silly currentTree | `-- supports-color@3.2.3
250 silly currentTree +-- postcss-discard-empty@2.1.0
250 silly currentTree | +-- ansi-styles@2.2.1
250 silly currentTree | +-- chalk@1.1.3
250 silly currentTree | | `-- supports-color@2.0.0
250 silly currentTree | +-- has-flag@1.0.0
250 silly currentTree | +-- postcss@5.2.18
250 silly currentTree | +-- source-map@0.5.7
250 silly currentTree | `-- supports-color@3.2.3
250 silly currentTree +-- postcss-discard-overridden@0.1.1
250 silly currentTree | +-- ansi-styles@2.2.1
250 silly currentTree | +-- chalk@1.1.3
250 silly currentTree | | `-- supports-color@2.0.0
250 silly currentTree | +-- has-flag@1.0.0
250 silly currentTree | +-- postcss@5.2.18
250 silly currentTree | +-- source-map@0.5.7
250 silly currentTree | `-- supports-color@3.2.3
250 silly currentTree +-- postcss-discard-unused@2.2.3
250 silly currentTree | +-- ansi-styles@2.2.1
250 silly currentTree | +-- chalk@1.1.3
250 silly currentTree | | `-- supports-color@2.0.0
250 silly currentTree | +-- has-flag@1.0.0
250 silly currentTree | +-- postcss@5.2.18
250 silly currentTree | +-- source-map@0.5.7
250 silly currentTree | `-- supports-color@3.2.3
250 silly currentTree +-- postcss-filter-plugins@2.0.3
250 silly currentTree | +-- ansi-styles@2.2.1
250 silly currentTree | +-- chalk@1.1.3
250 silly currentTree | | `-- supports-color@2.0.0
250 silly currentTree | +-- has-flag@1.0.0
250 silly currentTree | +-- postcss@5.2.18
250 silly currentTree | +-- source-map@0.5.7
250 silly currentTree | `-- supports-color@3.2.3
250 silly currentTree +-- postcss-import@11.1.0
250 silly currentTree | `-- postcss@6.0.23
250 silly currentTree +-- postcss-load-config@2.1.2
250 silly currentTree +-- postcss-load-options@1.2.0
250 silly currentTree | `-- cosmiconfig@2.2.2
250 silly currentTree +-- postcss-load-plugins@2.3.0
250 silly currentTree | `-- cosmiconfig@2.2.2
250 silly currentTree +-- postcss-loader@2.1.6
250 silly currentTree | +-- ajv-keywords@3.5.2
250 silly currentTree | +-- ajv@6.12.6
250 silly currentTree | +-- fast-deep-equal@3.1.3
250 silly currentTree | +-- json-schema-traverse@0.4.1
250 silly currentTree | +-- postcss@6.0.23
250 silly currentTree | `-- schema-utils@0.4.7
250 silly currentTree +-- postcss-merge-idents@2.1.7
250 silly currentTree | +-- ansi-styles@2.2.1
250 silly currentTree | +-- chalk@1.1.3
250 silly currentTree | | `-- supports-color@2.0.0
250 silly currentTree | +-- has-flag@1.0.0
250 silly currentTree | +-- postcss@5.2.18
250 silly currentTree | +-- source-map@0.5.7
250 silly currentTree | `-- supports-color@3.2.3
250 silly currentTree +-- postcss-merge-longhand@2.0.2
250 silly currentTree | +-- ansi-styles@2.2.1
250 silly currentTree | +-- chalk@1.1.3
250 silly currentTree | | `-- supports-color@2.0.0
250 silly currentTree | +-- has-flag@1.0.0
250 silly currentTree | +-- postcss@5.2.18
250 silly currentTree | +-- source-map@0.5.7
250 silly currentTree | `-- supports-color@3.2.3
250 silly currentTree +-- postcss-merge-rules@2.1.2
250 silly currentTree | +-- ansi-styles@2.2.1
250 silly currentTree | +-- browserslist@1.7.7
250 silly currentTree | +-- chalk@1.1.3
250 silly currentTree | | `-- supports-color@2.0.0
250 silly currentTree | +-- has-flag@1.0.0
250 silly currentTree | +-- postcss@5.2.18
250 silly currentTree | +-- source-map@0.5.7
250 silly currentTree | `-- supports-color@3.2.3
250 silly currentTree +-- postcss-message-helpers@2.0.0
250 silly currentTree +-- postcss-minify-font-values@1.0.5
250 silly currentTree | +-- ansi-styles@2.2.1
250 silly currentTree | +-- chalk@1.1.3
250 silly currentTree | | `-- supports-color@2.0.0
250 silly currentTree | +-- has-flag@1.0.0
250 silly currentTree | +-- postcss@5.2.18
250 silly currentTree | +-- source-map@0.5.7
250 silly currentTree | `-- supports-color@3.2.3
250 silly currentTree +-- postcss-minify-gradients@1.0.5
250 silly currentTree | +-- ansi-styles@2.2.1
250 silly currentTree | +-- chalk@1.1.3
250 silly currentTree | | `-- supports-color@2.0.0
250 silly currentTree | +-- has-flag@1.0.0
250 silly currentTree | +-- postcss@5.2.18
250 silly currentTree | +-- source-map@0.5.7
250 silly currentTree | `-- supports-color@3.2.3
250 silly currentTree +-- postcss-minify-params@1.2.2
250 silly currentTree | +-- ansi-styles@2.2.1
250 silly currentTree | +-- chalk@1.1.3
250 silly currentTree | | `-- supports-color@2.0.0
250 silly currentTree | +-- has-flag@1.0.0
250 silly currentTree | +-- postcss@5.2.18
250 silly currentTree | +-- source-map@0.5.7
250 silly currentTree | `-- supports-color@3.2.3
250 silly currentTree +-- postcss-minify-selectors@2.1.1
250 silly currentTree | +-- ansi-styles@2.2.1
250 silly currentTree | +-- chalk@1.1.3
250 silly currentTree | | `-- supports-color@2.0.0
250 silly currentTree | +-- has-flag@1.0.0
250 silly currentTree | +-- postcss@5.2.18
250 silly currentTree | +-- source-map@0.5.7
250 silly currentTree | `-- supports-color@3.2.3
250 silly currentTree +-- postcss-modules-extract-imports@1.2.1
250 silly currentTree | `-- postcss@6.0.23
250 silly currentTree +-- postcss-modules-local-by-default@1.2.0
250 silly currentTree | `-- postcss@6.0.23
250 silly currentTree +-- postcss-modules-scope@1.1.0
250 silly currentTree | `-- postcss@6.0.23
250 silly currentTree +-- postcss-modules-values@1.3.0
250 silly currentTree | `-- postcss@6.0.23
250 silly currentTree +-- postcss-normalize-charset@1.1.1
250 silly currentTree | +-- ansi-styles@2.2.1
250 silly currentTree | +-- chalk@1.1.3
250 silly currentTree | | `-- supports-color@2.0.0
250 silly currentTree | +-- has-flag@1.0.0
250 silly currentTree | +-- postcss@5.2.18
250 silly currentTree | +-- source-map@0.5.7
250 silly currentTree | `-- supports-color@3.2.3
250 silly currentTree +-- postcss-normalize-display-values@4.0.2
250 silly currentTree | +-- picocolors@0.2.1
250 silly currentTree | `-- postcss@7.0.39
250 silly currentTree +-- postcss-normalize-positions@4.0.2
250 silly currentTree | +-- picocolors@0.2.1
250 silly currentTree | `-- postcss@7.0.39
250 silly currentTree +-- postcss-normalize-repeat-style@4.0.2
250 silly currentTree | +-- picocolors@0.2.1
250 silly currentTree | `-- postcss@7.0.39
250 silly currentTree +-- postcss-normalize-string@4.0.2
250 silly currentTree | +-- picocolors@0.2.1
250 silly currentTree | `-- postcss@7.0.39
250 silly currentTree +-- postcss-normalize-timing-functions@4.0.2
250 silly currentTree | +-- picocolors@0.2.1
250 silly currentTree | `-- postcss@7.0.39
250 silly currentTree +-- postcss-normalize-unicode@4.0.1
250 silly currentTree | +-- browserslist@4.21.5
250 silly currentTree | +-- picocolors@0.2.1
250 silly currentTree | `-- postcss@7.0.39
250 silly currentTree +-- postcss-normalize-url@3.0.8
250 silly currentTree | +-- ansi-styles@2.2.1
250 silly currentTree | +-- chalk@1.1.3
250 silly currentTree | | `-- supports-color@2.0.0
250 silly currentTree | +-- has-flag@1.0.0
250 silly currentTree | +-- postcss@5.2.18
250 silly currentTree | +-- source-map@0.5.7
250 silly currentTree | `-- supports-color@3.2.3
250 silly currentTree +-- postcss-normalize-whitespace@4.0.2
250 silly currentTree | +-- picocolors@0.2.1
250 silly currentTree | `-- postcss@7.0.39
250 silly currentTree +-- postcss-ordered-values@2.2.3
250 silly currentTree | +-- ansi-styles@2.2.1
250 silly currentTree | +-- chalk@1.1.3
250 silly currentTree | | `-- supports-color@2.0.0
250 silly currentTree | +-- has-flag@1.0.0
250 silly currentTree | +-- postcss@5.2.18
250 silly currentTree | +-- source-map@0.5.7
250 silly currentTree | `-- supports-color@3.2.3
250 silly currentTree +-- postcss-reduce-idents@2.4.0
250 silly currentTree | +-- ansi-styles@2.2.1
250 silly currentTree | +-- chalk@1.1.3
250 silly currentTree | | `-- supports-color@2.0.0
250 silly currentTree | +-- has-flag@1.0.0
250 silly currentTree | +-- postcss@5.2.18
250 silly currentTree | +-- source-map@0.5.7
250 silly currentTree | `-- supports-color@3.2.3
250 silly currentTree +-- postcss-reduce-initial@1.0.1
250 silly currentTree | +-- ansi-styles@2.2.1
250 silly currentTree | +-- chalk@1.1.3
250 silly currentTree | | `-- supports-color@2.0.0
250 silly currentTree | +-- has-flag@1.0.0
250 silly currentTree | +-- postcss@5.2.18
250 silly currentTree | +-- source-map@0.5.7
250 silly currentTree | `-- supports-color@3.2.3
250 silly currentTree +-- postcss-reduce-transforms@1.0.4
250 silly currentTree | +-- ansi-styles@2.2.1
250 silly currentTree | +-- chalk@1.1.3
250 silly currentTree | | `-- supports-color@2.0.0
250 silly currentTree | +-- has-flag@1.0.0
250 silly currentTree | +-- postcss@5.2.18
250 silly currentTree | +-- source-map@0.5.7
250 silly currentTree | `-- supports-color@3.2.3
250 silly currentTree +-- postcss-selector-parser@2.2.3
250 silly currentTree +-- postcss-svgo@2.1.6
250 silly currentTree | +-- ansi-styles@2.2.1
250 silly currentTree | +-- chalk@1.1.3
250 silly currentTree | | `-- supports-color@2.0.0
250 silly currentTree | +-- has-flag@1.0.0
250 silly currentTree | +-- postcss@5.2.18
250 silly currentTree | +-- source-map@0.5.7
250 silly currentTree | `-- supports-color@3.2.3
250 silly currentTree +-- postcss-unique-selectors@2.0.2
250 silly currentTree | +-- ansi-styles@2.2.1
250 silly currentTree | +-- chalk@1.1.3
250 silly currentTree | | `-- supports-color@2.0.0
250 silly currentTree | +-- has-flag@1.0.0
250 silly currentTree | +-- postcss@5.2.18
250 silly currentTree | +-- source-map@0.5.7
250 silly currentTree | `-- supports-color@3.2.3
250 silly currentTree +-- postcss-url@7.3.2
250 silly currentTree | `-- postcss@6.0.23
250 silly currentTree +-- postcss-value-parser@3.3.1
250 silly currentTree +-- postcss-zindex@2.2.0
250 silly currentTree | +-- ansi-styles@2.2.1
250 silly currentTree | +-- chalk@1.1.3
250 silly currentTree | | `-- supports-color@2.0.0
250 silly currentTree | +-- has-flag@1.0.0
250 silly currentTree | +-- postcss@5.2.18
250 silly currentTree | +-- source-map@0.5.7
250 silly currentTree | `-- supports-color@3.2.3
250 silly currentTree +-- postcss@8.4.23
250 silly currentTree +-- prelude-ls@1.1.2
250 silly currentTree +-- prepend-http@1.0.4
250 silly currentTree +-- preserve@0.2.0
250 silly currentTree +-- prettier@1.19.1
250 silly currentTree +-- pretty-error@2.1.2
250 silly currentTree +-- private@0.1.8
250 silly currentTree +-- process-nextick-args@2.0.1
250 silly currentTree +-- process@0.11.10
250 silly currentTree +-- progress@2.0.3
250 silly currentTree +-- promise-inflight@1.0.1
250 silly currentTree +-- proxy-addr@2.0.7
250 silly currentTree +-- prr@1.0.1
250 silly currentTree +-- pseudomap@1.0.2
250 silly currentTree +-- public-encrypt@4.0.3
250 silly currentTree | `-- bn.js@4.12.0
250 silly currentTree +-- pump@2.0.1
250 silly currentTree +-- pumpify@1.5.1
250 silly currentTree +-- punycode@2.3.0
250 silly currentTree +-- q@1.5.1
250 silly currentTree +-- qjobs@1.2.0
250 silly currentTree +-- qs@6.11.0
250 silly currentTree +-- query-string@4.3.4
250 silly currentTree +-- querystring-es3@0.2.1
250 silly currentTree +-- querystring@0.2.0
250 silly currentTree +-- querystringify@2.2.0
250 silly currentTree +-- randomatic@3.1.1
250 silly currentTree | +-- is-number@4.0.0
250 silly currentTree | `-- kind-of@6.0.3
250 silly currentTree +-- randombytes@2.1.0
250 silly currentTree +-- randomfill@1.0.4
250 silly currentTree +-- range-parser@1.2.1
250 silly currentTree +-- raw-body@2.5.2
250 silly currentTree +-- read-cache@1.0.0
250 silly currentTree | `-- pify@2.3.0
250 silly currentTree +-- read-pkg-up@1.0.1
250 silly currentTree | +-- find-up@1.1.2
250 silly currentTree | `-- path-exists@2.1.0
250 silly currentTree +-- read-pkg@1.1.0
250 silly currentTree +-- readable-stream@2.3.8
250 silly currentTree +-- readdirp@2.2.1
250 silly currentTree | +-- arr-diff@4.0.0
250 silly currentTree | +-- array-unique@0.3.2
250 silly currentTree | +-- braces@2.3.2
250 silly currentTree | | `-- extend-shallow@2.0.1
250 silly currentTree | +-- expand-brackets@2.1.4
250 silly currentTree | | +-- define-property@0.2.5
250 silly currentTree | | +-- extend-shallow@2.0.1
250 silly currentTree | | +-- is-accessor-descriptor@0.1.6
250 silly currentTree | | | `-- kind-of@3.2.2
250 silly currentTree | | +-- is-data-descriptor@0.1.4
250 silly currentTree | | | `-- kind-of@3.2.2
250 silly currentTree | | +-- is-descriptor@0.1.6
250 silly currentTree | | `-- kind-of@5.1.0
250 silly currentTree | +-- extglob@2.0.4
250 silly currentTree | | +-- define-property@1.0.0
250 silly currentTree | | `-- extend-shallow@2.0.1
250 silly currentTree | +-- fill-range@4.0.0
250 silly currentTree | | `-- extend-shallow@2.0.1
250 silly currentTree | +-- is-accessor-descriptor@1.0.0
250 silly currentTree | +-- is-data-descriptor@1.0.0
250 silly currentTree | +-- is-descriptor@1.0.2
250 silly currentTree | +-- is-number@3.0.0
250 silly currentTree | | `-- kind-of@3.2.2
250 silly currentTree | +-- isobject@3.0.1
250 silly currentTree | +-- kind-of@6.0.3
250 silly currentTree | `-- micromatch@3.1.10
250 silly currentTree +-- rechoir@0.6.2
250 silly currentTree +-- redent@1.0.0
250 silly currentTree +-- reduce-css-calc@1.3.0
250 silly currentTree | `-- balanced-match@0.4.2
250 silly currentTree +-- reduce-function-call@1.0.3
250 silly currentTree +-- regenerate@1.4.2
250 silly currentTree +-- regenerator-runtime@0.11.1
250 silly currentTree +-- regenerator-transform@0.10.1
250 silly currentTree +-- regex-cache@0.4.4
250 silly currentTree +-- regex-not@1.0.2
250 silly currentTree +-- regexp.prototype.flags@1.5.0
250 silly currentTree +-- regexpp@1.1.0
250 silly currentTree +-- regexpu-core@2.0.0
250 silly currentTree +-- regjsgen@0.2.0
250 silly currentTree +-- regjsparser@0.1.5
250 silly currentTree | `-- jsesc@0.5.0
250 silly currentTree +-- relateurl@0.2.7
250 silly currentTree +-- remove-trailing-separator@1.1.0
250 silly currentTree +-- renderkid@2.0.7
250 silly currentTree +-- repeat-element@1.1.4
250 silly currentTree +-- repeat-string@1.6.1
250 silly currentTree +-- repeating@2.0.1
250 silly currentTree +-- require-directory@2.1.1
250 silly currentTree +-- require-from-string@1.2.1
250 silly currentTree +-- require-main-filename@1.0.1
250 silly currentTree +-- require-uncached@1.0.3
250 silly currentTree +-- requires-port@1.0.0
250 silly currentTree +-- resize-observer-polyfill@1.5.1
250 silly currentTree +-- resolve-cwd@2.0.0
250 silly currentTree | `-- resolve-from@3.0.0
250 silly currentTree +-- resolve-from@1.0.1
250 silly currentTree +-- resolve-url@0.2.1
250 silly currentTree +-- resolve@1.22.2
250 silly currentTree +-- restore-cursor@2.0.0
250 silly currentTree +-- ret@0.1.15
250 silly currentTree +-- rgb-regex@1.0.1
250 silly currentTree +-- rgba-regex@1.0.0
250 silly currentTree +-- right-align@0.1.3
250 silly currentTree +-- rimraf@2.7.1
250 silly currentTree +-- ripemd160@2.0.2
250 silly currentTree +-- run-async@2.4.1
250 silly currentTree +-- run-queue@1.0.3
250 silly currentTree +-- rx-lite-aggregates@4.0.8
250 silly currentTree +-- rx-lite@4.0.8
250 silly currentTree +-- safe-array-concat@1.0.0
250 silly currentTree | `-- isarray@2.0.5
250 silly currentTree +-- safe-buffer@5.1.2
250 silly currentTree +-- safe-regex-test@1.0.0
250 silly currentTree +-- safe-regex@1.1.0
250 silly currentTree +-- safer-buffer@2.1.2
250 silly currentTree +-- samsam@1.3.0
250 silly currentTree +-- sax@1.2.4
250 silly currentTree +-- schema-utils@0.3.0
250 silly currentTree +-- select-hose@2.0.0
250 silly currentTree +-- selfsigned@1.10.14
250 silly currentTree +-- semver@5.7.1
250 silly currentTree +-- send@0.18.0
250 silly currentTree | `-- ms@2.1.3
250 silly currentTree +-- serialize-javascript@1.9.1
250 silly currentTree +-- serve-index@1.9.1
250 silly currentTree | +-- accepts@1.3.8
250 silly currentTree | +-- depd@1.1.2
250 silly currentTree | +-- http-errors@1.6.3
250 silly currentTree | +-- inherits@2.0.3
250 silly currentTree | +-- negotiator@0.6.3
250 silly currentTree | +-- setprototypeof@1.1.0
250 silly currentTree | `-- statuses@1.5.0
250 silly currentTree +-- serve-static@1.15.0
250 silly currentTree +-- set-blocking@2.0.0
250 silly currentTree +-- set-value@2.0.1
250 silly currentTree | `-- extend-shallow@2.0.1
250 silly currentTree +-- setimmediate@1.0.5
250 silly currentTree +-- setprototypeof@1.2.0
250 silly currentTree +-- sha.js@2.4.11
250 silly currentTree +-- shebang-command@1.2.0
250 silly currentTree +-- shebang-regex@1.0.0
250 silly currentTree +-- shelljs@0.8.5
250 silly currentTree +-- shellwords@0.1.1
250 silly currentTree +-- side-channel@1.0.4
250 silly currentTree +-- signal-exit@3.0.7
250 silly currentTree +-- simple-swizzle@0.2.2
250 silly currentTree | `-- is-arrayish@0.3.2
250 silly currentTree +-- sinon-chai@2.14.0
250 silly currentTree +-- sinon@4.5.0
250 silly currentTree | `-- lolex@2.7.5
250 silly currentTree +-- slash@1.0.0
250 silly currentTree +-- slice-ansi@1.0.0
250 silly currentTree +-- snapdragon-node@2.1.1
250 silly currentTree | +-- define-property@1.0.0
250 silly currentTree | +-- is-accessor-descriptor@1.0.0
250 silly currentTree | +-- is-data-descriptor@1.0.0
250 silly currentTree | +-- is-descriptor@1.0.2
250 silly currentTree | +-- isobject@3.0.1
250 silly currentTree | `-- kind-of@6.0.3
250 silly currentTree +-- snapdragon-util@3.0.1
250 silly currentTree +-- snapdragon@0.8.2
250 silly currentTree | +-- define-property@0.2.5
250 silly currentTree | +-- extend-shallow@2.0.1
250 silly currentTree | `-- source-map@0.5.7
250 silly currentTree +-- socket.io-adapter@0.5.0
250 silly currentTree | +-- debug@2.3.3
250 silly currentTree | `-- ms@0.7.2
250 silly currentTree +-- socket.io-client@1.7.3
250 silly currentTree | +-- component-emitter@1.2.1
250 silly currentTree | +-- debug@2.3.3
250 silly currentTree | `-- ms@0.7.2
250 silly currentTree +-- socket.io-parser@2.3.1
250 silly currentTree | +-- component-emitter@1.1.2
250 silly currentTree | +-- debug@2.2.0
250 silly currentTree | +-- isarray@0.0.1
250 silly currentTree | `-- ms@0.7.1
250 silly currentTree +-- socket.io@1.7.3
250 silly currentTree | +-- debug@2.3.3
250 silly currentTree | +-- ms@0.7.2
250 silly currentTree | `-- object-assign@4.1.0
250 silly currentTree +-- sockjs-client@1.1.5
250 silly currentTree | `-- faye-websocket@0.11.4
250 silly currentTree +-- sockjs@0.3.19
250 silly currentTree +-- sort-keys@1.1.2
250 silly currentTree +-- source-list-map@2.0.1
250 silly currentTree +-- source-map-js@1.0.2
250 silly currentTree +-- source-map-resolve@0.5.3
250 silly currentTree +-- source-map-support@0.4.18
250 silly currentTree | `-- source-map@0.5.7
250 silly currentTree +-- source-map-url@0.4.1
250 silly currentTree +-- source-map@0.6.1
250 silly currentTree +-- spdx-correct@3.2.0
250 silly currentTree +-- spdx-exceptions@2.3.0
250 silly currentTree +-- spdx-expression-parse@3.0.1
250 silly currentTree +-- spdx-license-ids@3.0.13
250 silly currentTree +-- spdy-transport@3.0.0
250 silly currentTree | +-- debug@4.3.4
250 silly currentTree | +-- ms@2.1.2
250 silly currentTree | `-- readable-stream@3.6.2
250 silly currentTree +-- spdy@4.0.2
250 silly currentTree | +-- debug@4.3.4
250 silly currentTree | `-- ms@2.1.2
250 silly currentTree +-- split-string@3.1.0
250 silly currentTree +-- sprintf-js@1.0.3
250 silly currentTree +-- ssri@5.3.0
250 silly currentTree +-- stable@0.1.8
250 silly currentTree +-- stackframe@1.3.4
250 silly currentTree +-- static-extend@0.1.2
250 silly currentTree | `-- define-property@0.2.5
250 silly currentTree +-- statuses@2.0.1
250 silly currentTree +-- stream-browserify@2.0.2
250 silly currentTree +-- stream-each@1.2.3
250 silly currentTree +-- stream-http@2.8.3
250 silly currentTree +-- stream-shift@1.0.1
250 silly currentTree +-- strict-uri-encode@1.1.0
250 silly currentTree +-- string_decoder@1.1.1
250 silly currentTree +-- string-width@2.1.1
250 silly currentTree | +-- ansi-regex@3.0.1
250 silly currentTree | `-- strip-ansi@4.0.0
250 silly currentTree +-- string.prototype.trim@1.2.7
250 silly currentTree +-- string.prototype.trimend@1.0.6
250 silly currentTree +-- string.prototype.trimstart@1.0.6
250 silly currentTree +-- strip-ansi@3.0.1
250 silly currentTree +-- strip-bom@2.0.0
250 silly currentTree +-- strip-eof@1.0.0
250 silly currentTree +-- strip-indent@1.0.1
250 silly currentTree +-- strip-json-comments@2.0.1
250 silly currentTree +-- stylehacks@4.0.3
250 silly currentTree | +-- browserslist@4.21.5
250 silly currentTree | +-- picocolors@0.2.1
250 silly currentTree | +-- postcss-selector-parser@3.1.2
250 silly currentTree | `-- postcss@7.0.39
250 silly currentTree +-- supports-color@5.5.0
250 silly currentTree +-- supports-preserve-symlinks-flag@1.0.0
250 silly currentTree +-- svgo@0.7.2
250 silly currentTree +-- table@4.0.2
250 silly currentTree +-- tapable@0.2.9
250 silly currentTree +-- test-exclude@4.2.3
250 silly currentTree +-- text-table@0.2.0
250 silly currentTree +-- throttle-debounce@1.1.0
250 silly currentTree +-- through@2.3.8
250 silly currentTree +-- through2@2.0.5
250 silly currentTree +-- thunky@1.1.0
250 silly currentTree +-- time-stamp@2.2.0
250 silly currentTree +-- timers-browserify@2.0.12
250 silly currentTree +-- timsort@0.3.0
250 silly currentTree +-- tmp@0.0.33
250 silly currentTree +-- to-array@0.1.4
250 silly currentTree +-- to-arraybuffer@1.0.1
250 silly currentTree +-- to-fast-properties@1.0.3
250 silly currentTree +-- to-object-path@0.3.0
250 silly currentTree +-- to-regex-range@2.1.1
250 silly currentTree | `-- is-number@3.0.0
250 silly currentTree +-- to-regex@3.0.2
250 silly currentTree +-- toidentifier@1.0.1
250 silly currentTree +-- toposort@1.0.7
250 silly currentTree +-- trim-newlines@1.0.0
250 silly currentTree +-- trim-right@1.0.1
250 silly currentTree +-- tryer@1.0.1
250 silly currentTree +-- tsconfig-paths@3.14.2
250 silly currentTree | +-- json5@1.0.2
250 silly currentTree | `-- strip-bom@3.0.0
250 silly currentTree +-- tty-browserify@0.0.0
250 silly currentTree +-- type-check@0.3.2
250 silly currentTree +-- type-detect@4.0.8
250 silly currentTree +-- type-is@1.6.18
250 silly currentTree +-- type@1.2.0
250 silly currentTree +-- typed-array-length@1.0.4
250 silly currentTree +-- typedarray@0.0.6
250 silly currentTree +-- uglify-js@3.4.10
250 silly currentTree | `-- commander@2.19.0
250 silly currentTree +-- uglify-to-browserify@1.0.2
250 silly currentTree +-- uglifyjs-webpack-plugin@1.3.0
250 silly currentTree | +-- ajv-keywords@3.5.2
250 silly currentTree | +-- ajv@6.12.6
250 silly currentTree | +-- commander@2.13.0
250 silly currentTree | +-- fast-deep-equal@3.1.3
250 silly currentTree | +-- json-schema-traverse@0.4.1
250 silly currentTree | +-- schema-utils@0.4.7
250 silly currentTree | `-- uglify-es@3.3.9
250 silly currentTree +-- ultron@1.0.2
250 silly currentTree +-- unbox-primitive@1.0.2
250 silly currentTree +-- union-value@1.0.1
250 silly currentTree +-- uniq@1.0.1
250 silly currentTree +-- uniqs@2.0.0
250 silly currentTree +-- unique-filename@1.1.1
250 silly currentTree +-- unique-slug@2.0.2
250 silly currentTree +-- unpipe@1.0.0
250 silly currentTree +-- unquote@1.1.1
250 silly currentTree +-- unset-value@1.0.0
250 silly currentTree | +-- has-value@0.3.1
250 silly currentTree | | `-- isobject@2.1.0
250 silly currentTree | +-- has-values@0.1.4
250 silly currentTree | `-- isobject@3.0.1
250 silly currentTree +-- upath@1.2.0
250 silly currentTree +-- update-browserslist-db@1.0.11
250 silly currentTree +-- upper-case@1.1.3
250 silly currentTree +-- uri-js@4.4.1
250 silly currentTree +-- urix@0.1.0
250 silly currentTree +-- url-loader@0.5.9
250 silly currentTree | `-- mime@1.3.6
250 silly currentTree +-- url-parse@1.5.10
250 silly currentTree +-- url@0.11.0
250 silly currentTree | `-- punycode@1.3.2
250 silly currentTree +-- use@3.1.1
250 silly currentTree +-- useragent@2.3.0
250 silly currentTree +-- util-deprecate@1.0.2
250 silly currentTree +-- util.promisify@1.0.1
250 silly currentTree +-- util@0.11.1
250 silly currentTree | `-- inherits@2.0.3
250 silly currentTree +-- utila@0.4.0
250 silly currentTree +-- utils-merge@1.0.1
250 silly currentTree +-- uuid@3.4.0
250 silly currentTree +-- validate-npm-package-license@3.0.4
250 silly currentTree +-- vary@1.1.2
250 silly currentTree +-- vendors@1.0.4
250 silly currentTree +-- vm-browserify@1.1.2
250 silly currentTree +-- void-elements@2.0.1
250 silly currentTree +-- vue-eslint-parser@2.0.3
250 silly currentTree | +-- debug@3.2.7
250 silly currentTree | `-- ms@2.1.3
250 silly currentTree +-- vue-hot-reload-api@2.3.4
250 silly currentTree +-- vue-loader@13.7.3
250 silly currentTree | +-- cosmiconfig@2.2.2
250 silly currentTree | +-- postcss-load-config@1.2.0
250 silly currentTree | `-- postcss@6.0.23
250 silly currentTree +-- vue-router@3.6.5
250 silly currentTree +-- vue-style-loader@3.1.2
250 silly currentTree +-- vue-template-compiler@2.7.14
250 silly currentTree +-- vue-template-es2015-compiler@1.9.1
250 silly currentTree +-- vue@2.7.14
250 silly currentTree +-- watchpack-chokidar2@2.0.1
250 silly currentTree | +-- anymatch@2.0.0
250 silly currentTree | | `-- normalize-path@2.1.1
250 silly currentTree | +-- arr-diff@4.0.0
250 silly currentTree | +-- array-unique@0.3.2
250 silly currentTree | +-- braces@2.3.2
250 silly currentTree | | `-- extend-shallow@2.0.1
250 silly currentTree | +-- chokidar@2.1.8
250 silly currentTree | +-- expand-brackets@2.1.4
250 silly currentTree | | +-- define-property@0.2.5
250 silly currentTree | | +-- extend-shallow@2.0.1
250 silly currentTree | | +-- is-accessor-descriptor@0.1.6
250 silly currentTree | | | `-- kind-of@3.2.2
250 silly currentTree | | +-- is-data-descriptor@0.1.4
250 silly currentTree | | | `-- kind-of@3.2.2
250 silly currentTree | | +-- is-descriptor@0.1.6
250 silly currentTree | | `-- kind-of@5.1.0
250 silly currentTree | +-- extglob@2.0.4
250 silly currentTree | | +-- define-property@1.0.0
250 silly currentTree | | `-- extend-shallow@2.0.1
250 silly currentTree | +-- fill-range@4.0.0
250 silly currentTree | | `-- extend-shallow@2.0.1
250 silly currentTree | +-- glob-parent@3.1.0
250 silly currentTree | | `-- is-glob@3.1.0
250 silly currentTree | +-- is-accessor-descriptor@1.0.0
250 silly currentTree | +-- is-data-descriptor@1.0.0
250 silly currentTree | +-- is-descriptor@1.0.2
250 silly currentTree | +-- is-extglob@2.1.1
250 silly currentTree | +-- is-glob@4.0.3
250 silly currentTree | +-- is-number@3.0.0
250 silly currentTree | | `-- kind-of@3.2.2
250 silly currentTree | +-- isobject@3.0.1
250 silly currentTree | +-- kind-of@6.0.3
250 silly currentTree | +-- micromatch@3.1.10
250 silly currentTree | `-- normalize-path@3.0.0
250 silly currentTree +-- watchpack@1.7.5
250 silly currentTree | +-- anymatch@3.1.3
250 silly currentTree | +-- binary-extensions@2.2.0
250 silly currentTree | +-- braces@3.0.2
250 silly currentTree | +-- chokidar@3.5.3
250 silly currentTree | +-- fill-range@7.0.1
250 silly currentTree | +-- glob-parent@5.1.2
250 silly currentTree | +-- is-binary-path@2.1.0
250 silly currentTree | +-- is-extglob@2.1.1
250 silly currentTree | +-- is-glob@4.0.3
250 silly currentTree | +-- is-number@7.0.0
250 silly currentTree | +-- normalize-path@3.0.0
250 silly currentTree | +-- readdirp@3.6.0
250 silly currentTree | `-- to-regex-range@5.0.1
250 silly currentTree +-- wbuf@1.7.3
250 silly currentTree +-- webpack-bundle-analyzer@2.13.1
250 silly currentTree | `-- ws@4.1.0
250 silly currentTree +-- webpack-dev-middleware@1.12.2
250 silly currentTree +-- webpack-dev-server@2.11.5
250 silly currentTree | +-- anymatch@2.0.0
250 silly currentTree | | `-- normalize-path@2.1.1
250 silly currentTree | +-- arr-diff@4.0.0
250 silly currentTree | +-- array-unique@0.3.2
250 silly currentTree | +-- braces@2.3.2
250 silly currentTree | | `-- extend-shallow@2.0.1
250 silly currentTree | +-- camelcase@3.0.0
250 silly currentTree | +-- chokidar@2.1.8
250 silly currentTree | +-- cliui@3.2.0
250 silly currentTree | +-- debug@3.2.7
250 silly currentTree | | `-- ms@2.1.3
250 silly currentTree | +-- expand-brackets@2.1.4
250 silly currentTree | | +-- debug@2.6.9
250 silly currentTree | | +-- define-property@0.2.5
250 silly currentTree | | +-- extend-shallow@2.0.1
250 silly currentTree | | +-- is-accessor-descriptor@0.1.6
250 silly currentTree | | | `-- kind-of@3.2.2
250 silly currentTree | | +-- is-data-descriptor@0.1.4
250 silly currentTree | | | `-- kind-of@3.2.2
250 silly currentTree | | +-- is-descriptor@0.1.6
250 silly currentTree | | `-- kind-of@5.1.0
250 silly currentTree | +-- extglob@2.0.4
250 silly currentTree | | +-- define-property@1.0.0
250 silly currentTree | | `-- extend-shallow@2.0.1
250 silly currentTree | +-- fill-range@4.0.0
250 silly currentTree | | `-- extend-shallow@2.0.1
250 silly currentTree | +-- glob-parent@3.1.0
250 silly currentTree | | `-- is-glob@3.1.0
250 silly currentTree | +-- is-accessor-descriptor@1.0.0
250 silly currentTree | +-- is-data-descriptor@1.0.0
250 silly currentTree | +-- is-descriptor@1.0.2
250 silly currentTree | +-- is-extglob@2.1.1
250 silly currentTree | +-- is-fullwidth-code-point@1.0.0
250 silly currentTree | +-- is-glob@4.0.3
250 silly currentTree | +-- is-number@3.0.0
250 silly currentTree | | `-- kind-of@3.2.2
250 silly currentTree | +-- isobject@3.0.1
250 silly currentTree | +-- kind-of@6.0.3
250 silly currentTree | +-- micromatch@3.1.10
250 silly currentTree | +-- normalize-path@3.0.0
250 silly currentTree | +-- os-locale@1.4.0
250 silly currentTree | +-- string-width@1.0.2
250 silly currentTree | +-- which-module@1.0.0
250 silly currentTree | +-- y18n@3.2.2
250 silly currentTree | +-- yargs-parser@4.2.1
250 silly currentTree | `-- yargs@6.6.0
250 silly currentTree +-- webpack-merge@4.2.2
250 silly currentTree +-- webpack-sources@1.4.3
250 silly currentTree +-- webpack@3.12.0
250 silly currentTree | +-- ajv-keywords@3.5.2
250 silly currentTree | +-- ajv@6.12.6
250 silly currentTree | +-- camelcase@1.2.1
250 silly currentTree | +-- fast-deep-equal@3.1.3
250 silly currentTree | +-- has-flag@2.0.0
250 silly currentTree | +-- json-schema-traverse@0.4.1
250 silly currentTree | +-- source-map@0.5.7
250 silly currentTree | +-- supports-color@4.5.0
250 silly currentTree | +-- uglify-js@2.8.29
250 silly currentTree | | `-- yargs@3.10.0
250 silly currentTree | `-- uglifyjs-webpack-plugin@0.4.6
250 silly currentTree +-- websocket-driver@0.7.4
250 silly currentTree +-- websocket-extensions@0.1.4
250 silly currentTree +-- whet.extend@0.9.9
250 silly currentTree +-- which-boxed-primitive@1.0.2
250 silly currentTree +-- which-module@2.0.1
250 silly currentTree +-- which-typed-array@1.1.9
250 silly currentTree +-- which@1.3.1
250 silly currentTree +-- window-size@0.1.0
250 silly currentTree +-- word-wrap@1.2.3
250 silly currentTree +-- wordwrap@0.0.3
250 silly currentTree +-- worker-farm@1.7.0
250 silly currentTree +-- wrap-ansi@2.1.0
250 silly currentTree | +-- is-fullwidth-code-point@1.0.0
250 silly currentTree | `-- string-width@1.0.2
250 silly currentTree +-- wrappy@1.0.2
250 silly currentTree +-- write@0.2.1
250 silly currentTree +-- ws@1.1.2
250 silly currentTree +-- wtf-8@1.0.0
250 silly currentTree +-- xmlhttprequest-ssl@1.5.3
250 silly currentTree +-- xtend@4.0.2
250 silly currentTree +-- xxhashjs@0.2.2
250 silly currentTree +-- y18n@4.0.3
250 silly currentTree +-- yallist@2.1.2
250 silly currentTree +-- yargs-parser@7.0.0
250 silly currentTree | `-- camelcase@4.1.0
250 silly currentTree +-- yargs@8.0.2
250 silly currentTree | +-- camelcase@4.1.0
250 silly currentTree | +-- cliui@3.2.0
250 silly currentTree | | `-- string-width@1.0.2
250 silly currentTree | +-- is-fullwidth-code-point@1.0.0
250 silly currentTree | +-- load-json-file@2.0.0
250 silly currentTree | +-- path-type@2.0.0
250 silly currentTree | +-- pify@2.3.0
250 silly currentTree | +-- read-pkg-up@2.0.0
250 silly currentTree | +-- read-pkg@2.0.0
250 silly currentTree | +-- strip-bom@3.0.0
250 silly currentTree | `-- y18n@3.2.2
250 silly currentTree `-- yeast@0.1.2
251 silly idealTree es-vue-project@1.0.0
251 silly idealTree +-- @babel/code-frame@7.0.0-beta.44
251 silly idealTree +-- @babel/generator@7.0.0-beta.44
251 silly idealTree | +-- jsesc@2.5.2
251 silly idealTree | `-- source-map@0.5.7
251 silly idealTree +-- @babel/helper-function-name@7.0.0-beta.44
251 silly idealTree +-- @babel/helper-get-function-arity@7.0.0-beta.44
251 silly idealTree +-- @babel/helper-split-export-declaration@7.0.0-beta.44
251 silly idealTree +-- @babel/highlight@7.0.0-beta.44
251 silly idealTree +-- @babel/parser@7.21.4
251 silly idealTree +-- @babel/template@7.0.0-beta.44
251 silly idealTree | `-- babylon@7.0.0-beta.44
251 silly idealTree +-- @babel/traverse@7.0.0-beta.44
251 silly idealTree | +-- babylon@7.0.0-beta.44
251 silly idealTree | +-- debug@3.2.7
251 silly idealTree | +-- globals@11.12.0
251 silly idealTree | `-- ms@2.1.3
251 silly idealTree +-- @babel/types@7.0.0-beta.44
251 silly idealTree | `-- to-fast-properties@2.0.0
251 silly idealTree +-- @sinonjs/commons@1.8.6
251 silly idealTree +-- @sinonjs/formatio@2.0.0
251 silly idealTree +-- @sinonjs/samsam@3.3.3
251 silly idealTree +-- @sinonjs/text-encoding@0.7.2
251 silly idealTree +-- @types/json5@0.0.29
251 silly idealTree +-- @types/q@1.5.5
251 silly idealTree +-- @vue/compiler-sfc@2.7.14
251 silly idealTree +-- abbrev@1.0.9
251 silly idealTree +-- accepts@1.3.3
251 silly idealTree +-- acorn-dynamic-import@2.0.2
251 silly idealTree | `-- acorn@4.0.13
251 silly idealTree +-- acorn-jsx@3.0.1
251 silly idealTree | `-- acorn@3.3.0
251 silly idealTree +-- acorn@5.7.4
251 silly idealTree +-- after@0.8.2
251 silly idealTree +-- ajv-keywords@2.1.1
251 silly idealTree +-- ajv@5.5.2
251 silly idealTree +-- align-text@0.1.4
251 silly idealTree +-- alphanum-sort@1.0.2
251 silly idealTree +-- amdefine@1.0.1
251 silly idealTree +-- ansi-escapes@3.2.0
251 silly idealTree +-- ansi-html@0.0.7
251 silly idealTree +-- ansi-regex@2.1.1
251 silly idealTree +-- ansi-styles@3.2.1
251 silly idealTree +-- anymatch@1.3.2
251 silly idealTree +-- aproba@1.2.0
251 silly idealTree +-- argparse@1.0.10
251 silly idealTree +-- arr-diff@2.0.0
251 silly idealTree +-- arr-flatten@1.1.0
251 silly idealTree +-- arr-union@3.1.0
251 silly idealTree +-- array-buffer-byte-length@1.0.0
251 silly idealTree +-- array-find-index@1.0.2
251 silly idealTree +-- array-flatten@1.1.1
251 silly idealTree +-- array-from@2.1.1
251 silly idealTree +-- array-includes@3.1.6
251 silly idealTree +-- array-slice@0.2.3
251 silly idealTree +-- array-union@1.0.2
251 silly idealTree +-- array-uniq@1.0.3
251 silly idealTree +-- array-unique@0.2.1
251 silly idealTree +-- array.prototype.flat@1.3.1
251 silly idealTree +-- array.prototype.flatmap@1.3.1
251 silly idealTree +-- array.prototype.reduce@1.0.5
251 silly idealTree +-- arraybuffer.slice@0.0.6
251 silly idealTree +-- arrify@1.0.1
251 silly idealTree +-- asn1.js@5.4.1
251 silly idealTree | `-- bn.js@4.12.0
251 silly idealTree +-- asn1@0.2.6
251 silly idealTree +-- assert-plus@1.0.0
251 silly idealTree +-- assert@1.5.0
251 silly idealTree | +-- inherits@2.0.1
251 silly idealTree | `-- util@0.10.3
251 silly idealTree +-- assertion-error@1.1.0
251 silly idealTree +-- assign-symbols@1.0.0
251 silly idealTree +-- async-each@1.0.6
251 silly idealTree +-- async-limiter@1.0.1
251 silly idealTree +-- async-validator@1.8.5
251 silly idealTree +-- async@2.6.4
251 silly idealTree +-- asynckit@0.4.0
251 silly idealTree +-- atob@2.1.2
251 silly idealTree +-- autoprefixer@7.2.6
251 silly idealTree | `-- postcss@6.0.23
251 silly idealTree +-- available-typed-arrays@1.0.5
251 silly idealTree +-- aws-sign2@0.7.0
251 silly idealTree +-- aws4@1.12.0
251 silly idealTree +-- axios@0.25.0
251 silly idealTree +-- babel-code-frame@6.26.0
251 silly idealTree | +-- ansi-styles@2.2.1
251 silly idealTree | +-- chalk@1.1.3
251 silly idealTree | `-- supports-color@2.0.0
251 silly idealTree +-- babel-core@6.26.3
251 silly idealTree | `-- source-map@0.5.7
251 silly idealTree +-- babel-eslint@8.2.6
251 silly idealTree | `-- babylon@7.0.0-beta.44
251 silly idealTree +-- babel-generator@6.26.1
251 silly idealTree | `-- source-map@0.5.7
251 silly idealTree +-- babel-helper-bindify-decorators@6.24.1
251 silly idealTree +-- babel-helper-builder-binary-assignment-operator-visitor@6.24.1
251 silly idealTree +-- babel-helper-call-delegate@6.24.1
251 silly idealTree +-- babel-helper-define-map@6.26.0
251 silly idealTree +-- babel-helper-explode-assignable-expression@6.24.1
251 silly idealTree +-- babel-helper-explode-class@6.24.1
251 silly idealTree +-- babel-helper-function-name@6.24.1
251 silly idealTree +-- babel-helper-get-function-arity@6.24.1
251 silly idealTree +-- babel-helper-hoist-variables@6.24.1
251 silly idealTree +-- babel-helper-optimise-call-expression@6.24.1
251 silly idealTree +-- babel-helper-regex@6.26.0
251 silly idealTree +-- babel-helper-remap-async-to-generator@6.24.1
251 silly idealTree +-- babel-helper-replace-supers@6.24.1
251 silly idealTree +-- babel-helper-vue-jsx-merge-props@2.0.3
251 silly idealTree +-- babel-helpers@6.24.1
251 silly idealTree +-- babel-loader@7.1.5
251 silly idealTree +-- babel-messages@6.23.0
251 silly idealTree +-- babel-plugin-check-es2015-constants@6.22.0
251 silly idealTree +-- babel-plugin-istanbul@4.1.6
251 silly idealTree +-- babel-plugin-syntax-async-functions@6.13.0
251 silly idealTree +-- babel-plugin-syntax-async-generators@6.13.0
251 silly idealTree +-- babel-plugin-syntax-class-properties@6.13.0
251 silly idealTree +-- babel-plugin-syntax-decorators@6.13.0
251 silly idealTree +-- babel-plugin-syntax-dynamic-import@6.18.0
251 silly idealTree +-- babel-plugin-syntax-exponentiation-operator@6.13.0
251 silly idealTree +-- babel-plugin-syntax-jsx@6.18.0
251 silly idealTree +-- babel-plugin-syntax-object-rest-spread@6.13.0
251 silly idealTree +-- babel-plugin-syntax-trailing-function-commas@6.22.0
251 silly idealTree +-- babel-plugin-transform-async-generator-functions@6.24.1
251 silly idealTree +-- babel-plugin-transform-async-to-generator@6.24.1
251 silly idealTree +-- babel-plugin-transform-class-properties@6.24.1
251 silly idealTree +-- babel-plugin-transform-decorators@6.24.1
251 silly idealTree +-- babel-plugin-transform-es2015-arrow-functions@6.22.0
251 silly idealTree +-- babel-plugin-transform-es2015-block-scoped-functions@6.22.0
251 silly idealTree +-- babel-plugin-transform-es2015-block-scoping@6.26.0
251 silly idealTree +-- babel-plugin-transform-es2015-classes@6.24.1
251 silly idealTree +-- babel-plugin-transform-es2015-computed-properties@6.24.1
251 silly idealTree +-- babel-plugin-transform-es2015-destructuring@6.23.0
251 silly idealTree +-- babel-plugin-transform-es2015-duplicate-keys@6.24.1
251 silly idealTree +-- babel-plugin-transform-es2015-for-of@6.23.0
251 silly idealTree +-- babel-plugin-transform-es2015-function-name@6.24.1
251 silly idealTree +-- babel-plugin-transform-es2015-literals@6.22.0
251 silly idealTree +-- babel-plugin-transform-es2015-modules-amd@6.24.1
251 silly idealTree +-- babel-plugin-transform-es2015-modules-commonjs@6.26.2
251 silly idealTree +-- babel-plugin-transform-es2015-modules-systemjs@6.24.1
251 silly idealTree +-- babel-plugin-transform-es2015-modules-umd@6.24.1
251 silly idealTree +-- babel-plugin-transform-es2015-object-super@6.24.1
251 silly idealTree +-- babel-plugin-transform-es2015-parameters@6.24.1
251 silly idealTree +-- babel-plugin-transform-es2015-shorthand-properties@6.24.1
251 silly idealTree +-- babel-plugin-transform-es2015-spread@6.22.0
251 silly idealTree +-- babel-plugin-transform-es2015-sticky-regex@6.24.1
251 silly idealTree +-- babel-plugin-transform-es2015-template-literals@6.22.0
251 silly idealTree +-- babel-plugin-transform-es2015-typeof-symbol@6.23.0
251 silly idealTree +-- babel-plugin-transform-es2015-unicode-regex@6.24.1
251 silly idealTree +-- babel-plugin-transform-exponentiation-operator@6.24.1
251 silly idealTree +-- babel-plugin-transform-object-rest-spread@6.26.0
251 silly idealTree +-- babel-plugin-transform-regenerator@6.26.0
251 silly idealTree +-- babel-plugin-transform-runtime@6.23.0
251 silly idealTree +-- babel-plugin-transform-strict-mode@6.24.1
251 silly idealTree +-- babel-plugin-transform-vue-jsx@3.7.0
251 silly idealTree +-- babel-preset-env@1.7.0
251 silly idealTree | `-- browserslist@3.2.8
251 silly idealTree +-- babel-preset-stage-2@6.24.1
251 silly idealTree +-- babel-preset-stage-3@6.24.1
251 silly idealTree +-- babel-register@6.26.0
251 silly idealTree +-- babel-runtime@6.26.0
251 silly idealTree +-- babel-template@6.26.0
251 silly idealTree +-- babel-traverse@6.26.0
251 silly idealTree +-- babel-types@6.26.0
251 silly idealTree +-- babylon@6.18.0
251 silly idealTree +-- backo2@1.0.2
251 silly idealTree +-- balanced-match@1.0.2
251 silly idealTree +-- base@0.11.2
251 silly idealTree | +-- define-property@1.0.0
251 silly idealTree | +-- is-accessor-descriptor@1.0.0
251 silly idealTree | +-- is-data-descriptor@1.0.0
251 silly idealTree | +-- is-descriptor@1.0.2
251 silly idealTree | +-- isobject@3.0.1
251 silly idealTree | `-- kind-of@6.0.3
251 silly idealTree +-- base64-arraybuffer@0.1.5
251 silly idealTree +-- base64-js@1.5.1
251 silly idealTree +-- base64id@1.0.0
251 silly idealTree +-- batch@0.6.1
251 silly idealTree +-- bcrypt-pbkdf@1.0.2
251 silly idealTree +-- better-assert@1.0.2
251 silly idealTree +-- bfj-node4@5.3.1
251 silly idealTree +-- big.js@5.2.2
251 silly idealTree +-- binary-extensions@1.13.1
251 silly idealTree +-- bindings@1.5.0
251 silly idealTree +-- blob@0.0.4
251 silly idealTree +-- bluebird@3.7.2
251 silly idealTree +-- bn.js@5.2.1
251 silly idealTree +-- body-parser@1.20.2
251 silly idealTree +-- bonjour@3.5.0
251 silly idealTree | `-- array-flatten@2.1.2
251 silly idealTree +-- boolbase@1.0.0
251 silly idealTree +-- brace-expansion@1.1.11
251 silly idealTree +-- braces@1.8.5
251 silly idealTree +-- brorand@1.1.0
251 silly idealTree +-- browser-stdout@1.3.0
251 silly idealTree +-- browserify-aes@1.2.0
251 silly idealTree +-- browserify-cipher@1.0.1
251 silly idealTree +-- browserify-des@1.0.2
251 silly idealTree +-- browserify-rsa@4.1.0
251 silly idealTree +-- browserify-sign@4.2.1
251 silly idealTree | +-- readable-stream@3.6.2
251 silly idealTree | `-- safe-buffer@5.2.1
251 silly idealTree +-- browserify-zlib@0.2.0
251 silly idealTree +-- browserslist@2.11.3
251 silly idealTree +-- buffer-alloc-unsafe@1.1.0
251 silly idealTree +-- buffer-alloc@1.2.0
251 silly idealTree +-- buffer-crc32@0.2.13
251 silly idealTree +-- buffer-fill@1.0.0
251 silly idealTree +-- buffer-from@1.1.2
251 silly idealTree +-- buffer-indexof@1.1.1
251 silly idealTree +-- buffer-xor@1.0.3
251 silly idealTree +-- buffer@4.9.2
251 silly idealTree +-- builtin-status-codes@3.0.0
251 silly idealTree +-- bytes@3.1.2
251 silly idealTree +-- cacache@10.0.4
251 silly idealTree +-- cache-base@1.0.1
251 silly idealTree | `-- isobject@3.0.1
251 silly idealTree +-- call-bind@1.0.2
251 silly idealTree +-- caller-callsite@2.0.0
251 silly idealTree | `-- callsites@2.0.0
251 silly idealTree +-- caller-path@0.1.0
251 silly idealTree +-- callsite@1.0.0
251 silly idealTree +-- callsites@0.2.0
251 silly idealTree +-- camel-case@3.0.0
251 silly idealTree +-- camelcase-keys@2.1.0
251 silly idealTree +-- camelcase@2.1.1
251 silly idealTree +-- caniuse-api@1.6.1
251 silly idealTree | `-- browserslist@1.7.7
251 silly idealTree +-- caniuse-db@1.0.30001481
251 silly idealTree +-- caniuse-lite@1.0.30001481
251 silly idealTree +-- caseless@0.12.0
251 silly idealTree +-- center-align@0.1.3
251 silly idealTree +-- chai@4.3.7
251 silly idealTree +-- chalk@2.4.2
251 silly idealTree +-- chardet@0.4.2
251 silly idealTree +-- check-error@1.0.2
251 silly idealTree +-- check-types@7.4.0
251 silly idealTree +-- chokidar@1.7.0
251 silly idealTree +-- chownr@1.1.4
251 silly idealTree +-- cipher-base@1.0.4
251 silly idealTree +-- circular-json@0.3.3
251 silly idealTree +-- clap@1.2.3
251 silly idealTree | +-- ansi-styles@2.2.1
251 silly idealTree | +-- chalk@1.1.3
251 silly idealTree | `-- supports-color@2.0.0
251 silly idealTree +-- class-utils@0.3.6
251 silly idealTree | +-- define-property@0.2.5
251 silly idealTree | `-- isobject@3.0.1
251 silly idealTree +-- clean-css@4.2.4
251 silly idealTree +-- cli-cursor@2.1.0
251 silly idealTree +-- cli-spinners@1.3.1
251 silly idealTree +-- cli-width@2.2.1
251 silly idealTree +-- cliui@2.1.0
251 silly idealTree | `-- wordwrap@0.0.2
251 silly idealTree +-- clone@1.0.4
251 silly idealTree +-- co@4.6.0
251 silly idealTree +-- coa@1.0.4
251 silly idealTree +-- coalescy@1.0.0
251 silly idealTree +-- code-point-at@1.1.0
251 silly idealTree +-- collection-visit@1.0.0
251 silly idealTree +-- color-convert@1.9.3
251 silly idealTree +-- color-name@1.1.3
251 silly idealTree +-- color-string@0.3.0
251 silly idealTree +-- color@0.11.4
251 silly idealTree +-- colormin@1.1.2
251 silly idealTree +-- colors@1.1.2
251 silly idealTree +-- combine-lists@1.0.1
251 silly idealTree +-- combined-stream@1.0.8
251 silly idealTree +-- commander@2.17.1
251 silly idealTree +-- commondir@1.0.1
251 silly idealTree +-- component-bind@1.0.0
251 silly idealTree +-- component-emitter@1.3.0
251 silly idealTree +-- component-inherit@0.0.3
251 silly idealTree +-- compressible@2.0.18
251 silly idealTree +-- compression@1.7.4
251 silly idealTree | +-- accepts@1.3.8
251 silly idealTree | +-- bytes@3.0.0
251 silly idealTree | `-- negotiator@0.6.3
251 silly idealTree +-- concat-map@0.0.1
251 silly idealTree +-- concat-stream@1.6.2
251 silly idealTree +-- connect-history-api-fallback@1.6.0
251 silly idealTree +-- connect@3.7.0
251 silly idealTree +-- console-browserify@1.2.0
251 silly idealTree +-- consolidate@0.14.5
251 silly idealTree +-- constants-browserify@1.0.0
251 silly idealTree +-- content-disposition@0.5.4
251 silly idealTree | `-- safe-buffer@5.2.1
251 silly idealTree +-- content-type@1.0.5
251 silly idealTree +-- convert-source-map@1.9.0
251 silly idealTree +-- cookie-signature@1.0.6
251 silly idealTree +-- cookie@0.3.1
251 silly idealTree +-- copy-concurrently@1.0.5
251 silly idealTree +-- copy-descriptor@0.1.1
251 silly idealTree +-- copy-webpack-plugin@4.6.0
251 silly idealTree | +-- is-extglob@2.1.1
251 silly idealTree | `-- is-glob@4.0.3
251 silly idealTree +-- core-js@2.6.12
251 silly idealTree +-- core-util-is@1.0.3
251 silly idealTree +-- cosmiconfig@5.2.1
251 silly idealTree | +-- esprima@4.0.1
251 silly idealTree | +-- js-yaml@3.14.1
251 silly idealTree | `-- parse-json@4.0.0
251 silly idealTree +-- create-ecdh@4.0.4
251 silly idealTree | `-- bn.js@4.12.0
251 silly idealTree +-- create-hash@1.2.0
251 silly idealTree +-- create-hmac@1.1.7
251 silly idealTree +-- cross-env@5.2.1
251 silly idealTree +-- cross-spawn@6.0.5
251 silly idealTree +-- crypto-browserify@3.12.0
251 silly idealTree +-- css-color-names@0.0.4
251 silly idealTree +-- css-declaration-sorter@4.0.1
251 silly idealTree | +-- picocolors@0.2.1
251 silly idealTree | `-- postcss@7.0.39
251 silly idealTree +-- css-loader@0.28.11
251 silly idealTree | +-- ansi-styles@2.2.1
251 silly idealTree | +-- chalk@1.1.3
251 silly idealTree | | `-- supports-color@2.0.0
251 silly idealTree | +-- has-flag@1.0.0
251 silly idealTree | +-- postcss@5.2.18
251 silly idealTree | +-- source-map@0.5.7
251 silly idealTree | `-- supports-color@3.2.3
251 silly idealTree +-- css-select-base-adapter@0.1.1
251 silly idealTree +-- css-select@4.3.0
251 silly idealTree +-- css-selector-tokenizer@0.7.3
251 silly idealTree +-- css-tree@1.0.0-alpha.37
251 silly idealTree +-- css-what@6.1.0
251 silly idealTree +-- cssesc@3.0.0
251 silly idealTree +-- cssnano-preset-default@4.0.8
251 silly idealTree | +-- browserslist@4.21.5
251 silly idealTree | +-- caniuse-api@3.0.0
251 silly idealTree | +-- coa@2.0.2
251 silly idealTree | +-- color-string@1.9.1
251 silly idealTree | +-- color@3.2.1
251 silly idealTree | +-- css-select@2.1.0
251 silly idealTree | +-- css-what@3.4.2
251 silly idealTree | +-- csso@4.2.0
251 silly idealTree | | `-- css-tree@1.1.3
251 silly idealTree | +-- dom-serializer@0.2.2
251 silly idealTree | | `-- domelementtype@2.3.0
251 silly idealTree | +-- domelementtype@1.3.1
251 silly idealTree | +-- domutils@1.7.0
251 silly idealTree | +-- esprima@4.0.1
251 silly idealTree | +-- js-yaml@3.14.1
251 silly idealTree | +-- mdn-data@2.0.14
251 silly idealTree | +-- normalize-url@3.3.0
251 silly idealTree | +-- nth-check@1.0.2
251 silly idealTree | +-- picocolors@0.2.1
251 silly idealTree | +-- postcss-calc@7.0.5
251 silly idealTree | +-- postcss-colormin@4.0.3
251 silly idealTree | | `-- postcss-value-parser@3.3.1
251 silly idealTree | +-- postcss-convert-values@4.0.1
251 silly idealTree | | `-- postcss-value-parser@3.3.1
251 silly idealTree | +-- postcss-discard-comments@4.0.2
251 silly idealTree | +-- postcss-discard-duplicates@4.0.2
251 silly idealTree | +-- postcss-discard-empty@4.0.1
251 silly idealTree | +-- postcss-discard-overridden@4.0.1
251 silly idealTree | +-- postcss-merge-longhand@4.0.11
251 silly idealTree | | `-- postcss-value-parser@3.3.1
251 silly idealTree | +-- postcss-merge-rules@4.0.3
251 silly idealTree | | `-- postcss-selector-parser@3.1.2
251 silly idealTree | +-- postcss-minify-font-values@4.0.2
251 silly idealTree | | `-- postcss-value-parser@3.3.1
251 silly idealTree | +-- postcss-minify-gradients@4.0.2
251 silly idealTree | | `-- postcss-value-parser@3.3.1
251 silly idealTree | +-- postcss-minify-params@4.0.2
251 silly idealTree | | `-- postcss-value-parser@3.3.1
251 silly idealTree | +-- postcss-minify-selectors@4.0.2
251 silly idealTree | | `-- postcss-selector-parser@3.1.2
251 silly idealTree | +-- postcss-normalize-charset@4.0.1
251 silly idealTree | +-- postcss-normalize-url@4.0.1
251 silly idealTree | | `-- postcss-value-parser@3.3.1
251 silly idealTree | +-- postcss-ordered-values@4.1.2
251 silly idealTree | | `-- postcss-value-parser@3.3.1
251 silly idealTree | +-- postcss-reduce-initial@4.0.3
251 silly idealTree | +-- postcss-reduce-transforms@4.0.2
251 silly idealTree | | `-- postcss-value-parser@3.3.1
251 silly idealTree | +-- postcss-selector-parser@6.0.11
251 silly idealTree | +-- postcss-svgo@4.0.3
251 silly idealTree | | `-- postcss-value-parser@3.3.1
251 silly idealTree | +-- postcss-unique-selectors@4.0.1
251 silly idealTree | +-- postcss-value-parser@4.2.0
251 silly idealTree | +-- postcss@7.0.39
251 silly idealTree | `-- svgo@1.3.2
251 silly idealTree +-- cssnano-util-get-arguments@4.0.0
251 silly idealTree +-- cssnano-util-get-match@4.0.0
251 silly idealTree +-- cssnano-util-raw-cache@4.0.1
251 silly idealTree | +-- picocolors@0.2.1
251 silly idealTree | `-- postcss@7.0.39
251 silly idealTree +-- cssnano-util-same-parent@4.0.1
251 silly idealTree +-- cssnano@3.10.0
251 silly idealTree | +-- ansi-styles@2.2.1
251 silly idealTree | +-- autoprefixer@6.7.7
251 silly idealTree | +-- browserslist@1.7.7
251 silly idealTree | +-- chalk@1.1.3
251 silly idealTree | | `-- supports-color@2.0.0
251 silly idealTree | +-- has-flag@1.0.0
251 silly idealTree | +-- postcss@5.2.18
251 silly idealTree | +-- source-map@0.5.7
251 silly idealTree | `-- supports-color@3.2.3
251 silly idealTree +-- csso@2.3.2
251 silly idealTree | `-- source-map@0.5.7
251 silly idealTree +-- csstype@3.1.2
251 silly idealTree +-- cuint@0.2.2
251 silly idealTree +-- currently-unhandled@0.4.1
251 silly idealTree +-- custom-event@1.0.1
251 silly idealTree +-- cyclist@1.0.1
251 silly idealTree +-- d@1.0.1
251 silly idealTree +-- dashdash@1.14.1
251 silly idealTree +-- dateformat@1.0.12
251 silly idealTree +-- de-indent@1.0.2
251 silly idealTree +-- debug@2.6.9
251 silly idealTree +-- decamelize@1.2.0
251 silly idealTree +-- decode-uri-component@0.2.2
251 silly idealTree +-- deep-eql@4.1.3
251 silly idealTree +-- deep-equal@1.1.1
251 silly idealTree +-- deep-is@0.1.4
251 silly idealTree +-- deepmerge@1.5.2
251 silly idealTree +-- define-properties@1.2.0
251 silly idealTree +-- define-property@2.0.2
251 silly idealTree | +-- is-accessor-descriptor@1.0.0
251 silly idealTree | +-- is-data-descriptor@1.0.0
251 silly idealTree | +-- is-descriptor@1.0.2
251 silly idealTree | +-- isobject@3.0.1
251 silly idealTree | `-- kind-of@6.0.3
251 silly idealTree +-- defined@1.0.1
251 silly idealTree +-- del@3.0.0
251 silly idealTree | `-- globby@6.1.0
251 silly idealTree |   `-- pify@2.3.0
251 silly idealTree +-- delayed-stream@1.0.0
251 silly idealTree +-- depd@2.0.0
251 silly idealTree +-- des.js@1.0.1
251 silly idealTree +-- destroy@1.2.0
251 silly idealTree +-- detect-indent@4.0.0
251 silly idealTree +-- detect-node@2.1.0
251 silly idealTree +-- di@0.0.1
251 silly idealTree +-- diff@3.2.0
251 silly idealTree +-- diffie-hellman@5.0.3
251 silly idealTree | `-- bn.js@4.12.0
251 silly idealTree +-- dir-glob@2.2.2
251 silly idealTree | `-- path-type@3.0.0
251 silly idealTree +-- dns-equal@1.0.0
251 silly idealTree +-- dns-packet@1.3.4
251 silly idealTree +-- dns-txt@2.0.2
251 silly idealTree +-- doctrine@2.1.0
251 silly idealTree +-- dom-converter@0.2.0
251 silly idealTree +-- dom-serialize@2.2.1
251 silly idealTree +-- dom-serializer@1.4.1
251 silly idealTree +-- domain-browser@1.2.0
251 silly idealTree +-- domelementtype@2.3.0
251 silly idealTree +-- domhandler@4.3.1
251 silly idealTree +-- domutils@2.8.0
251 silly idealTree +-- dot-prop@5.3.0
251 silly idealTree +-- duplexer@0.1.2
251 silly idealTree +-- duplexify@3.7.1
251 silly idealTree +-- ecc-jsbn@0.1.2
251 silly idealTree +-- ee-first@1.1.1
251 silly idealTree +-- ejs@2.7.4
251 silly idealTree +-- electron-to-chromium@1.4.371
251 silly idealTree +-- element-ui@2.15.13
251 silly idealTree +-- elliptic@6.5.4
251 silly idealTree | `-- bn.js@4.12.0
251 silly idealTree +-- emojis-list@3.0.0
251 silly idealTree +-- encodeurl@1.0.2
251 silly idealTree +-- end-of-stream@1.4.4
251 silly idealTree +-- engine.io-client@1.8.3
251 silly idealTree | +-- component-emitter@1.2.1
251 silly idealTree | +-- debug@2.3.3
251 silly idealTree | `-- ms@0.7.2
251 silly idealTree +-- engine.io-parser@1.3.2
251 silly idealTree +-- engine.io@1.8.3
251 silly idealTree | +-- debug@2.3.3
251 silly idealTree | `-- ms@0.7.2
251 silly idealTree +-- enhanced-resolve@3.4.1
251 silly idealTree +-- ent@2.2.0
251 silly idealTree +-- entities@2.2.0
251 silly idealTree +-- errno@0.1.8
251 silly idealTree +-- error-ex@1.3.2
251 silly idealTree +-- error-stack-parser@2.1.4
251 silly idealTree +-- es-abstract@1.21.2
251 silly idealTree +-- es-array-method-boxes-properly@1.0.0
251 silly idealTree +-- es-set-tostringtag@2.0.1
251 silly idealTree +-- es-shim-unscopables@1.0.0
251 silly idealTree +-- es-to-primitive@1.2.1
251 silly idealTree +-- es5-ext@0.10.62
251 silly idealTree +-- es6-iterator@2.0.3
251 silly idealTree +-- es6-map@0.1.5
251 silly idealTree +-- es6-promise@4.2.8
251 silly idealTree +-- es6-set@0.1.6
251 silly idealTree | `-- type@2.7.2
251 silly idealTree +-- es6-symbol@3.1.3
251 silly idealTree +-- es6-weak-map@2.0.3
251 silly idealTree +-- escalade@3.1.1
251 silly idealTree +-- escape-html@1.0.3
251 silly idealTree +-- escape-string-regexp@1.0.5
251 silly idealTree +-- escodegen@1.8.1
251 silly idealTree | +-- estraverse@1.9.3
251 silly idealTree | `-- source-map@0.2.0
251 silly idealTree +-- escope@3.6.0
251 silly idealTree +-- eslint-config-standard@10.2.1
251 silly idealTree +-- eslint-friendly-formatter@3.0.0
251 silly idealTree | +-- ansi-styles@2.2.1
251 silly idealTree | +-- chalk@1.1.3
251 silly idealTree | `-- supports-color@2.0.0
251 silly idealTree +-- eslint-import-resolver-node@0.3.7
251 silly idealTree | +-- debug@3.2.7
251 silly idealTree | `-- ms@2.1.3
251 silly idealTree +-- eslint-loader@1.9.0
251 silly idealTree +-- eslint-module-utils@2.8.0
251 silly idealTree | +-- debug@3.2.7
251 silly idealTree | `-- ms@2.1.3
251 silly idealTree +-- eslint-plugin-import@2.27.5
251 silly idealTree | +-- debug@3.2.7
251 silly idealTree | +-- is-extglob@2.1.1
251 silly idealTree | +-- is-glob@4.0.3
251 silly idealTree | +-- ms@2.1.3
251 silly idealTree | `-- semver@6.3.0
251 silly idealTree +-- eslint-plugin-node@5.2.1
251 silly idealTree | `-- semver@5.3.0
251 silly idealTree +-- eslint-plugin-promise@3.8.0
251 silly idealTree +-- eslint-plugin-standard@3.1.0
251 silly idealTree +-- eslint-plugin-vue@4.7.1
251 silly idealTree +-- eslint-scope@3.7.1
251 silly idealTree +-- eslint-visitor-keys@1.3.0
251 silly idealTree +-- eslint@4.19.1
251 silly idealTree | +-- ansi-regex@3.0.1
251 silly idealTree | +-- cross-spawn@5.1.0
251 silly idealTree | +-- debug@3.2.7
251 silly idealTree | +-- esprima@4.0.1
251 silly idealTree | +-- globals@11.12.0
251 silly idealTree | +-- js-yaml@3.14.1
251 silly idealTree | +-- ms@2.1.3
251 silly idealTree | `-- strip-ansi@4.0.0
251 silly idealTree +-- espree@3.5.4
251 silly idealTree +-- esprima@2.7.3
251 silly idealTree +-- esquery@1.5.0
251 silly idealTree | `-- estraverse@5.3.0
251 silly idealTree +-- esrecurse@4.3.0
251 silly idealTree | `-- estraverse@5.3.0
251 silly idealTree +-- estraverse@4.3.0
251 silly idealTree +-- esutils@2.0.3
251 silly idealTree +-- etag@1.8.1
251 silly idealTree +-- event-emitter@0.3.5
251 silly idealTree +-- eventemitter3@4.0.7
251 silly idealTree +-- events@3.3.0
251 silly idealTree +-- eventsource@0.1.6
251 silly idealTree +-- evp_bytestokey@1.0.3
251 silly idealTree +-- execa@0.7.0
251 silly idealTree | `-- cross-spawn@5.1.0
251 silly idealTree +-- expand-braces@0.1.2
251 silly idealTree | +-- braces@0.1.5
251 silly idealTree | +-- expand-range@0.1.1
251 silly idealTree | +-- is-number@0.1.1
251 silly idealTree | `-- repeat-string@0.2.2
251 silly idealTree +-- expand-brackets@0.1.5
251 silly idealTree +-- expand-range@1.8.2
251 silly idealTree +-- express@4.18.2
251 silly idealTree | +-- accepts@1.3.8
251 silly idealTree | +-- body-parser@1.20.1
251 silly idealTree | +-- cookie@0.5.0
251 silly idealTree | +-- finalhandler@1.2.0
251 silly idealTree | +-- negotiator@0.6.3
251 silly idealTree | +-- path-to-regexp@0.1.7
251 silly idealTree | +-- raw-body@2.5.1
251 silly idealTree | `-- safe-buffer@5.2.1
251 silly idealTree +-- ext@1.7.0
251 silly idealTree | `-- type@2.7.2
251 silly idealTree +-- extend-shallow@3.0.2
251 silly idealTree | `-- is-extendable@1.0.1
251 silly idealTree +-- extend@3.0.2
251 silly idealTree +-- external-editor@2.2.0
251 silly idealTree +-- extglob@0.3.2
251 silly idealTree +-- extract-text-webpack-plugin@3.0.2
251 silly idealTree +-- extract-zip@1.7.0
251 silly idealTree +-- extsprintf@1.3.0
251 silly idealTree +-- fast-deep-equal@1.1.0
251 silly idealTree +-- fast-json-stable-stringify@2.1.0
251 silly idealTree +-- fast-levenshtein@2.0.6
251 silly idealTree +-- fastparse@1.1.2
251 silly idealTree +-- faye-websocket@0.10.0
251 silly idealTree +-- fd-slicer@1.1.0
251 silly idealTree +-- figures@2.0.0
251 silly idealTree +-- file-entry-cache@2.0.0
251 silly idealTree +-- file-loader@1.1.11
251 silly idealTree | +-- ajv-keywords@3.5.2
251 silly idealTree | +-- ajv@6.12.6
251 silly idealTree | +-- fast-deep-equal@3.1.3
251 silly idealTree | +-- json-schema-traverse@0.4.1
251 silly idealTree | `-- schema-utils@0.4.7
251 silly idealTree +-- file-uri-to-path@1.0.0
251 silly idealTree +-- filename-regex@2.0.1
251 silly idealTree +-- filesize@3.6.1
251 silly idealTree +-- fill-range@2.2.4
251 silly idealTree +-- finalhandler@1.1.2
251 silly idealTree | +-- on-finished@2.3.0
251 silly idealTree | `-- statuses@1.5.0
251 silly idealTree +-- find-cache-dir@1.0.0
251 silly idealTree +-- find-up@2.1.0
251 silly idealTree +-- flat-cache@1.3.4
251 silly idealTree | `-- rimraf@2.6.3
251 silly idealTree +-- flatten@1.0.3
251 silly idealTree +-- flush-write-stream@1.1.1
251 silly idealTree +-- follow-redirects@1.15.2
251 silly idealTree +-- for-each@0.3.3
251 silly idealTree +-- for-in@1.0.2
251 silly idealTree +-- for-own@0.1.5
251 silly idealTree +-- forever-agent@0.6.1
251 silly idealTree +-- form-data@2.3.3
251 silly idealTree +-- forwarded@0.2.0
251 silly idealTree +-- fragment-cache@0.2.1
251 silly idealTree +-- fresh@0.5.2
251 silly idealTree +-- friendly-errors-webpack-plugin@1.7.0
251 silly idealTree | +-- ansi-styles@2.2.1
251 silly idealTree | +-- chalk@1.1.3
251 silly idealTree | `-- supports-color@2.0.0
251 silly idealTree +-- from2@2.3.0
251 silly idealTree +-- fs-extra@1.0.0
251 silly idealTree +-- fs-write-stream-atomic@1.0.10
251 silly idealTree +-- fs.realpath@1.0.0
251 silly idealTree +-- fsevents@1.2.13
251 silly idealTree +-- function-bind@1.1.1
251 silly idealTree +-- function.prototype.name@1.1.5
251 silly idealTree +-- functional-red-black-tree@1.0.1
251 silly idealTree +-- functions-have-names@1.2.3
251 silly idealTree +-- get-caller-file@1.0.3
251 silly idealTree +-- get-func-name@2.0.0
251 silly idealTree +-- get-intrinsic@1.2.0
251 silly idealTree +-- get-stdin@4.0.1
251 silly idealTree +-- get-stream@3.0.0
251 silly idealTree +-- get-symbol-description@1.0.0
251 silly idealTree +-- get-value@2.0.6
251 silly idealTree +-- getpass@0.1.7
251 silly idealTree +-- glob-base@0.3.0
251 silly idealTree +-- glob-parent@2.0.0
251 silly idealTree +-- glob@7.2.3
251 silly idealTree +-- globals@9.18.0
251 silly idealTree +-- globalthis@1.0.3
251 silly idealTree +-- globby@7.1.1
251 silly idealTree +-- gopd@1.0.1
251 silly idealTree +-- graceful-fs@4.2.11
251 silly idealTree +-- graceful-readlink@1.0.1
251 silly idealTree +-- growl@1.9.2
251 silly idealTree +-- growly@1.3.0
251 silly idealTree +-- gzip-size@4.1.0
251 silly idealTree +-- handle-thing@2.0.1
251 silly idealTree +-- handlebars@4.7.7
251 silly idealTree | `-- wordwrap@1.0.0
251 silly idealTree +-- har-schema@2.0.0
251 silly idealTree +-- har-validator@5.1.5
251 silly idealTree | +-- ajv@6.12.6
251 silly idealTree | +-- fast-deep-equal@3.1.3
251 silly idealTree | `-- json-schema-traverse@0.4.1
251 silly idealTree +-- has-ansi@2.0.0
251 silly idealTree +-- has-bigints@1.0.2
251 silly idealTree +-- has-binary@0.1.7
251 silly idealTree | `-- isarray@0.0.1
251 silly idealTree +-- has-cors@1.1.0
251 silly idealTree +-- has-flag@3.0.0
251 silly idealTree +-- has-property-descriptors@1.0.0
251 silly idealTree +-- has-proto@1.0.1
251 silly idealTree +-- has-symbols@1.0.3
251 silly idealTree +-- has-tostringtag@1.0.0
251 silly idealTree +-- has-value@1.0.0
251 silly idealTree | `-- isobject@3.0.1
251 silly idealTree +-- has-values@1.0.0
251 silly idealTree | +-- is-number@3.0.0
251 silly idealTree | | `-- kind-of@3.2.2
251 silly idealTree | `-- kind-of@4.0.0
251 silly idealTree +-- has@1.0.3
251 silly idealTree +-- hash-base@3.1.0
251 silly idealTree | +-- readable-stream@3.6.2
251 silly idealTree | `-- safe-buffer@5.2.1
251 silly idealTree +-- hash-sum@1.0.2
251 silly idealTree +-- hash.js@1.1.7
251 silly idealTree +-- hasha@2.2.0
251 silly idealTree +-- he@1.2.0
251 silly idealTree +-- hex-color-regex@1.1.0
251 silly idealTree +-- hmac-drbg@1.0.1
251 silly idealTree +-- home-or-tmp@2.0.0
251 silly idealTree +-- hosted-git-info@2.8.9
251 silly idealTree +-- hpack.js@2.1.6
251 silly idealTree +-- hsl-regex@1.0.0
251 silly idealTree +-- hsla-regex@1.0.0
251 silly idealTree +-- html-comment-regex@1.1.2
251 silly idealTree +-- html-entities@1.4.0
251 silly idealTree +-- html-minifier@3.5.21
251 silly idealTree +-- html-webpack-plugin@2.30.1
251 silly idealTree | +-- big.js@3.2.0
251 silly idealTree | +-- emojis-list@2.1.0
251 silly idealTree | `-- loader-utils@0.2.17
251 silly idealTree +-- htmlparser2@6.1.0
251 silly idealTree +-- http-deceiver@1.2.7
251 silly idealTree +-- http-errors@2.0.0
251 silly idealTree +-- http-parser-js@0.5.8
251 silly idealTree +-- http-proxy-middleware@0.19.2
251 silly idealTree | +-- arr-diff@4.0.0
251 silly idealTree | +-- array-unique@0.3.2
251 silly idealTree | +-- braces@2.3.2
251 silly idealTree | | `-- extend-shallow@2.0.1
251 silly idealTree | +-- expand-brackets@2.1.4
251 silly idealTree | | +-- define-property@0.2.5
251 silly idealTree | | +-- extend-shallow@2.0.1
251 silly idealTree | | +-- is-accessor-descriptor@0.1.6
251 silly idealTree | | | `-- kind-of@3.2.2
251 silly idealTree | | +-- is-data-descriptor@0.1.4
251 silly idealTree | | | `-- kind-of@3.2.2
251 silly idealTree | | +-- is-descriptor@0.1.6
251 silly idealTree | | `-- kind-of@5.1.0
251 silly idealTree | +-- extglob@2.0.4
251 silly idealTree | | +-- define-property@1.0.0
251 silly idealTree | | `-- extend-shallow@2.0.1
251 silly idealTree | +-- fill-range@4.0.0
251 silly idealTree | | `-- extend-shallow@2.0.1
251 silly idealTree | +-- is-accessor-descriptor@1.0.0
251 silly idealTree | +-- is-data-descriptor@1.0.0
251 silly idealTree | +-- is-descriptor@1.0.2
251 silly idealTree | +-- is-extglob@2.1.1
251 silly idealTree | +-- is-glob@4.0.3
251 silly idealTree | +-- is-number@3.0.0
251 silly idealTree | | `-- kind-of@3.2.2
251 silly idealTree | +-- isobject@3.0.1
251 silly idealTree | +-- kind-of@6.0.3
251 silly idealTree | `-- micromatch@3.1.10
251 silly idealTree +-- http-proxy@1.18.1
251 silly idealTree +-- http-signature@1.2.0
251 silly idealTree +-- https-browserify@1.0.0
251 silly idealTree +-- iconv-lite@0.4.24
251 silly idealTree +-- icss-replace-symbols@1.1.0
251 silly idealTree +-- icss-utils@2.1.0
251 silly idealTree | `-- postcss@6.0.23
251 silly idealTree +-- ieee754@1.2.1
251 silly idealTree +-- iferr@0.1.5
251 silly idealTree +-- ignore@3.3.10
251 silly idealTree +-- import-cwd@2.1.0
251 silly idealTree +-- import-fresh@2.0.0
251 silly idealTree | +-- caller-path@2.0.0
251 silly idealTree | `-- resolve-from@3.0.0
251 silly idealTree +-- import-from@2.1.0
251 silly idealTree | `-- resolve-from@3.0.0
251 silly idealTree +-- import-local@1.0.0
251 silly idealTree +-- imurmurhash@0.1.4
251 silly idealTree +-- indent-string@2.1.0
251 silly idealTree +-- indexes-of@1.0.1
251 silly idealTree +-- indexof@0.0.1
251 silly idealTree +-- inflight@1.0.6
251 silly idealTree +-- inherits@2.0.4
251 silly idealTree +-- inject-loader@3.0.1
251 silly idealTree +-- inquirer@3.3.0
251 silly idealTree | +-- ansi-regex@3.0.1
251 silly idealTree | `-- strip-ansi@4.0.0
251 silly idealTree +-- internal-ip@1.2.0
251 silly idealTree +-- internal-slot@1.0.5
251 silly idealTree +-- interpret@1.4.0
251 silly idealTree +-- invariant@2.2.4
251 silly idealTree +-- invert-kv@1.0.0
251 silly idealTree +-- ip@1.1.8
251 silly idealTree +-- ipaddr.js@1.9.1
251 silly idealTree +-- is-absolute-url@2.1.0
251 silly idealTree +-- is-accessor-descriptor@0.1.6
251 silly idealTree +-- is-arguments@1.1.1
251 silly idealTree +-- is-array-buffer@3.0.2
251 silly idealTree +-- is-arrayish@0.2.1
251 silly idealTree +-- is-bigint@1.0.4
251 silly idealTree +-- is-binary-path@1.0.1
251 silly idealTree +-- is-boolean-object@1.1.2
251 silly idealTree +-- is-buffer@1.1.6
251 silly idealTree +-- is-callable@1.2.7
251 silly idealTree +-- is-color-stop@1.1.0
251 silly idealTree +-- is-core-module@2.12.0
251 silly idealTree +-- is-data-descriptor@0.1.4
251 silly idealTree +-- is-date-object@1.0.5
251 silly idealTree +-- is-descriptor@0.1.6
251 silly idealTree | `-- kind-of@5.1.0
251 silly idealTree +-- is-directory@0.3.1
251 silly idealTree +-- is-dotfile@1.0.3
251 silly idealTree +-- is-equal-shallow@0.1.3
251 silly idealTree +-- is-extendable@0.1.1
251 silly idealTree +-- is-extglob@1.0.0
251 silly idealTree +-- is-finite@1.1.0
251 silly idealTree +-- is-fullwidth-code-point@2.0.0
251 silly idealTree +-- is-glob@2.0.1
251 silly idealTree +-- is-negative-zero@2.0.2
251 silly idealTree +-- is-number-object@1.0.7
251 silly idealTree +-- is-number@2.1.0
251 silly idealTree +-- is-obj@2.0.0
251 silly idealTree +-- is-path-cwd@1.0.0
251 silly idealTree +-- is-path-in-cwd@1.0.1
251 silly idealTree +-- is-path-inside@1.0.1
251 silly idealTree +-- is-plain-obj@1.1.0
251 silly idealTree +-- is-plain-object@2.0.4
251 silly idealTree | `-- isobject@3.0.1
251 silly idealTree +-- is-posix-bracket@0.1.1
251 silly idealTree +-- is-primitive@2.0.0
251 silly idealTree +-- is-regex@1.1.4
251 silly idealTree +-- is-resolvable@1.1.0
251 silly idealTree +-- is-shared-array-buffer@1.0.2
251 silly idealTree +-- is-stream@1.1.0
251 silly idealTree +-- is-string@1.0.7
251 silly idealTree +-- is-svg@2.1.0
251 silly idealTree +-- is-symbol@1.0.4
251 silly idealTree +-- is-typed-array@1.1.10
251 silly idealTree +-- is-typedarray@1.0.0
251 silly idealTree +-- is-utf8@0.2.1
251 silly idealTree +-- is-weakref@1.0.2
251 silly idealTree +-- is-windows@1.0.2
251 silly idealTree +-- is-wsl@1.1.0
251 silly idealTree +-- isarray@1.0.0
251 silly idealTree +-- isbinaryfile@3.0.3
251 silly idealTree +-- isexe@2.0.0
251 silly idealTree +-- isobject@2.1.0
251 silly idealTree +-- isstream@0.1.2
251 silly idealTree +-- istanbul-lib-coverage@1.2.1
251 silly idealTree +-- istanbul-lib-instrument@1.10.2
251 silly idealTree +-- istanbul@0.4.5
251 silly idealTree | +-- async@1.5.2
251 silly idealTree | +-- glob@5.0.15
251 silly idealTree | +-- has-flag@1.0.0
251 silly idealTree | +-- resolve@1.1.7
251 silly idealTree | +-- supports-color@3.2.3
251 silly idealTree | `-- wordwrap@1.0.0
251 silly idealTree +-- js-base64@2.6.4
251 silly idealTree +-- js-tokens@3.0.2
251 silly idealTree +-- js-yaml@3.7.0
251 silly idealTree +-- jsbn@0.1.1
251 silly idealTree +-- jsesc@1.3.0
251 silly idealTree +-- json-loader@0.5.7
251 silly idealTree +-- json-parse-better-errors@1.0.2
251 silly idealTree +-- json-schema-traverse@0.3.1
251 silly idealTree +-- json-schema@0.4.0
251 silly idealTree +-- json-stable-stringify-without-jsonify@1.0.1
251 silly idealTree +-- json-stringify-safe@5.0.1
251 silly idealTree +-- json3@3.3.2
251 silly idealTree +-- json5@0.5.1
251 silly idealTree +-- jsonfile@2.4.0
251 silly idealTree +-- jsprim@1.4.2
251 silly idealTree +-- just-extend@4.2.1
251 silly idealTree +-- karma-coverage@1.1.2
251 silly idealTree | `-- source-map@0.5.7
251 silly idealTree +-- karma-mocha@1.3.0
251 silly idealTree | `-- minimist@1.2.0
251 silly idealTree +-- karma-phantomjs-launcher@1.0.4
251 silly idealTree +-- karma-phantomjs-shim@1.5.0
251 silly idealTree +-- karma-sinon-chai@1.3.4
251 silly idealTree +-- karma-sourcemap-loader@0.3.8
251 silly idealTree +-- karma-spec-reporter@0.0.31
251 silly idealTree +-- karma-webpack@2.0.13
251 silly idealTree | `-- source-map@0.5.7
251 silly idealTree +-- karma@1.7.1
251 silly idealTree | +-- lodash@3.10.1
251 silly idealTree | +-- source-map@0.5.7
251 silly idealTree | `-- tmp@0.0.31
251 silly idealTree +-- kew@0.7.0
251 silly idealTree +-- killable@1.0.1
251 silly idealTree +-- kind-of@3.2.2
251 silly idealTree +-- klaw@1.3.1
251 silly idealTree +-- last-call-webpack-plugin@2.1.2
251 silly idealTree +-- lazy-cache@1.0.4
251 silly idealTree +-- lcid@1.0.0
251 silly idealTree +-- levn@0.3.0
251 silly idealTree +-- load-json-file@1.1.0
251 silly idealTree | `-- pify@2.3.0
251 silly idealTree +-- loader-fs-cache@1.0.3
251 silly idealTree | +-- find-cache-dir@0.1.1
251 silly idealTree | +-- find-up@1.1.2
251 silly idealTree | +-- path-exists@2.1.0
251 silly idealTree | `-- pkg-dir@1.0.0
251 silly idealTree +-- loader-runner@2.4.0
251 silly idealTree +-- loader-utils@1.4.2
251 silly idealTree | `-- json5@1.0.2
251 silly idealTree +-- locate-path@2.0.0
251 silly idealTree +-- lodash._baseassign@3.2.0
251 silly idealTree +-- lodash._basecopy@3.0.1
251 silly idealTree +-- lodash._basecreate@3.0.3
251 silly idealTree +-- lodash._getnative@3.9.1
251 silly idealTree +-- lodash._isiterateecall@3.0.9
251 silly idealTree +-- lodash.camelcase@4.3.0
251 silly idealTree +-- lodash.create@3.1.1
251 silly idealTree +-- lodash.get@4.4.2
251 silly idealTree +-- lodash.isarguments@3.1.0
251 silly idealTree +-- lodash.isarray@3.0.4
251 silly idealTree +-- lodash.keys@3.1.2
251 silly idealTree +-- lodash.memoize@4.1.2
251 silly idealTree +-- lodash.uniq@4.5.0
251 silly idealTree +-- lodash@4.17.21
251 silly idealTree +-- log-symbols@2.2.0
251 silly idealTree +-- log4js@0.6.38
251 silly idealTree | +-- isarray@0.0.1
251 silly idealTree | +-- readable-stream@1.0.34
251 silly idealTree | +-- semver@4.3.6
251 silly idealTree | `-- string_decoder@0.10.31
251 silly idealTree +-- loglevel@1.8.1
251 silly idealTree +-- lolex@1.6.0
251 silly idealTree +-- longest@1.0.1
251 silly idealTree +-- loose-envify@1.4.0
251 silly idealTree +-- loud-rejection@1.6.0
251 silly idealTree +-- loupe@2.3.6
251 silly idealTree +-- lower-case@1.1.4
251 silly idealTree +-- lru-cache@4.1.5
251 silly idealTree +-- make-dir@1.3.0
251 silly idealTree +-- map-cache@0.2.2
251 silly idealTree +-- map-obj@1.0.1
251 silly idealTree +-- map-visit@1.0.0
251 silly idealTree +-- math-expression-evaluator@1.4.0
251 silly idealTree +-- math-random@1.0.4
251 silly idealTree +-- md5.js@1.3.5
251 silly idealTree +-- mdn-data@2.0.4
251 silly idealTree +-- media-typer@0.3.0
251 silly idealTree +-- mem@1.1.0
251 silly idealTree +-- memory-fs@0.4.1
251 silly idealTree +-- meow@3.7.0
251 silly idealTree +-- merge-descriptors@1.0.1
251 silly idealTree +-- methods@1.1.2
251 silly idealTree +-- micromatch@2.3.11
251 silly idealTree +-- miller-rabin@4.0.1
251 silly idealTree | `-- bn.js@4.12.0
251 silly idealTree +-- mime-db@1.52.0
251 silly idealTree +-- mime-types@2.1.35
251 silly idealTree +-- mime@1.6.0
251 silly idealTree +-- mimic-fn@1.2.0
251 silly idealTree +-- minimalistic-assert@1.0.1
251 silly idealTree +-- minimalistic-crypto-utils@1.0.1
251 silly idealTree +-- minimatch@3.1.2
251 silly idealTree +-- minimist@1.2.8
251 silly idealTree +-- mississippi@2.0.0
251 silly idealTree +-- mixin-deep@1.3.2
251 silly idealTree | `-- is-extendable@1.0.1
251 silly idealTree +-- mkdirp@0.5.6
251 silly idealTree +-- mocha@3.5.3
251 silly idealTree | +-- commander@2.9.0
251 silly idealTree | +-- debug@2.6.8
251 silly idealTree | +-- glob@7.1.1
251 silly idealTree | +-- has-flag@1.0.0
251 silly idealTree | +-- he@1.1.1
251 silly idealTree | +-- minimist@0.0.8
251 silly idealTree | +-- mkdirp@0.5.1
251 silly idealTree | `-- supports-color@3.1.2
251 silly idealTree +-- move-concurrently@1.0.1
251 silly idealTree +-- ms@2.0.0
251 silly idealTree +-- multicast-dns-service-types@1.1.0
251 silly idealTree +-- multicast-dns@6.2.3
251 silly idealTree +-- mute-stream@0.0.7
251 silly idealTree +-- nan@2.17.0
251 silly idealTree +-- nanoid@3.3.6
251 silly idealTree +-- nanomatch@1.2.13
251 silly idealTree | +-- arr-diff@4.0.0
251 silly idealTree | +-- array-unique@0.3.2
251 silly idealTree | `-- kind-of@6.0.3
251 silly idealTree +-- natural-compare@1.4.0
251 silly idealTree +-- negotiator@0.6.1
251 silly idealTree +-- neo-async@2.6.2
251 silly idealTree +-- next-tick@1.1.0
251 silly idealTree +-- nice-try@1.0.5
251 silly idealTree +-- nise@1.5.3
251 silly idealTree | +-- @sinonjs/formatio@3.2.2
251 silly idealTree | `-- lolex@5.1.2
251 silly idealTree +-- no-case@2.3.2
251 silly idealTree +-- node-forge@0.10.0
251 silly idealTree +-- node-libs-browser@2.2.1
251 silly idealTree | `-- punycode@1.4.1
251 silly idealTree +-- node-notifier@5.4.5
251 silly idealTree +-- node-releases@2.0.10
251 silly idealTree +-- nopt@3.0.6
251 silly idealTree +-- normalize-package-data@2.5.0
251 silly idealTree +-- normalize-path@2.1.1
251 silly idealTree +-- normalize-range@0.1.2
251 silly idealTree +-- normalize-url@1.9.1
251 silly idealTree +-- normalize-wheel@1.0.1
251 silly idealTree +-- npm-run-path@2.0.2
251 silly idealTree +-- nth-check@2.1.1
251 silly idealTree +-- num2fraction@1.2.2
251 silly idealTree +-- number-is-nan@1.0.1
251 silly idealTree +-- oauth-sign@0.9.0
251 silly idealTree +-- object-assign@4.1.1
251 silly idealTree +-- object-component@0.0.3
251 silly idealTree +-- object-copy@0.1.0
251 silly idealTree | `-- define-property@0.2.5
251 silly idealTree +-- object-hash@1.3.1
251 silly idealTree +-- object-inspect@1.12.3
251 silly idealTree +-- object-is@1.1.5
251 silly idealTree +-- object-keys@1.1.1
251 silly idealTree +-- object-visit@1.0.1
251 silly idealTree | `-- isobject@3.0.1
251 silly idealTree +-- object.assign@4.1.4
251 silly idealTree +-- object.getownpropertydescriptors@2.1.6
251 silly idealTree +-- object.omit@2.0.1
251 silly idealTree +-- object.pick@1.3.0
251 silly idealTree | `-- isobject@3.0.1
251 silly idealTree +-- object.values@1.1.6
251 silly idealTree +-- obuf@1.1.2
251 silly idealTree +-- on-finished@2.4.1
251 silly idealTree +-- on-headers@1.0.2
251 silly idealTree +-- once@1.4.0
251 silly idealTree +-- onetime@2.0.1
251 silly idealTree +-- opener@1.5.2
251 silly idealTree +-- opn@5.5.0
251 silly idealTree +-- optimist@0.6.1
251 silly idealTree | `-- minimist@0.0.10
251 silly idealTree +-- optimize-css-assets-webpack-plugin@3.2.1
251 silly idealTree | +-- cssnano@4.1.11
251 silly idealTree | +-- picocolors@0.2.1
251 silly idealTree | `-- postcss@7.0.39
251 silly idealTree +-- optionator@0.8.3
251 silly idealTree +-- options@0.0.6
251 silly idealTree +-- ora@1.4.0
251 silly idealTree +-- original@1.0.2
251 silly idealTree +-- os-browserify@0.3.0
251 silly idealTree +-- os-homedir@1.0.2
251 silly idealTree +-- os-locale@2.1.0
251 silly idealTree +-- os-tmpdir@1.0.2
251 silly idealTree +-- p-finally@1.0.0
251 silly idealTree +-- p-limit@1.3.0
251 silly idealTree +-- p-locate@2.0.0
251 silly idealTree +-- p-map@1.2.0
251 silly idealTree +-- p-try@1.0.0
251 silly idealTree +-- pako@1.0.11
251 silly idealTree +-- parallel-transform@1.2.0
251 silly idealTree +-- param-case@2.1.1
251 silly idealTree +-- parse-asn1@5.1.6
251 silly idealTree +-- parse-glob@3.0.4
251 silly idealTree +-- parse-json@2.2.0
251 silly idealTree +-- parsejson@0.0.3
251 silly idealTree +-- parseqs@0.0.5
251 silly idealTree +-- parseuri@0.0.5
251 silly idealTree +-- parseurl@1.3.3
251 silly idealTree +-- pascalcase@0.1.1
251 silly idealTree +-- path-browserify@0.0.1
251 silly idealTree +-- path-dirname@1.0.2
251 silly idealTree +-- path-exists@3.0.0
251 silly idealTree +-- path-is-absolute@1.0.1
251 silly idealTree +-- path-is-inside@1.0.2
251 silly idealTree +-- path-key@2.0.1
251 silly idealTree +-- path-parse@1.0.7
251 silly idealTree +-- path-to-regexp@1.8.0
251 silly idealTree | `-- isarray@0.0.1
251 silly idealTree +-- path-type@1.1.0
251 silly idealTree | `-- pify@2.3.0
251 silly idealTree +-- pathval@1.1.1
251 silly idealTree +-- pbkdf2@3.1.2
251 silly idealTree +-- pend@1.2.0
251 silly idealTree +-- performance-now@2.1.0
251 silly idealTree +-- phantomjs-prebuilt@2.1.16
251 silly idealTree | `-- progress@1.1.8
251 silly idealTree +-- picocolors@1.0.0
251 silly idealTree +-- picomatch@2.3.1
251 silly idealTree +-- pify@3.0.0
251 silly idealTree +-- pinkie-promise@2.0.1
251 silly idealTree +-- pinkie@2.0.4
251 silly idealTree +-- pkg-dir@2.0.0
251 silly idealTree +-- pluralize@7.0.0
251 silly idealTree +-- portfinder@1.0.32
251 silly idealTree | +-- debug@3.2.7
251 silly idealTree | `-- ms@2.1.3
251 silly idealTree +-- posix-character-classes@0.1.1
251 silly idealTree +-- postcss-calc@5.3.1
251 silly idealTree | +-- ansi-styles@2.2.1
251 silly idealTree | +-- chalk@1.1.3
251 silly idealTree | | `-- supports-color@2.0.0
251 silly idealTree | +-- has-flag@1.0.0
251 silly idealTree | +-- postcss@5.2.18
251 silly idealTree | +-- source-map@0.5.7
251 silly idealTree | `-- supports-color@3.2.3
251 silly idealTree +-- postcss-colormin@2.2.2
251 silly idealTree | +-- ansi-styles@2.2.1
251 silly idealTree | +-- chalk@1.1.3
251 silly idealTree | | `-- supports-color@2.0.0
251 silly idealTree | +-- has-flag@1.0.0
251 silly idealTree | +-- postcss@5.2.18
251 silly idealTree | +-- source-map@0.5.7
251 silly idealTree | `-- supports-color@3.2.3
251 silly idealTree +-- postcss-convert-values@2.6.1
251 silly idealTree | +-- ansi-styles@2.2.1
251 silly idealTree | +-- chalk@1.1.3
251 silly idealTree | | `-- supports-color@2.0.0
251 silly idealTree | +-- has-flag@1.0.0
251 silly idealTree | +-- postcss@5.2.18
251 silly idealTree | +-- source-map@0.5.7
251 silly idealTree | `-- supports-color@3.2.3
251 silly idealTree +-- postcss-discard-comments@2.0.4
251 silly idealTree | +-- ansi-styles@2.2.1
251 silly idealTree | +-- chalk@1.1.3
251 silly idealTree | | `-- supports-color@2.0.0
251 silly idealTree | +-- has-flag@1.0.0
251 silly idealTree | +-- postcss@5.2.18
251 silly idealTree | +-- source-map@0.5.7
251 silly idealTree | `-- supports-color@3.2.3
251 silly idealTree +-- postcss-discard-duplicates@2.1.0
251 silly idealTree | +-- ansi-styles@2.2.1
251 silly idealTree | +-- chalk@1.1.3
251 silly idealTree | | `-- supports-color@2.0.0
251 silly idealTree | +-- has-flag@1.0.0
251 silly idealTree | +-- postcss@5.2.18
251 silly idealTree | +-- source-map@0.5.7
251 silly idealTree | `-- supports-color@3.2.3
251 silly idealTree +-- postcss-discard-empty@2.1.0
251 silly idealTree | +-- ansi-styles@2.2.1
251 silly idealTree | +-- chalk@1.1.3
251 silly idealTree | | `-- supports-color@2.0.0
251 silly idealTree | +-- has-flag@1.0.0
251 silly idealTree | +-- postcss@5.2.18
251 silly idealTree | +-- source-map@0.5.7
251 silly idealTree | `-- supports-color@3.2.3
251 silly idealTree +-- postcss-discard-overridden@0.1.1
251 silly idealTree | +-- ansi-styles@2.2.1
251 silly idealTree | +-- chalk@1.1.3
251 silly idealTree | | `-- supports-color@2.0.0
251 silly idealTree | +-- has-flag@1.0.0
251 silly idealTree | +-- postcss@5.2.18
251 silly idealTree | +-- source-map@0.5.7
251 silly idealTree | `-- supports-color@3.2.3
251 silly idealTree +-- postcss-discard-unused@2.2.3
251 silly idealTree | +-- ansi-styles@2.2.1
251 silly idealTree | +-- chalk@1.1.3
251 silly idealTree | | `-- supports-color@2.0.0
251 silly idealTree | +-- has-flag@1.0.0
251 silly idealTree | +-- postcss@5.2.18
251 silly idealTree | +-- source-map@0.5.7
251 silly idealTree | `-- supports-color@3.2.3
251 silly idealTree +-- postcss-filter-plugins@2.0.3
251 silly idealTree | +-- ansi-styles@2.2.1
251 silly idealTree | +-- chalk@1.1.3
251 silly idealTree | | `-- supports-color@2.0.0
251 silly idealTree | +-- has-flag@1.0.0
251 silly idealTree | +-- postcss@5.2.18
251 silly idealTree | +-- source-map@0.5.7
251 silly idealTree | `-- supports-color@3.2.3
251 silly idealTree +-- postcss-import@11.1.0
251 silly idealTree | `-- postcss@6.0.23
251 silly idealTree +-- postcss-load-config@2.1.2
251 silly idealTree +-- postcss-load-options@1.2.0
251 silly idealTree | `-- cosmiconfig@2.2.2
251 silly idealTree +-- postcss-load-plugins@2.3.0
251 silly idealTree | `-- cosmiconfig@2.2.2
251 silly idealTree +-- postcss-loader@2.1.6
251 silly idealTree | +-- ajv-keywords@3.5.2
251 silly idealTree | +-- ajv@6.12.6
251 silly idealTree | +-- fast-deep-equal@3.1.3
251 silly idealTree | +-- json-schema-traverse@0.4.1
251 silly idealTree | +-- postcss@6.0.23
251 silly idealTree | `-- schema-utils@0.4.7
251 silly idealTree +-- postcss-merge-idents@2.1.7
251 silly idealTree | +-- ansi-styles@2.2.1
251 silly idealTree | +-- chalk@1.1.3
251 silly idealTree | | `-- supports-color@2.0.0
251 silly idealTree | +-- has-flag@1.0.0
251 silly idealTree | +-- postcss@5.2.18
251 silly idealTree | +-- source-map@0.5.7
251 silly idealTree | `-- supports-color@3.2.3
251 silly idealTree +-- postcss-merge-longhand@2.0.2
251 silly idealTree | +-- ansi-styles@2.2.1
251 silly idealTree | +-- chalk@1.1.3
251 silly idealTree | | `-- supports-color@2.0.0
251 silly idealTree | +-- has-flag@1.0.0
251 silly idealTree | +-- postcss@5.2.18
251 silly idealTree | +-- source-map@0.5.7
251 silly idealTree | `-- supports-color@3.2.3
251 silly idealTree +-- postcss-merge-rules@2.1.2
251 silly idealTree | +-- ansi-styles@2.2.1
251 silly idealTree | +-- browserslist@1.7.7
251 silly idealTree | +-- chalk@1.1.3
251 silly idealTree | | `-- supports-color@2.0.0
251 silly idealTree | +-- has-flag@1.0.0
251 silly idealTree | +-- postcss@5.2.18
251 silly idealTree | +-- source-map@0.5.7
251 silly idealTree | `-- supports-color@3.2.3
251 silly idealTree +-- postcss-message-helpers@2.0.0
251 silly idealTree +-- postcss-minify-font-values@1.0.5
251 silly idealTree | +-- ansi-styles@2.2.1
251 silly idealTree | +-- chalk@1.1.3
251 silly idealTree | | `-- supports-color@2.0.0
251 silly idealTree | +-- has-flag@1.0.0
251 silly idealTree | +-- postcss@5.2.18
251 silly idealTree | +-- source-map@0.5.7
251 silly idealTree | `-- supports-color@3.2.3
251 silly idealTree +-- postcss-minify-gradients@1.0.5
251 silly idealTree | +-- ansi-styles@2.2.1
251 silly idealTree | +-- chalk@1.1.3
251 silly idealTree | | `-- supports-color@2.0.0
251 silly idealTree | +-- has-flag@1.0.0
251 silly idealTree | +-- postcss@5.2.18
251 silly idealTree | +-- source-map@0.5.7
251 silly idealTree | `-- supports-color@3.2.3
251 silly idealTree +-- postcss-minify-params@1.2.2
251 silly idealTree | +-- ansi-styles@2.2.1
251 silly idealTree | +-- chalk@1.1.3
251 silly idealTree | | `-- supports-color@2.0.0
251 silly idealTree | +-- has-flag@1.0.0
251 silly idealTree | +-- postcss@5.2.18
251 silly idealTree | +-- source-map@0.5.7
251 silly idealTree | `-- supports-color@3.2.3
251 silly idealTree +-- postcss-minify-selectors@2.1.1
251 silly idealTree | +-- ansi-styles@2.2.1
251 silly idealTree | +-- chalk@1.1.3
251 silly idealTree | | `-- supports-color@2.0.0
251 silly idealTree | +-- has-flag@1.0.0
251 silly idealTree | +-- postcss@5.2.18
251 silly idealTree | +-- source-map@0.5.7
251 silly idealTree | `-- supports-color@3.2.3
251 silly idealTree +-- postcss-modules-extract-imports@1.2.1
251 silly idealTree | `-- postcss@6.0.23
251 silly idealTree +-- postcss-modules-local-by-default@1.2.0
251 silly idealTree | `-- postcss@6.0.23
251 silly idealTree +-- postcss-modules-scope@1.1.0
251 silly idealTree | `-- postcss@6.0.23
251 silly idealTree +-- postcss-modules-values@1.3.0
251 silly idealTree | `-- postcss@6.0.23
251 silly idealTree +-- postcss-normalize-charset@1.1.1
251 silly idealTree | +-- ansi-styles@2.2.1
251 silly idealTree | +-- chalk@1.1.3
251 silly idealTree | | `-- supports-color@2.0.0
251 silly idealTree | +-- has-flag@1.0.0
251 silly idealTree | +-- postcss@5.2.18
251 silly idealTree | +-- source-map@0.5.7
251 silly idealTree | `-- supports-color@3.2.3
251 silly idealTree +-- postcss-normalize-display-values@4.0.2
251 silly idealTree | +-- picocolors@0.2.1
251 silly idealTree | `-- postcss@7.0.39
251 silly idealTree +-- postcss-normalize-positions@4.0.2
251 silly idealTree | +-- picocolors@0.2.1
251 silly idealTree | `-- postcss@7.0.39
251 silly idealTree +-- postcss-normalize-repeat-style@4.0.2
251 silly idealTree | +-- picocolors@0.2.1
251 silly idealTree | `-- postcss@7.0.39
251 silly idealTree +-- postcss-normalize-string@4.0.2
251 silly idealTree | +-- picocolors@0.2.1
251 silly idealTree | `-- postcss@7.0.39
251 silly idealTree +-- postcss-normalize-timing-functions@4.0.2
251 silly idealTree | +-- picocolors@0.2.1
251 silly idealTree | `-- postcss@7.0.39
251 silly idealTree +-- postcss-normalize-unicode@4.0.1
251 silly idealTree | +-- browserslist@4.21.5
251 silly idealTree | +-- picocolors@0.2.1
251 silly idealTree | `-- postcss@7.0.39
251 silly idealTree +-- postcss-normalize-url@3.0.8
251 silly idealTree | +-- ansi-styles@2.2.1
251 silly idealTree | +-- chalk@1.1.3
251 silly idealTree | | `-- supports-color@2.0.0
251 silly idealTree | +-- has-flag@1.0.0
251 silly idealTree | +-- postcss@5.2.18
251 silly idealTree | +-- source-map@0.5.7
251 silly idealTree | `-- supports-color@3.2.3
251 silly idealTree +-- postcss-normalize-whitespace@4.0.2
251 silly idealTree | +-- picocolors@0.2.1
251 silly idealTree | `-- postcss@7.0.39
251 silly idealTree +-- postcss-ordered-values@2.2.3
251 silly idealTree | +-- ansi-styles@2.2.1
251 silly idealTree | +-- chalk@1.1.3
251 silly idealTree | | `-- supports-color@2.0.0
251 silly idealTree | +-- has-flag@1.0.0
251 silly idealTree | +-- postcss@5.2.18
251 silly idealTree | +-- source-map@0.5.7
251 silly idealTree | `-- supports-color@3.2.3
251 silly idealTree +-- postcss-reduce-idents@2.4.0
251 silly idealTree | +-- ansi-styles@2.2.1
251 silly idealTree | +-- chalk@1.1.3
251 silly idealTree | | `-- supports-color@2.0.0
251 silly idealTree | +-- has-flag@1.0.0
251 silly idealTree | +-- postcss@5.2.18
251 silly idealTree | +-- source-map@0.5.7
251 silly idealTree | `-- supports-color@3.2.3
251 silly idealTree +-- postcss-reduce-initial@1.0.1
251 silly idealTree | +-- ansi-styles@2.2.1
251 silly idealTree | +-- chalk@1.1.3
251 silly idealTree | | `-- supports-color@2.0.0
251 silly idealTree | +-- has-flag@1.0.0
251 silly idealTree | +-- postcss@5.2.18
251 silly idealTree | +-- source-map@0.5.7
251 silly idealTree | `-- supports-color@3.2.3
251 silly idealTree +-- postcss-reduce-transforms@1.0.4
251 silly idealTree | +-- ansi-styles@2.2.1
251 silly idealTree | +-- chalk@1.1.3
251 silly idealTree | | `-- supports-color@2.0.0
251 silly idealTree | +-- has-flag@1.0.0
251 silly idealTree | +-- postcss@5.2.18
251 silly idealTree | +-- source-map@0.5.7
251 silly idealTree | `-- supports-color@3.2.3
251 silly idealTree +-- postcss-selector-parser@2.2.3
251 silly idealTree +-- postcss-svgo@2.1.6
251 silly idealTree | +-- ansi-styles@2.2.1
251 silly idealTree | +-- chalk@1.1.3
251 silly idealTree | | `-- supports-color@2.0.0
251 silly idealTree | +-- has-flag@1.0.0
251 silly idealTree | +-- postcss@5.2.18
251 silly idealTree | +-- source-map@0.5.7
251 silly idealTree | `-- supports-color@3.2.3
251 silly idealTree +-- postcss-unique-selectors@2.0.2
251 silly idealTree | +-- ansi-styles@2.2.1
251 silly idealTree | +-- chalk@1.1.3
251 silly idealTree | | `-- supports-color@2.0.0
251 silly idealTree | +-- has-flag@1.0.0
251 silly idealTree | +-- postcss@5.2.18
251 silly idealTree | +-- source-map@0.5.7
251 silly idealTree | `-- supports-color@3.2.3
251 silly idealTree +-- postcss-url@7.3.2
251 silly idealTree | `-- postcss@6.0.23
251 silly idealTree +-- postcss-value-parser@3.3.1
251 silly idealTree +-- postcss-zindex@2.2.0
251 silly idealTree | +-- ansi-styles@2.2.1
251 silly idealTree | +-- chalk@1.1.3
251 silly idealTree | | `-- supports-color@2.0.0
251 silly idealTree | +-- has-flag@1.0.0
251 silly idealTree | +-- postcss@5.2.18
251 silly idealTree | +-- source-map@0.5.7
251 silly idealTree | `-- supports-color@3.2.3
251 silly idealTree +-- postcss@8.4.23
251 silly idealTree +-- prelude-ls@1.1.2
251 silly idealTree +-- prepend-http@1.0.4
251 silly idealTree +-- preserve@0.2.0
251 silly idealTree +-- prettier@1.19.1
251 silly idealTree +-- pretty-error@2.1.2
251 silly idealTree +-- private@0.1.8
251 silly idealTree +-- process-nextick-args@2.0.1
251 silly idealTree +-- process@0.11.10
251 silly idealTree +-- progress@2.0.3
251 silly idealTree +-- promise-inflight@1.0.1
251 silly idealTree +-- proxy-addr@2.0.7
251 silly idealTree +-- prr@1.0.1
251 silly idealTree +-- pseudomap@1.0.2
251 silly idealTree +-- psl@1.9.0
251 silly idealTree +-- public-encrypt@4.0.3
251 silly idealTree | `-- bn.js@4.12.0
251 silly idealTree +-- pump@2.0.1
251 silly idealTree +-- pumpify@1.5.1
251 silly idealTree +-- punycode@2.3.0
251 silly idealTree +-- q@1.5.1
251 silly idealTree +-- qjobs@1.2.0
251 silly idealTree +-- qs@6.11.0
251 silly idealTree +-- query-string@4.3.4
251 silly idealTree +-- querystring-es3@0.2.1
251 silly idealTree +-- querystring@0.2.0
251 silly idealTree +-- querystringify@2.2.0
251 silly idealTree +-- randomatic@3.1.1
251 silly idealTree | +-- is-number@4.0.0
251 silly idealTree | `-- kind-of@6.0.3
251 silly idealTree +-- randombytes@2.1.0
251 silly idealTree +-- randomfill@1.0.4
251 silly idealTree +-- range-parser@1.2.1
251 silly idealTree +-- raw-body@2.5.2
251 silly idealTree +-- read-cache@1.0.0
251 silly idealTree | `-- pify@2.3.0
251 silly idealTree +-- read-pkg-up@1.0.1
251 silly idealTree | +-- find-up@1.1.2
251 silly idealTree | `-- path-exists@2.1.0
251 silly idealTree +-- read-pkg@1.1.0
251 silly idealTree +-- readable-stream@2.3.8
251 silly idealTree +-- readdirp@2.2.1
251 silly idealTree | +-- arr-diff@4.0.0
251 silly idealTree | +-- array-unique@0.3.2
251 silly idealTree | +-- braces@2.3.2
251 silly idealTree | | `-- extend-shallow@2.0.1
251 silly idealTree | +-- expand-brackets@2.1.4
251 silly idealTree | | +-- define-property@0.2.5
251 silly idealTree | | +-- extend-shallow@2.0.1
251 silly idealTree | | +-- is-accessor-descriptor@0.1.6
251 silly idealTree | | | `-- kind-of@3.2.2
251 silly idealTree | | +-- is-data-descriptor@0.1.4
251 silly idealTree | | | `-- kind-of@3.2.2
251 silly idealTree | | +-- is-descriptor@0.1.6
251 silly idealTree | | `-- kind-of@5.1.0
251 silly idealTree | +-- extglob@2.0.4
251 silly idealTree | | +-- define-property@1.0.0
251 silly idealTree | | `-- extend-shallow@2.0.1
251 silly idealTree | +-- fill-range@4.0.0
251 silly idealTree | | `-- extend-shallow@2.0.1
251 silly idealTree | +-- is-accessor-descriptor@1.0.0
251 silly idealTree | +-- is-data-descriptor@1.0.0
251 silly idealTree | +-- is-descriptor@1.0.2
251 silly idealTree | +-- is-number@3.0.0
251 silly idealTree | | `-- kind-of@3.2.2
251 silly idealTree | +-- isobject@3.0.1
251 silly idealTree | +-- kind-of@6.0.3
251 silly idealTree | `-- micromatch@3.1.10
251 silly idealTree +-- rechoir@0.6.2
251 silly idealTree +-- redent@1.0.0
251 silly idealTree +-- reduce-css-calc@1.3.0
251 silly idealTree | `-- balanced-match@0.4.2
251 silly idealTree +-- reduce-function-call@1.0.3
251 silly idealTree +-- regenerate@1.4.2
251 silly idealTree +-- regenerator-runtime@0.11.1
251 silly idealTree +-- regenerator-transform@0.10.1
251 silly idealTree +-- regex-cache@0.4.4
251 silly idealTree +-- regex-not@1.0.2
251 silly idealTree +-- regexp.prototype.flags@1.5.0
251 silly idealTree +-- regexpp@1.1.0
251 silly idealTree +-- regexpu-core@2.0.0
251 silly idealTree +-- regjsgen@0.2.0
251 silly idealTree +-- regjsparser@0.1.5
251 silly idealTree | `-- jsesc@0.5.0
251 silly idealTree +-- relateurl@0.2.7
251 silly idealTree +-- remove-trailing-separator@1.1.0
251 silly idealTree +-- renderkid@2.0.7
251 silly idealTree +-- repeat-element@1.1.4
251 silly idealTree +-- repeat-string@1.6.1
251 silly idealTree +-- repeating@2.0.1
251 silly idealTree +-- request-progress@2.0.1
251 silly idealTree +-- request@2.88.2
251 silly idealTree | `-- qs@6.5.3
251 silly idealTree +-- require-directory@2.1.1
251 silly idealTree +-- require-from-string@1.2.1
251 silly idealTree +-- require-main-filename@1.0.1
251 silly idealTree +-- require-uncached@1.0.3
251 silly idealTree +-- requires-port@1.0.0
251 silly idealTree +-- resize-observer-polyfill@1.5.1
251 silly idealTree +-- resolve-cwd@2.0.0
251 silly idealTree | `-- resolve-from@3.0.0
251 silly idealTree +-- resolve-from@1.0.1
251 silly idealTree +-- resolve-url@0.2.1
251 silly idealTree +-- resolve@1.22.2
251 silly idealTree +-- restore-cursor@2.0.0
251 silly idealTree +-- ret@0.1.15
251 silly idealTree +-- rgb-regex@1.0.1
251 silly idealTree +-- rgba-regex@1.0.0
251 silly idealTree +-- right-align@0.1.3
251 silly idealTree +-- rimraf@2.7.1
251 silly idealTree +-- ripemd160@2.0.2
251 silly idealTree +-- run-async@2.4.1
251 silly idealTree +-- run-queue@1.0.3
251 silly idealTree +-- rx-lite-aggregates@4.0.8
251 silly idealTree +-- rx-lite@4.0.8
251 silly idealTree +-- safe-array-concat@1.0.0
251 silly idealTree | `-- isarray@2.0.5
251 silly idealTree +-- safe-buffer@5.1.2
251 silly idealTree +-- safe-regex-test@1.0.0
251 silly idealTree +-- safe-regex@1.1.0
251 silly idealTree +-- safer-buffer@2.1.2
251 silly idealTree +-- samsam@1.3.0
251 silly idealTree +-- sax@1.2.4
251 silly idealTree +-- schema-utils@0.3.0
251 silly idealTree +-- select-hose@2.0.0
251 silly idealTree +-- selfsigned@1.10.14
251 silly idealTree +-- semver@5.7.1
251 silly idealTree +-- send@0.18.0
251 silly idealTree | `-- ms@2.1.3
251 silly idealTree +-- serialize-javascript@1.9.1
251 silly idealTree +-- serve-index@1.9.1
251 silly idealTree | +-- accepts@1.3.8
251 silly idealTree | +-- depd@1.1.2
251 silly idealTree | +-- http-errors@1.6.3
251 silly idealTree | +-- inherits@2.0.3
251 silly idealTree | +-- negotiator@0.6.3
251 silly idealTree | +-- setprototypeof@1.1.0
251 silly idealTree | `-- statuses@1.5.0
251 silly idealTree +-- serve-static@1.15.0
251 silly idealTree +-- set-blocking@2.0.0
251 silly idealTree +-- set-value@2.0.1
251 silly idealTree | `-- extend-shallow@2.0.1
251 silly idealTree +-- setimmediate@1.0.5
251 silly idealTree +-- setprototypeof@1.2.0
251 silly idealTree +-- sha.js@2.4.11
251 silly idealTree +-- shebang-command@1.2.0
251 silly idealTree +-- shebang-regex@1.0.0
251 silly idealTree +-- shelljs@0.8.5
251 silly idealTree +-- shellwords@0.1.1
251 silly idealTree +-- side-channel@1.0.4
251 silly idealTree +-- signal-exit@3.0.7
251 silly idealTree +-- simple-swizzle@0.2.2
251 silly idealTree | `-- is-arrayish@0.3.2
251 silly idealTree +-- sinon-chai@2.14.0
251 silly idealTree +-- sinon@4.5.0
251 silly idealTree | `-- lolex@2.7.5
251 silly idealTree +-- slash@1.0.0
251 silly idealTree +-- slice-ansi@1.0.0
251 silly idealTree +-- snapdragon-node@2.1.1
251 silly idealTree | +-- define-property@1.0.0
251 silly idealTree | +-- is-accessor-descriptor@1.0.0
251 silly idealTree | +-- is-data-descriptor@1.0.0
251 silly idealTree | +-- is-descriptor@1.0.2
251 silly idealTree | +-- isobject@3.0.1
251 silly idealTree | `-- kind-of@6.0.3
251 silly idealTree +-- snapdragon-util@3.0.1
251 silly idealTree +-- snapdragon@0.8.2
251 silly idealTree | +-- define-property@0.2.5
251 silly idealTree | +-- extend-shallow@2.0.1
251 silly idealTree | `-- source-map@0.5.7
251 silly idealTree +-- socket.io-adapter@0.5.0
251 silly idealTree | +-- debug@2.3.3
251 silly idealTree | `-- ms@0.7.2
251 silly idealTree +-- socket.io-client@1.7.3
251 silly idealTree | +-- component-emitter@1.2.1
251 silly idealTree | +-- debug@2.3.3
251 silly idealTree | `-- ms@0.7.2
251 silly idealTree +-- socket.io-parser@2.3.1
251 silly idealTree | +-- component-emitter@1.1.2
251 silly idealTree | +-- debug@2.2.0
251 silly idealTree | +-- isarray@0.0.1
251 silly idealTree | `-- ms@0.7.1
251 silly idealTree +-- socket.io@1.7.3
251 silly idealTree | +-- debug@2.3.3
251 silly idealTree | +-- ms@0.7.2
251 silly idealTree | `-- object-assign@4.1.0
251 silly idealTree +-- sockjs-client@1.1.5
251 silly idealTree | `-- faye-websocket@0.11.4
251 silly idealTree +-- sockjs@0.3.19
251 silly idealTree +-- sort-keys@1.1.2
251 silly idealTree +-- source-list-map@2.0.1
251 silly idealTree +-- source-map-js@1.0.2
251 silly idealTree +-- source-map-resolve@0.5.3
251 silly idealTree +-- source-map-support@0.4.18
251 silly idealTree | `-- source-map@0.5.7
251 silly idealTree +-- source-map-url@0.4.1
251 silly idealTree +-- source-map@0.6.1
251 silly idealTree +-- spdx-correct@3.2.0
251 silly idealTree +-- spdx-exceptions@2.3.0
251 silly idealTree +-- spdx-expression-parse@3.0.1
251 silly idealTree +-- spdx-license-ids@3.0.13
251 silly idealTree +-- spdy-transport@3.0.0
251 silly idealTree | +-- debug@4.3.4
251 silly idealTree | +-- ms@2.1.2
251 silly idealTree | `-- readable-stream@3.6.2
251 silly idealTree +-- spdy@4.0.2
251 silly idealTree | +-- debug@4.3.4
251 silly idealTree | `-- ms@2.1.2
251 silly idealTree +-- split-string@3.1.0
251 silly idealTree +-- sprintf-js@1.0.3
251 silly idealTree +-- sshpk@1.17.0
251 silly idealTree +-- ssri@5.3.0
251 silly idealTree +-- stable@0.1.8
251 silly idealTree +-- stackframe@1.3.4
251 silly idealTree +-- static-extend@0.1.2
251 silly idealTree | `-- define-property@0.2.5
251 silly idealTree +-- statuses@2.0.1
251 silly idealTree +-- stream-browserify@2.0.2
251 silly idealTree +-- stream-each@1.2.3
251 silly idealTree +-- stream-http@2.8.3
251 silly idealTree +-- stream-shift@1.0.1
251 silly idealTree +-- strict-uri-encode@1.1.0
251 silly idealTree +-- string_decoder@1.1.1
251 silly idealTree +-- string-width@2.1.1
251 silly idealTree | +-- ansi-regex@3.0.1
251 silly idealTree | `-- strip-ansi@4.0.0
251 silly idealTree +-- string.prototype.trim@1.2.7
251 silly idealTree +-- string.prototype.trimend@1.0.6
251 silly idealTree +-- string.prototype.trimstart@1.0.6
251 silly idealTree +-- strip-ansi@3.0.1
251 silly idealTree +-- strip-bom@2.0.0
251 silly idealTree +-- strip-eof@1.0.0
251 silly idealTree +-- strip-indent@1.0.1
251 silly idealTree +-- strip-json-comments@2.0.1
251 silly idealTree +-- stylehacks@4.0.3
251 silly idealTree | +-- browserslist@4.21.5
251 silly idealTree | +-- picocolors@0.2.1
251 silly idealTree | +-- postcss-selector-parser@3.1.2
251 silly idealTree | `-- postcss@7.0.39
251 silly idealTree +-- supports-color@5.5.0
251 silly idealTree +-- supports-preserve-symlinks-flag@1.0.0
251 silly idealTree +-- svgo@0.7.2
251 silly idealTree +-- table@4.0.2
251 silly idealTree +-- tapable@0.2.9
251 silly idealTree +-- test-exclude@4.2.3
251 silly idealTree +-- text-table@0.2.0
251 silly idealTree +-- throttle-debounce@1.1.0
251 silly idealTree +-- throttleit@1.0.0
251 silly idealTree +-- through@2.3.8
251 silly idealTree +-- through2@2.0.5
251 silly idealTree +-- thunky@1.1.0
251 silly idealTree +-- time-stamp@2.2.0
251 silly idealTree +-- timers-browserify@2.0.12
251 silly idealTree +-- timsort@0.3.0
251 silly idealTree +-- tmp@0.0.33
251 silly idealTree +-- to-array@0.1.4
251 silly idealTree +-- to-arraybuffer@1.0.1
251 silly idealTree +-- to-fast-properties@1.0.3
251 silly idealTree +-- to-object-path@0.3.0
251 silly idealTree +-- to-regex-range@2.1.1
251 silly idealTree | `-- is-number@3.0.0
251 silly idealTree +-- to-regex@3.0.2
251 silly idealTree +-- toidentifier@1.0.1
251 silly idealTree +-- toposort@1.0.7
251 silly idealTree +-- tough-cookie@2.5.0
251 silly idealTree +-- trim-newlines@1.0.0
251 silly idealTree +-- trim-right@1.0.1
251 silly idealTree +-- tryer@1.0.1
251 silly idealTree +-- tsconfig-paths@3.14.2
251 silly idealTree | +-- json5@1.0.2
251 silly idealTree | `-- strip-bom@3.0.0
251 silly idealTree +-- tty-browserify@0.0.0
251 silly idealTree +-- tunnel-agent@0.6.0
251 silly idealTree +-- tweetnacl@0.14.5
251 silly idealTree +-- type-check@0.3.2
251 silly idealTree +-- type-detect@4.0.8
251 silly idealTree +-- type-is@1.6.18
251 silly idealTree +-- type@1.2.0
251 silly idealTree +-- typed-array-length@1.0.4
251 silly idealTree +-- typedarray@0.0.6
251 silly idealTree +-- uglify-js@3.4.10
251 silly idealTree | `-- commander@2.19.0
251 silly idealTree +-- uglify-to-browserify@1.0.2
251 silly idealTree +-- uglifyjs-webpack-plugin@1.3.0
251 silly idealTree | +-- ajv-keywords@3.5.2
251 silly idealTree | +-- ajv@6.12.6
251 silly idealTree | +-- commander@2.13.0
251 silly idealTree | +-- fast-deep-equal@3.1.3
251 silly idealTree | +-- json-schema-traverse@0.4.1
251 silly idealTree | +-- schema-utils@0.4.7
251 silly idealTree | `-- uglify-es@3.3.9
251 silly idealTree +-- ultron@1.0.2
251 silly idealTree +-- unbox-primitive@1.0.2
251 silly idealTree +-- union-value@1.0.1
251 silly idealTree +-- uniq@1.0.1
251 silly idealTree +-- uniqs@2.0.0
251 silly idealTree +-- unique-filename@1.1.1
251 silly idealTree +-- unique-slug@2.0.2
251 silly idealTree +-- unpipe@1.0.0
251 silly idealTree +-- unquote@1.1.1
251 silly idealTree +-- unset-value@1.0.0
251 silly idealTree | +-- has-value@0.3.1
251 silly idealTree | | `-- isobject@2.1.0
251 silly idealTree | +-- has-values@0.1.4
251 silly idealTree | `-- isobject@3.0.1
251 silly idealTree +-- upath@1.2.0
251 silly idealTree +-- update-browserslist-db@1.0.11
251 silly idealTree +-- upper-case@1.1.3
251 silly idealTree +-- uri-js@4.4.1
251 silly idealTree +-- urix@0.1.0
251 silly idealTree +-- url-loader@0.5.9
251 silly idealTree | `-- mime@1.3.6
251 silly idealTree +-- url-parse@1.5.10
251 silly idealTree +-- url@0.11.0
251 silly idealTree | `-- punycode@1.3.2
251 silly idealTree +-- use@3.1.1
251 silly idealTree +-- useragent@2.3.0
251 silly idealTree +-- util-deprecate@1.0.2
251 silly idealTree +-- util.promisify@1.0.1
251 silly idealTree +-- util@0.11.1
251 silly idealTree | `-- inherits@2.0.3
251 silly idealTree +-- utila@0.4.0
251 silly idealTree +-- utils-merge@1.0.1
251 silly idealTree +-- uuid@3.4.0
251 silly idealTree +-- validate-npm-package-license@3.0.4
251 silly idealTree +-- vary@1.1.2
251 silly idealTree +-- vendors@1.0.4
251 silly idealTree +-- verror@1.10.0
251 silly idealTree | `-- core-util-is@1.0.2
251 silly idealTree +-- vm-browserify@1.1.2
251 silly idealTree +-- void-elements@2.0.1
251 silly idealTree +-- vue-eslint-parser@2.0.3
251 silly idealTree | +-- debug@3.2.7
251 silly idealTree | `-- ms@2.1.3
251 silly idealTree +-- vue-hot-reload-api@2.3.4
251 silly idealTree +-- vue-loader@13.7.3
251 silly idealTree | +-- cosmiconfig@2.2.2
251 silly idealTree | +-- postcss-load-config@1.2.0
251 silly idealTree | `-- postcss@6.0.23
251 silly idealTree +-- vue-router@3.6.5
251 silly idealTree +-- vue-style-loader@3.1.2
251 silly idealTree +-- vue-template-compiler@2.7.14
251 silly idealTree +-- vue-template-es2015-compiler@1.9.1
251 silly idealTree +-- vue@2.7.14
251 silly idealTree +-- watchpack-chokidar2@2.0.1
251 silly idealTree | +-- anymatch@2.0.0
251 silly idealTree | | `-- normalize-path@2.1.1
251 silly idealTree | +-- arr-diff@4.0.0
251 silly idealTree | +-- array-unique@0.3.2
251 silly idealTree | +-- braces@2.3.2
251 silly idealTree | | `-- extend-shallow@2.0.1
251 silly idealTree | +-- chokidar@2.1.8
251 silly idealTree | +-- expand-brackets@2.1.4
251 silly idealTree | | +-- define-property@0.2.5
251 silly idealTree | | +-- extend-shallow@2.0.1
251 silly idealTree | | +-- is-accessor-descriptor@0.1.6
251 silly idealTree | | | `-- kind-of@3.2.2
251 silly idealTree | | +-- is-data-descriptor@0.1.4
251 silly idealTree | | | `-- kind-of@3.2.2
251 silly idealTree | | +-- is-descriptor@0.1.6
251 silly idealTree | | `-- kind-of@5.1.0
251 silly idealTree | +-- extglob@2.0.4
251 silly idealTree | | +-- define-property@1.0.0
251 silly idealTree | | `-- extend-shallow@2.0.1
251 silly idealTree | +-- fill-range@4.0.0
251 silly idealTree | | `-- extend-shallow@2.0.1
251 silly idealTree | +-- glob-parent@3.1.0
251 silly idealTree | | `-- is-glob@3.1.0
251 silly idealTree | +-- is-accessor-descriptor@1.0.0
251 silly idealTree | +-- is-data-descriptor@1.0.0
251 silly idealTree | +-- is-descriptor@1.0.2
251 silly idealTree | +-- is-extglob@2.1.1
251 silly idealTree | +-- is-glob@4.0.3
251 silly idealTree | +-- is-number@3.0.0
251 silly idealTree | | `-- kind-of@3.2.2
251 silly idealTree | +-- isobject@3.0.1
251 silly idealTree | +-- kind-of@6.0.3
251 silly idealTree | +-- micromatch@3.1.10
251 silly idealTree | `-- normalize-path@3.0.0
251 silly idealTree +-- watchpack@1.7.5
251 silly idealTree | +-- anymatch@3.1.3
251 silly idealTree | +-- binary-extensions@2.2.0
251 silly idealTree | +-- braces@3.0.2
251 silly idealTree | +-- chokidar@3.5.3
251 silly idealTree | +-- fill-range@7.0.1
251 silly idealTree | +-- fsevents@2.3.2
251 silly idealTree | +-- glob-parent@5.1.2
251 silly idealTree | +-- is-binary-path@2.1.0
251 silly idealTree | +-- is-extglob@2.1.1
251 silly idealTree | +-- is-glob@4.0.3
251 silly idealTree | +-- is-number@7.0.0
251 silly idealTree | +-- normalize-path@3.0.0
251 silly idealTree | +-- readdirp@3.6.0
251 silly idealTree | `-- to-regex-range@5.0.1
251 silly idealTree +-- wbuf@1.7.3
251 silly idealTree +-- webpack-bundle-analyzer@2.13.1
251 silly idealTree | `-- ws@4.1.0
251 silly idealTree +-- webpack-dev-middleware@1.12.2
251 silly idealTree +-- webpack-dev-server@2.11.5
251 silly idealTree | +-- anymatch@2.0.0
251 silly idealTree | | `-- normalize-path@2.1.1
251 silly idealTree | +-- arr-diff@4.0.0
251 silly idealTree | +-- array-unique@0.3.2
251 silly idealTree | +-- braces@2.3.2
251 silly idealTree | | `-- extend-shallow@2.0.1
251 silly idealTree | +-- camelcase@3.0.0
251 silly idealTree | +-- chokidar@2.1.8
251 silly idealTree | +-- cliui@3.2.0
251 silly idealTree | +-- debug@3.2.7
251 silly idealTree | | `-- ms@2.1.3
251 silly idealTree | +-- expand-brackets@2.1.4
251 silly idealTree | | +-- debug@2.6.9
251 silly idealTree | | +-- define-property@0.2.5
251 silly idealTree | | +-- extend-shallow@2.0.1
251 silly idealTree | | +-- is-accessor-descriptor@0.1.6
251 silly idealTree | | | `-- kind-of@3.2.2
251 silly idealTree | | +-- is-data-descriptor@0.1.4
251 silly idealTree | | | `-- kind-of@3.2.2
251 silly idealTree | | +-- is-descriptor@0.1.6
251 silly idealTree | | `-- kind-of@5.1.0
251 silly idealTree | +-- extglob@2.0.4
251 silly idealTree | | +-- define-property@1.0.0
251 silly idealTree | | `-- extend-shallow@2.0.1
251 silly idealTree | +-- fill-range@4.0.0
251 silly idealTree | | `-- extend-shallow@2.0.1
251 silly idealTree | +-- glob-parent@3.1.0
251 silly idealTree | | `-- is-glob@3.1.0
251 silly idealTree | +-- is-accessor-descriptor@1.0.0
251 silly idealTree | +-- is-data-descriptor@1.0.0
251 silly idealTree | +-- is-descriptor@1.0.2
251 silly idealTree | +-- is-extglob@2.1.1
251 silly idealTree | +-- is-fullwidth-code-point@1.0.0
251 silly idealTree | +-- is-glob@4.0.3
251 silly idealTree | +-- is-number@3.0.0
251 silly idealTree | | `-- kind-of@3.2.2
251 silly idealTree | +-- isobject@3.0.1
251 silly idealTree | +-- kind-of@6.0.3
251 silly idealTree | +-- micromatch@3.1.10
251 silly idealTree | +-- normalize-path@3.0.0
251 silly idealTree | +-- os-locale@1.4.0
251 silly idealTree | +-- string-width@1.0.2
251 silly idealTree | +-- which-module@1.0.0
251 silly idealTree | +-- y18n@3.2.2
251 silly idealTree | +-- yargs-parser@4.2.1
251 silly idealTree | `-- yargs@6.6.0
251 silly idealTree +-- webpack-merge@4.2.2
251 silly idealTree +-- webpack-sources@1.4.3
251 silly idealTree +-- webpack@3.12.0
251 silly idealTree | +-- ajv-keywords@3.5.2
251 silly idealTree | +-- ajv@6.12.6
251 silly idealTree | +-- camelcase@1.2.1
251 silly idealTree | +-- fast-deep-equal@3.1.3
251 silly idealTree | +-- has-flag@2.0.0
251 silly idealTree | +-- json-schema-traverse@0.4.1
251 silly idealTree | +-- source-map@0.5.7
251 silly idealTree | +-- supports-color@4.5.0
251 silly idealTree | +-- uglify-js@2.8.29
251 silly idealTree | | `-- yargs@3.10.0
251 silly idealTree | `-- uglifyjs-webpack-plugin@0.4.6
251 silly idealTree +-- websocket-driver@0.7.4
251 silly idealTree +-- websocket-extensions@0.1.4
251 silly idealTree +-- whet.extend@0.9.9
251 silly idealTree +-- which-boxed-primitive@1.0.2
251 silly idealTree +-- which-module@2.0.1
251 silly idealTree +-- which-typed-array@1.1.9
251 silly idealTree +-- which@1.3.1
251 silly idealTree +-- window-size@0.1.0
251 silly idealTree +-- word-wrap@1.2.3
251 silly idealTree +-- wordwrap@0.0.3
251 silly idealTree +-- worker-farm@1.7.0
251 silly idealTree +-- wrap-ansi@2.1.0
251 silly idealTree | +-- is-fullwidth-code-point@1.0.0
251 silly idealTree | `-- string-width@1.0.2
251 silly idealTree +-- wrappy@1.0.2
251 silly idealTree +-- write@0.2.1
251 silly idealTree +-- ws@1.1.2
251 silly idealTree +-- wtf-8@1.0.0
251 silly idealTree +-- xmlhttprequest-ssl@1.5.3
251 silly idealTree +-- xtend@4.0.2
251 silly idealTree +-- xxhashjs@0.2.2
251 silly idealTree +-- y18n@4.0.3
251 silly idealTree +-- yallist@2.1.2
251 silly idealTree +-- yargs-parser@7.0.0
251 silly idealTree | `-- camelcase@4.1.0
251 silly idealTree +-- yargs@8.0.2
251 silly idealTree | +-- camelcase@4.1.0
251 silly idealTree | +-- cliui@3.2.0
251 silly idealTree | | `-- string-width@1.0.2
251 silly idealTree | +-- is-fullwidth-code-point@1.0.0
251 silly idealTree | +-- load-json-file@2.0.0
251 silly idealTree | +-- path-type@2.0.0
251 silly idealTree | +-- pify@2.3.0
251 silly idealTree | +-- read-pkg-up@2.0.0
251 silly idealTree | +-- read-pkg@2.0.0
251 silly idealTree | +-- strip-bom@3.0.0
251 silly idealTree | `-- y18n@3.2.2
251 silly idealTree +-- yauzl@2.10.0
251 silly idealTree `-- yeast@0.1.2
252 silly install generateActionsToTake
253 timing stage:generateActionsToTake Completed in 144ms
254 silly diffTrees action count 56
255 silly diffTrees add asn1@0.2.6
256 silly diffTrees add assert-plus@1.0.0
257 silly diffTrees add asynckit@0.4.0
258 silly diffTrees add aws-sign2@0.7.0
259 silly diffTrees add aws4@1.12.0
260 silly diffTrees add buffer-crc32@0.2.13
261 silly diffTrees add caseless@0.12.0
262 silly diffTrees add dashdash@1.14.1
263 silly diffTrees add delayed-stream@1.0.0
264 silly diffTrees add combined-stream@1.0.8
265 silly diffTrees add es6-promise@4.2.8
266 silly diffTrees add extsprintf@1.3.0
267 silly diffTrees add forever-agent@0.6.1
268 silly diffTrees add form-data@2.3.3
269 silly diffTrees add fsevents@1.2.13
270 silly diffTrees add getpass@0.1.7
271 silly diffTrees add har-schema@2.0.0
272 silly diffTrees add fast-deep-equal@3.1.3
273 silly diffTrees add json-schema-traverse@0.4.1
274 silly diffTrees add ajv@6.12.6
275 silly diffTrees add har-validator@5.1.5
276 silly diffTrees add hasha@2.2.0
277 silly diffTrees add is-typedarray@1.0.0
278 silly diffTrees add isstream@0.1.2
279 silly diffTrees add jsbn@0.1.1
280 silly diffTrees add ecc-jsbn@0.1.2
281 silly diffTrees add json-schema@0.4.0
282 silly diffTrees add json-stringify-safe@5.0.1
283 silly diffTrees add jsonfile@2.4.0
284 silly diffTrees add kew@0.7.0
285 silly diffTrees add klaw@1.3.1
286 silly diffTrees add fs-extra@1.0.0
287 silly diffTrees add oauth-sign@0.9.0
288 silly diffTrees add pend@1.2.0
289 silly diffTrees add fd-slicer@1.1.0
290 silly diffTrees add performance-now@2.1.0
291 silly diffTrees add progress@1.1.8
292 silly diffTrees add psl@1.9.0
293 silly diffTrees add qs@6.5.3
294 silly diffTrees add throttleit@1.0.0
295 silly diffTrees add request-progress@2.0.1
296 silly diffTrees add tough-cookie@2.5.0
297 silly diffTrees add tunnel-agent@0.6.0
298 silly diffTrees add tweetnacl@0.14.5
299 silly diffTrees add bcrypt-pbkdf@1.0.2
300 silly diffTrees add sshpk@1.17.0
301 silly diffTrees add core-util-is@1.0.2
302 silly diffTrees add verror@1.10.0
303 silly diffTrees add jsprim@1.4.2
304 silly diffTrees add http-signature@1.2.0
305 silly diffTrees add request@2.88.2
306 silly diffTrees add fsevents@2.3.2
307 silly diffTrees add yauzl@2.10.0
308 silly diffTrees add extract-zip@1.7.0
309 silly diffTrees add phantomjs-prebuilt@2.1.16
310 silly diffTrees add karma-phantomjs-launcher@1.0.4
311 silly decomposeActions action count 448
312 silly decomposeActions fetch asn1@0.2.6
313 silly decomposeActions extract asn1@0.2.6
314 silly decomposeActions preinstall asn1@0.2.6
315 silly decomposeActions build asn1@0.2.6
316 silly decomposeActions install asn1@0.2.6
317 silly decomposeActions postinstall asn1@0.2.6
318 silly decomposeActions finalize asn1@0.2.6
319 silly decomposeActions refresh-package-json asn1@0.2.6
320 silly decomposeActions fetch assert-plus@1.0.0
321 silly decomposeActions extract assert-plus@1.0.0
322 silly decomposeActions preinstall assert-plus@1.0.0
323 silly decomposeActions build assert-plus@1.0.0
324 silly decomposeActions install assert-plus@1.0.0
325 silly decomposeActions postinstall assert-plus@1.0.0
326 silly decomposeActions finalize assert-plus@1.0.0
327 silly decomposeActions refresh-package-json assert-plus@1.0.0
328 silly decomposeActions fetch asynckit@0.4.0
329 silly decomposeActions extract asynckit@0.4.0
330 silly decomposeActions preinstall asynckit@0.4.0
331 silly decomposeActions build asynckit@0.4.0
332 silly decomposeActions install asynckit@0.4.0
333 silly decomposeActions postinstall asynckit@0.4.0
334 silly decomposeActions finalize asynckit@0.4.0
335 silly decomposeActions refresh-package-json asynckit@0.4.0
336 silly decomposeActions fetch aws-sign2@0.7.0
337 silly decomposeActions extract aws-sign2@0.7.0
338 silly decomposeActions preinstall aws-sign2@0.7.0
339 silly decomposeActions build aws-sign2@0.7.0
340 silly decomposeActions install aws-sign2@0.7.0
341 silly decomposeActions postinstall aws-sign2@0.7.0
342 silly decomposeActions finalize aws-sign2@0.7.0
343 silly decomposeActions refresh-package-json aws-sign2@0.7.0
344 silly decomposeActions fetch aws4@1.12.0
345 silly decomposeActions extract aws4@1.12.0
346 silly decomposeActions preinstall aws4@1.12.0
347 silly decomposeActions build aws4@1.12.0
348 silly decomposeActions install aws4@1.12.0
349 silly decomposeActions postinstall aws4@1.12.0
350 silly decomposeActions finalize aws4@1.12.0
351 silly decomposeActions refresh-package-json aws4@1.12.0
352 silly decomposeActions fetch buffer-crc32@0.2.13
353 silly decomposeActions extract buffer-crc32@0.2.13
354 silly decomposeActions preinstall buffer-crc32@0.2.13
355 silly decomposeActions build buffer-crc32@0.2.13
356 silly decomposeActions install buffer-crc32@0.2.13
357 silly decomposeActions postinstall buffer-crc32@0.2.13
358 silly decomposeActions finalize buffer-crc32@0.2.13
359 silly decomposeActions refresh-package-json buffer-crc32@0.2.13
360 silly decomposeActions fetch caseless@0.12.0
361 silly decomposeActions extract caseless@0.12.0
362 silly decomposeActions preinstall caseless@0.12.0
363 silly decomposeActions build caseless@0.12.0
364 silly decomposeActions install caseless@0.12.0
365 silly decomposeActions postinstall caseless@0.12.0
366 silly decomposeActions finalize caseless@0.12.0
367 silly decomposeActions refresh-package-json caseless@0.12.0
368 silly decomposeActions fetch dashdash@1.14.1
369 silly decomposeActions extract dashdash@1.14.1
370 silly decomposeActions preinstall dashdash@1.14.1
371 silly decomposeActions build dashdash@1.14.1
372 silly decomposeActions install dashdash@1.14.1
373 silly decomposeActions postinstall dashdash@1.14.1
374 silly decomposeActions finalize dashdash@1.14.1
375 silly decomposeActions refresh-package-json dashdash@1.14.1
376 silly decomposeActions fetch delayed-stream@1.0.0
377 silly decomposeActions extract delayed-stream@1.0.0
378 silly decomposeActions preinstall delayed-stream@1.0.0
379 silly decomposeActions build delayed-stream@1.0.0
380 silly decomposeActions install delayed-stream@1.0.0
381 silly decomposeActions postinstall delayed-stream@1.0.0
382 silly decomposeActions finalize delayed-stream@1.0.0
383 silly decomposeActions refresh-package-json delayed-stream@1.0.0
384 silly decomposeActions fetch combined-stream@1.0.8
385 silly decomposeActions extract combined-stream@1.0.8
386 silly decomposeActions preinstall combined-stream@1.0.8
387 silly decomposeActions build combined-stream@1.0.8
388 silly decomposeActions install combined-stream@1.0.8
389 silly decomposeActions postinstall combined-stream@1.0.8
390 silly decomposeActions finalize combined-stream@1.0.8
391 silly decomposeActions refresh-package-json combined-stream@1.0.8
392 silly decomposeActions fetch es6-promise@4.2.8
393 silly decomposeActions extract es6-promise@4.2.8
394 silly decomposeActions preinstall es6-promise@4.2.8
395 silly decomposeActions build es6-promise@4.2.8
396 silly decomposeActions install es6-promise@4.2.8
397 silly decomposeActions postinstall es6-promise@4.2.8
398 silly decomposeActions finalize es6-promise@4.2.8
399 silly decomposeActions refresh-package-json es6-promise@4.2.8
400 silly decomposeActions fetch extsprintf@1.3.0
401 silly decomposeActions extract extsprintf@1.3.0
402 silly decomposeActions preinstall extsprintf@1.3.0
403 silly decomposeActions build extsprintf@1.3.0
404 silly decomposeActions install extsprintf@1.3.0
405 silly decomposeActions postinstall extsprintf@1.3.0
406 silly decomposeActions finalize extsprintf@1.3.0
407 silly decomposeActions refresh-package-json extsprintf@1.3.0
408 silly decomposeActions fetch forever-agent@0.6.1
409 silly decomposeActions extract forever-agent@0.6.1
410 silly decomposeActions preinstall forever-agent@0.6.1
411 silly decomposeActions build forever-agent@0.6.1
412 silly decomposeActions install forever-agent@0.6.1
413 silly decomposeActions postinstall forever-agent@0.6.1
414 silly decomposeActions finalize forever-agent@0.6.1
415 silly decomposeActions refresh-package-json forever-agent@0.6.1
416 silly decomposeActions fetch form-data@2.3.3
417 silly decomposeActions extract form-data@2.3.3
418 silly decomposeActions preinstall form-data@2.3.3
419 silly decomposeActions build form-data@2.3.3
420 silly decomposeActions install form-data@2.3.3
421 silly decomposeActions postinstall form-data@2.3.3
422 silly decomposeActions finalize form-data@2.3.3
423 silly decomposeActions refresh-package-json form-data@2.3.3
424 silly decomposeActions fetch fsevents@1.2.13
425 silly decomposeActions extract fsevents@1.2.13
426 silly decomposeActions preinstall fsevents@1.2.13
427 silly decomposeActions build fsevents@1.2.13
428 silly decomposeActions install fsevents@1.2.13
429 silly decomposeActions postinstall fsevents@1.2.13
430 silly decomposeActions finalize fsevents@1.2.13
431 silly decomposeActions refresh-package-json fsevents@1.2.13
432 silly decomposeActions fetch getpass@0.1.7
433 silly decomposeActions extract getpass@0.1.7
434 silly decomposeActions preinstall getpass@0.1.7
435 silly decomposeActions build getpass@0.1.7
436 silly decomposeActions install getpass@0.1.7
437 silly decomposeActions postinstall getpass@0.1.7
438 silly decomposeActions finalize getpass@0.1.7
439 silly decomposeActions refresh-package-json getpass@0.1.7
440 silly decomposeActions fetch har-schema@2.0.0
441 silly decomposeActions extract har-schema@2.0.0
442 silly decomposeActions preinstall har-schema@2.0.0
443 silly decomposeActions build har-schema@2.0.0
444 silly decomposeActions install har-schema@2.0.0
445 silly decomposeActions postinstall har-schema@2.0.0
446 silly decomposeActions finalize har-schema@2.0.0
447 silly decomposeActions refresh-package-json har-schema@2.0.0
448 silly decomposeActions fetch fast-deep-equal@3.1.3
449 silly decomposeActions extract fast-deep-equal@3.1.3
450 silly decomposeActions preinstall fast-deep-equal@3.1.3
451 silly decomposeActions build fast-deep-equal@3.1.3
452 silly decomposeActions install fast-deep-equal@3.1.3
453 silly decomposeActions postinstall fast-deep-equal@3.1.3
454 silly decomposeActions finalize fast-deep-equal@3.1.3
455 silly decomposeActions refresh-package-json fast-deep-equal@3.1.3
456 silly decomposeActions fetch json-schema-traverse@0.4.1
457 silly decomposeActions extract json-schema-traverse@0.4.1
458 silly decomposeActions preinstall json-schema-traverse@0.4.1
459 silly decomposeActions build json-schema-traverse@0.4.1
460 silly decomposeActions install json-schema-traverse@0.4.1
461 silly decomposeActions postinstall json-schema-traverse@0.4.1
462 silly decomposeActions finalize json-schema-traverse@0.4.1
463 silly decomposeActions refresh-package-json json-schema-traverse@0.4.1
464 silly decomposeActions fetch ajv@6.12.6
465 silly decomposeActions extract ajv@6.12.6
466 silly decomposeActions preinstall ajv@6.12.6
467 silly decomposeActions build ajv@6.12.6
468 silly decomposeActions install ajv@6.12.6
469 silly decomposeActions postinstall ajv@6.12.6
470 silly decomposeActions finalize ajv@6.12.6
471 silly decomposeActions refresh-package-json ajv@6.12.6
472 silly decomposeActions fetch har-validator@5.1.5
473 silly decomposeActions extract har-validator@5.1.5
474 silly decomposeActions preinstall har-validator@5.1.5
475 silly decomposeActions build har-validator@5.1.5
476 silly decomposeActions install har-validator@5.1.5
477 silly decomposeActions postinstall har-validator@5.1.5
478 silly decomposeActions finalize har-validator@5.1.5
479 silly decomposeActions refresh-package-json har-validator@5.1.5
480 silly decomposeActions fetch hasha@2.2.0
481 silly decomposeActions extract hasha@2.2.0
482 silly decomposeActions preinstall hasha@2.2.0
483 silly decomposeActions build hasha@2.2.0
484 silly decomposeActions install hasha@2.2.0
485 silly decomposeActions postinstall hasha@2.2.0
486 silly decomposeActions finalize hasha@2.2.0
487 silly decomposeActions refresh-package-json hasha@2.2.0
488 silly decomposeActions fetch is-typedarray@1.0.0
489 silly decomposeActions extract is-typedarray@1.0.0
490 silly decomposeActions preinstall is-typedarray@1.0.0
491 silly decomposeActions build is-typedarray@1.0.0
492 silly decomposeActions install is-typedarray@1.0.0
493 silly decomposeActions postinstall is-typedarray@1.0.0
494 silly decomposeActions finalize is-typedarray@1.0.0
495 silly decomposeActions refresh-package-json is-typedarray@1.0.0
496 silly decomposeActions fetch isstream@0.1.2
497 silly decomposeActions extract isstream@0.1.2
498 silly decomposeActions preinstall isstream@0.1.2
499 silly decomposeActions build isstream@0.1.2
500 silly decomposeActions install isstream@0.1.2
501 silly decomposeActions postinstall isstream@0.1.2
502 silly decomposeActions finalize isstream@0.1.2
503 silly decomposeActions refresh-package-json isstream@0.1.2
504 silly decomposeActions fetch jsbn@0.1.1
505 silly decomposeActions extract jsbn@0.1.1
506 silly decomposeActions preinstall jsbn@0.1.1
507 silly decomposeActions build jsbn@0.1.1
508 silly decomposeActions install jsbn@0.1.1
509 silly decomposeActions postinstall jsbn@0.1.1
510 silly decomposeActions finalize jsbn@0.1.1
511 silly decomposeActions refresh-package-json jsbn@0.1.1
512 silly decomposeActions fetch ecc-jsbn@0.1.2
513 silly decomposeActions extract ecc-jsbn@0.1.2
514 silly decomposeActions preinstall ecc-jsbn@0.1.2
515 silly decomposeActions build ecc-jsbn@0.1.2
516 silly decomposeActions install ecc-jsbn@0.1.2
517 silly decomposeActions postinstall ecc-jsbn@0.1.2
518 silly decomposeActions finalize ecc-jsbn@0.1.2
519 silly decomposeActions refresh-package-json ecc-jsbn@0.1.2
520 silly decomposeActions fetch json-schema@0.4.0
521 silly decomposeActions extract json-schema@0.4.0
522 silly decomposeActions preinstall json-schema@0.4.0
523 silly decomposeActions build json-schema@0.4.0
524 silly decomposeActions install json-schema@0.4.0
525 silly decomposeActions postinstall json-schema@0.4.0
526 silly decomposeActions finalize json-schema@0.4.0
527 silly decomposeActions refresh-package-json json-schema@0.4.0
528 silly decomposeActions fetch json-stringify-safe@5.0.1
529 silly decomposeActions extract json-stringify-safe@5.0.1
530 silly decomposeActions preinstall json-stringify-safe@5.0.1
531 silly decomposeActions build json-stringify-safe@5.0.1
532 silly decomposeActions install json-stringify-safe@5.0.1
533 silly decomposeActions postinstall json-stringify-safe@5.0.1
534 silly decomposeActions finalize json-stringify-safe@5.0.1
535 silly decomposeActions refresh-package-json json-stringify-safe@5.0.1
536 silly decomposeActions fetch jsonfile@2.4.0
537 silly decomposeActions extract jsonfile@2.4.0
538 silly decomposeActions preinstall jsonfile@2.4.0
539 silly decomposeActions build jsonfile@2.4.0
540 silly decomposeActions install jsonfile@2.4.0
541 silly decomposeActions postinstall jsonfile@2.4.0
542 silly decomposeActions finalize jsonfile@2.4.0
543 silly decomposeActions refresh-package-json jsonfile@2.4.0
544 silly decomposeActions fetch kew@0.7.0
545 silly decomposeActions extract kew@0.7.0
546 silly decomposeActions preinstall kew@0.7.0
547 silly decomposeActions build kew@0.7.0
548 silly decomposeActions install kew@0.7.0
549 silly decomposeActions postinstall kew@0.7.0
550 silly decomposeActions finalize kew@0.7.0
551 silly decomposeActions refresh-package-json kew@0.7.0
552 silly decomposeActions fetch klaw@1.3.1
553 silly decomposeActions extract klaw@1.3.1
554 silly decomposeActions preinstall klaw@1.3.1
555 silly decomposeActions build klaw@1.3.1
556 silly decomposeActions install klaw@1.3.1
557 silly decomposeActions postinstall klaw@1.3.1
558 silly decomposeActions finalize klaw@1.3.1
559 silly decomposeActions refresh-package-json klaw@1.3.1
560 silly decomposeActions fetch fs-extra@1.0.0
561 silly decomposeActions extract fs-extra@1.0.0
562 silly decomposeActions preinstall fs-extra@1.0.0
563 silly decomposeActions build fs-extra@1.0.0
564 silly decomposeActions install fs-extra@1.0.0
565 silly decomposeActions postinstall fs-extra@1.0.0
566 silly decomposeActions finalize fs-extra@1.0.0
567 silly decomposeActions refresh-package-json fs-extra@1.0.0
568 silly decomposeActions fetch oauth-sign@0.9.0
569 silly decomposeActions extract oauth-sign@0.9.0
570 silly decomposeActions preinstall oauth-sign@0.9.0
571 silly decomposeActions build oauth-sign@0.9.0
572 silly decomposeActions install oauth-sign@0.9.0
573 silly decomposeActions postinstall oauth-sign@0.9.0
574 silly decomposeActions finalize oauth-sign@0.9.0
575 silly decomposeActions refresh-package-json oauth-sign@0.9.0
576 silly decomposeActions fetch pend@1.2.0
577 silly decomposeActions extract pend@1.2.0
578 silly decomposeActions preinstall pend@1.2.0
579 silly decomposeActions build pend@1.2.0
580 silly decomposeActions install pend@1.2.0
581 silly decomposeActions postinstall pend@1.2.0
582 silly decomposeActions finalize pend@1.2.0
583 silly decomposeActions refresh-package-json pend@1.2.0
584 silly decomposeActions fetch fd-slicer@1.1.0
585 silly decomposeActions extract fd-slicer@1.1.0
586 silly decomposeActions preinstall fd-slicer@1.1.0
587 silly decomposeActions build fd-slicer@1.1.0
588 silly decomposeActions install fd-slicer@1.1.0
589 silly decomposeActions postinstall fd-slicer@1.1.0
590 silly decomposeActions finalize fd-slicer@1.1.0
591 silly decomposeActions refresh-package-json fd-slicer@1.1.0
592 silly decomposeActions fetch performance-now@2.1.0
593 silly decomposeActions extract performance-now@2.1.0
594 silly decomposeActions preinstall performance-now@2.1.0
595 silly decomposeActions build performance-now@2.1.0
596 silly decomposeActions install performance-now@2.1.0
597 silly decomposeActions postinstall performance-now@2.1.0
598 silly decomposeActions finalize performance-now@2.1.0
599 silly decomposeActions refresh-package-json performance-now@2.1.0
600 silly decomposeActions fetch progress@1.1.8
601 silly decomposeActions extract progress@1.1.8
602 silly decomposeActions preinstall progress@1.1.8
603 silly decomposeActions build progress@1.1.8
604 silly decomposeActions install progress@1.1.8
605 silly decomposeActions postinstall progress@1.1.8
606 silly decomposeActions finalize progress@1.1.8
607 silly decomposeActions refresh-package-json progress@1.1.8
608 silly decomposeActions fetch psl@1.9.0
609 silly decomposeActions extract psl@1.9.0
610 silly decomposeActions preinstall psl@1.9.0
611 silly decomposeActions build psl@1.9.0
612 silly decomposeActions install psl@1.9.0
613 silly decomposeActions postinstall psl@1.9.0
614 silly decomposeActions finalize psl@1.9.0
615 silly decomposeActions refresh-package-json psl@1.9.0
616 silly decomposeActions fetch qs@6.5.3
617 silly decomposeActions extract qs@6.5.3
618 silly decomposeActions preinstall qs@6.5.3
619 silly decomposeActions build qs@6.5.3
620 silly decomposeActions install qs@6.5.3
621 silly decomposeActions postinstall qs@6.5.3
622 silly decomposeActions finalize qs@6.5.3
623 silly decomposeActions refresh-package-json qs@6.5.3
624 silly decomposeActions fetch throttleit@1.0.0
625 silly decomposeActions extract throttleit@1.0.0
626 silly decomposeActions preinstall throttleit@1.0.0
627 silly decomposeActions build throttleit@1.0.0
628 silly decomposeActions install throttleit@1.0.0
629 silly decomposeActions postinstall throttleit@1.0.0
630 silly decomposeActions finalize throttleit@1.0.0
631 silly decomposeActions refresh-package-json throttleit@1.0.0
632 silly decomposeActions fetch request-progress@2.0.1
633 silly decomposeActions extract request-progress@2.0.1
634 silly decomposeActions preinstall request-progress@2.0.1
635 silly decomposeActions build request-progress@2.0.1
636 silly decomposeActions install request-progress@2.0.1
637 silly decomposeActions postinstall request-progress@2.0.1
638 silly decomposeActions finalize request-progress@2.0.1
639 silly decomposeActions refresh-package-json request-progress@2.0.1
640 silly decomposeActions fetch tough-cookie@2.5.0
641 silly decomposeActions extract tough-cookie@2.5.0
642 silly decomposeActions preinstall tough-cookie@2.5.0
643 silly decomposeActions build tough-cookie@2.5.0
644 silly decomposeActions install tough-cookie@2.5.0
645 silly decomposeActions postinstall tough-cookie@2.5.0
646 silly decomposeActions finalize tough-cookie@2.5.0
647 silly decomposeActions refresh-package-json tough-cookie@2.5.0
648 silly decomposeActions fetch tunnel-agent@0.6.0
649 silly decomposeActions extract tunnel-agent@0.6.0
650 silly decomposeActions preinstall tunnel-agent@0.6.0
651 silly decomposeActions build tunnel-agent@0.6.0
652 silly decomposeActions install tunnel-agent@0.6.0
653 silly decomposeActions postinstall tunnel-agent@0.6.0
654 silly decomposeActions finalize tunnel-agent@0.6.0
655 silly decomposeActions refresh-package-json tunnel-agent@0.6.0
656 silly decomposeActions fetch tweetnacl@0.14.5
657 silly decomposeActions extract tweetnacl@0.14.5
658 silly decomposeActions preinstall tweetnacl@0.14.5
659 silly decomposeActions build tweetnacl@0.14.5
660 silly decomposeActions install tweetnacl@0.14.5
661 silly decomposeActions postinstall tweetnacl@0.14.5
662 silly decomposeActions finalize tweetnacl@0.14.5
663 silly decomposeActions refresh-package-json tweetnacl@0.14.5
664 silly decomposeActions fetch bcrypt-pbkdf@1.0.2
665 silly decomposeActions extract bcrypt-pbkdf@1.0.2
666 silly decomposeActions preinstall bcrypt-pbkdf@1.0.2
667 silly decomposeActions build bcrypt-pbkdf@1.0.2
668 silly decomposeActions install bcrypt-pbkdf@1.0.2
669 silly decomposeActions postinstall bcrypt-pbkdf@1.0.2
670 silly decomposeActions finalize bcrypt-pbkdf@1.0.2
671 silly decomposeActions refresh-package-json bcrypt-pbkdf@1.0.2
672 silly decomposeActions fetch sshpk@1.17.0
673 silly decomposeActions extract sshpk@1.17.0
674 silly decomposeActions preinstall sshpk@1.17.0
675 silly decomposeActions build sshpk@1.17.0
676 silly decomposeActions install sshpk@1.17.0
677 silly decomposeActions postinstall sshpk@1.17.0
678 silly decomposeActions finalize sshpk@1.17.0
679 silly decomposeActions refresh-package-json sshpk@1.17.0
680 silly decomposeActions fetch core-util-is@1.0.2
681 silly decomposeActions extract core-util-is@1.0.2
682 silly decomposeActions preinstall core-util-is@1.0.2
683 silly decomposeActions build core-util-is@1.0.2
684 silly decomposeActions install core-util-is@1.0.2
685 silly decomposeActions postinstall core-util-is@1.0.2
686 silly decomposeActions finalize core-util-is@1.0.2
687 silly decomposeActions refresh-package-json core-util-is@1.0.2
688 silly decomposeActions fetch verror@1.10.0
689 silly decomposeActions extract verror@1.10.0
690 silly decomposeActions preinstall verror@1.10.0
691 silly decomposeActions build verror@1.10.0
692 silly decomposeActions install verror@1.10.0
693 silly decomposeActions postinstall verror@1.10.0
694 silly decomposeActions finalize verror@1.10.0
695 silly decomposeActions refresh-package-json verror@1.10.0
696 silly decomposeActions fetch jsprim@1.4.2
697 silly decomposeActions extract jsprim@1.4.2
698 silly decomposeActions preinstall jsprim@1.4.2
699 silly decomposeActions build jsprim@1.4.2
700 silly decomposeActions install jsprim@1.4.2
701 silly decomposeActions postinstall jsprim@1.4.2
702 silly decomposeActions finalize jsprim@1.4.2
703 silly decomposeActions refresh-package-json jsprim@1.4.2
704 silly decomposeActions fetch http-signature@1.2.0
705 silly decomposeActions extract http-signature@1.2.0
706 silly decomposeActions preinstall http-signature@1.2.0
707 silly decomposeActions build http-signature@1.2.0
708 silly decomposeActions install http-signature@1.2.0
709 silly decomposeActions postinstall http-signature@1.2.0
710 silly decomposeActions finalize http-signature@1.2.0
711 silly decomposeActions refresh-package-json http-signature@1.2.0
712 silly decomposeActions fetch request@2.88.2
713 silly decomposeActions extract request@2.88.2
714 silly decomposeActions preinstall request@2.88.2
715 silly decomposeActions build request@2.88.2
716 silly decomposeActions install request@2.88.2
717 silly decomposeActions postinstall request@2.88.2
718 silly decomposeActions finalize request@2.88.2
719 silly decomposeActions refresh-package-json request@2.88.2
720 silly decomposeActions fetch fsevents@2.3.2
721 silly decomposeActions extract fsevents@2.3.2
722 silly decomposeActions preinstall fsevents@2.3.2
723 silly decomposeActions build fsevents@2.3.2
724 silly decomposeActions install fsevents@2.3.2
725 silly decomposeActions postinstall fsevents@2.3.2
726 silly decomposeActions finalize fsevents@2.3.2
727 silly decomposeActions refresh-package-json fsevents@2.3.2
728 silly decomposeActions fetch yauzl@2.10.0
729 silly decomposeActions extract yauzl@2.10.0
730 silly decomposeActions preinstall yauzl@2.10.0
731 silly decomposeActions build yauzl@2.10.0
732 silly decomposeActions install yauzl@2.10.0
733 silly decomposeActions postinstall yauzl@2.10.0
734 silly decomposeActions finalize yauzl@2.10.0
735 silly decomposeActions refresh-package-json yauzl@2.10.0
736 silly decomposeActions fetch extract-zip@1.7.0
737 silly decomposeActions extract extract-zip@1.7.0
738 silly decomposeActions preinstall extract-zip@1.7.0
739 silly decomposeActions build extract-zip@1.7.0
740 silly decomposeActions install extract-zip@1.7.0
741 silly decomposeActions postinstall extract-zip@1.7.0
742 silly decomposeActions finalize extract-zip@1.7.0
743 silly decomposeActions refresh-package-json extract-zip@1.7.0
744 silly decomposeActions fetch phantomjs-prebuilt@2.1.16
745 silly decomposeActions extract phantomjs-prebuilt@2.1.16
746 silly decomposeActions preinstall phantomjs-prebuilt@2.1.16
747 silly decomposeActions build phantomjs-prebuilt@2.1.16
748 silly decomposeActions install phantomjs-prebuilt@2.1.16
749 silly decomposeActions postinstall phantomjs-prebuilt@2.1.16
750 silly decomposeActions finalize phantomjs-prebuilt@2.1.16
751 silly decomposeActions refresh-package-json phantomjs-prebuilt@2.1.16
752 silly decomposeActions fetch karma-phantomjs-launcher@1.0.4
753 silly decomposeActions extract karma-phantomjs-launcher@1.0.4
754 silly decomposeActions preinstall karma-phantomjs-launcher@1.0.4
755 silly decomposeActions build karma-phantomjs-launcher@1.0.4
756 silly decomposeActions install karma-phantomjs-launcher@1.0.4
757 silly decomposeActions postinstall karma-phantomjs-launcher@1.0.4
758 silly decomposeActions finalize karma-phantomjs-launcher@1.0.4
759 silly decomposeActions refresh-package-json karma-phantomjs-launcher@1.0.4
760 silly install executeActions
761 silly doSerial global-install 448
762 verbose correctMkdir D:\software\CodeLibrary\es-vue-project\software\development\Nodejs\node_cache\_locks correctMkdir not in flight; initializing
763 verbose makeCacheDir UID & GID are irrelevant on win32
764 verbose lock using D:\software\CodeLibrary\es-vue-project\software\development\Nodejs\node_cache\_locks\staging-dce884d4f5892ddb.lock for D:\software\CodeLibrary\es-vue-project\node_modules\.staging
765 silly doParallel extract 56
766 silly extract asn1@0.2.6
767 silly extract assert-plus@1.0.0
768 silly extract asynckit@0.4.0
769 silly extract aws-sign2@0.7.0
770 silly extract aws4@1.12.0
771 silly extract buffer-crc32@0.2.13
772 silly extract caseless@0.12.0
773 silly extract dashdash@1.14.1
774 silly extract delayed-stream@1.0.0
775 silly extract combined-stream@1.0.8
776 silly extract es6-promise@4.2.8
777 silly extract extsprintf@1.3.0
778 silly extract forever-agent@0.6.1
779 silly extract form-data@2.3.3
780 silly extract getpass@0.1.7
781 silly extract har-schema@2.0.0
782 silly extract fast-deep-equal@3.1.3
783 silly extract json-schema-traverse@0.4.1
784 silly extract ajv@6.12.6
785 silly extract har-validator@5.1.5
786 silly extract hasha@2.2.0
787 silly extract is-typedarray@1.0.0
788 silly extract isstream@0.1.2
789 silly extract jsbn@0.1.1
790 silly extract ecc-jsbn@0.1.2
791 silly extract json-schema@0.4.0
792 silly extract json-stringify-safe@5.0.1
793 silly extract jsonfile@2.4.0
794 silly extract kew@0.7.0
795 silly extract klaw@1.3.1
796 silly extract fs-extra@1.0.0
797 silly extract oauth-sign@0.9.0
798 silly extract pend@1.2.0
799 silly extract fd-slicer@1.1.0
800 silly extract performance-now@2.1.0
801 silly extract progress@1.1.8
802 silly extract psl@1.9.0
803 silly extract qs@6.5.3
804 silly extract throttleit@1.0.0
805 silly extract request-progress@2.0.1
806 silly extract tough-cookie@2.5.0
807 silly extract tunnel-agent@0.6.0
808 silly extract tweetnacl@0.14.5
809 silly extract bcrypt-pbkdf@1.0.2
810 silly extract sshpk@1.17.0
811 silly extract core-util-is@1.0.2
812 silly extract verror@1.10.0
813 silly extract jsprim@1.4.2
814 silly extract http-signature@1.2.0
815 silly extract request@2.88.2
816 silly tarball trying assert-plus@^1.0.0 by hash: sha512-NfJ4UzBCcQGLDlQq7nHxH+tv3kyZ0hHQqF5BO6J7tNJeP5do1llPr8dZ8zHonfhAu0PHAdMkSo+8o0wxg9lZWw==
817 silly tarball trying asynckit@^0.4.0 by hash: sha512-Oei9OH4tRh0YqU3GxhX79dM/mwVgvbZJaSNaRk+bshkj0S5cfHcgYakreBjrHwatXKbz+IoIdYLxrKim2MjW0Q==
818 silly tarball trying asn1@~0.2.3 by hash: sha512-ix/FxPn0MDjeyJ7i/yoHGFt/EX6LyNbxSEhPPXODPL+KB0VPk86UYfL0lMdy+KCnv+fmvIzySwaK5COwqVbWTQ==
819 silly tarball trying buffer-crc32@~0.2.3 by hash: sha512-VO9Ht/+p3SN7SKWqcrgEzjGbRSJYTx+Q1pTQC0wrWqHx0vpJraQ6GtHx8tvcg1rlK1byhU5gccxgOgj7B0TDkQ==
820 silly tarball trying aws-sign2@~0.7.0 by hash: sha512-08kcGqnYf/YmjoRhfxyu+CLxBjUtHLXLXX/vUfx9l2LYzG3c1m61nrpyFUZI6zeS+Li/wWMMidD9KgrqtGq3mA==
821 silly tarball trying aws4@^1.8.0 by hash: sha512-NmWvPnx0F1SfrQbYwOi7OeaNGokp9XhzNioJ/CSBs8Qa4vxug81mhJEAVZwxXuBmYB5KDRfMq/F3RR0BIU7sWg==
822 silly tarball trying caseless@~0.12.0 by hash: sha512-4tYFyifaFfGacoiObjJegolkwSU4xQNGbVgUiNYVUxbQ2x2lUsFvY4hVgVzGiIe6WLOPqycWXA40l+PWsxthUw==
823 silly tarball trying dashdash@^1.12.0 by hash: sha512-jRFi8UDGo6j+odZiEpjazZaWqEal3w/basFjQHQEwVtZJGDpxbH1MeYluwCS8Xq5wmLJooDlMgvVarmWfGM44g==
824 silly tarball trying delayed-stream@~1.0.0 by hash: sha512-ZySD7Nf91aLB0RxL4KGrKHBXl7Eds1DAmEdcoVawXnLD7SDhpNgtuII2aAkg7a7QS41jxPSZ17p4VdGnMHk3MQ==
825 silly tarball trying combined-stream@~1.0.6 by hash: sha512-FQN4MRfuJeHf7cBbBMJFXhKSDq+2kAArBlmRBvcvFE5BB1HZKXtSFASDhdlz9zOYwxh8lDdnvmMOe/+5cdoEdg==
826 silly tarball trying es6-promise@^4.0.3 by hash: sha512-HJDGx5daxeIvxdBxvG2cb9g4tEvwIk3i8+nhX0yGrYmZUzbkdg8QbDevheDB8gd0//uPj4c1EQua8Q+MViT0/w==
827 silly tarball trying extsprintf@1.3.0 by hash: sha512-11Ndz7Nv+mvAC1j0ktTa7fAb0vLyGGX+rMHNBYQviQDGU0Hw7lhctJANqbPhu9nV9/izT/IntTgZ7Im/9LJs9g==
828 silly tarball trying forever-agent@~0.6.1 by hash: sha512-j0KLYPhm6zeac4lz3oJ3o65qvgQCcPubiyotZrXqEaG4hNagNYO8qdlUrX5vwqv9ohqeT/Z3j6+yW067yWWdUw==
829 silly tarball trying form-data@~2.3.2 by hash: sha512-1lLKB2Mu3aGP1Q/2eCOx0fNbRMe7XdwktwOruhfqqd0rIJWwN4Dh+E3hrPSlDCXnSR7UtZ1N38rVXm+6+MEhJQ==
830 silly tarball trying har-schema@^2.0.0 by hash: sha512-Oqluz6zhGX8cyRaTQlFMPw80bSJVG2x/cFb8ZPhUILGgHka9SsokCCOQgpveePerqidZOrT14ipqfJb7ILcW5Q==
831 silly tarball trying getpass@^0.1.1 by hash: sha512-0fzj9JxOLfJ+XGLhR8ze3unN0KZCgZwiSSDz168VERjK8Wl8kVSdcu2kspd4s4wtAa1y/qrVRiAA0WclVsu0ng==
832 silly tarball trying fast-deep-equal@^3.1.1 by hash: sha512-f3qQ9oQy9j2AhBe/H9VC91wLmKBCCU/gDOnKNAYG5hswO7BLKj09Hc5HYNz9cGI++xlpDCIgDaitVs03ATR84Q==
833 silly tarball trying json-schema-traverse@^0.4.1 by hash: sha512-xbbCH5dCYU5T8LcEhhuh7HJ88HXuW3qsI3Y0zOZFKfZEHcpWiHU/Jxzk629Brsab/mMiHQti9wMP+845RPe3Vg==
834 silly tarball trying ajv@^6.12.3 by hash: sha512-j3fVLgvTo527anyYyJOGTYJbG+vnnQYvE0m5mmkc1TK+nxAppkCLMIL0aZ4dblVCNoGShhm+kzE4ZUykBoMg4g==
835 silly tarball trying har-validator@~5.1.3 by hash: sha512-nmT2T0lljbxdQZfspsno9hgrG3Uir6Ks5afism62poxqBM6sDnMEuPmzTq8XN0OEwqKLLdh1jQI3qyE66Nzb3w==
836 silly tarball trying hasha@^2.2.0 by hash: sha512-jZ38TU/EBiGKrmyTNNZgnvCZHNowiRI4+w/I9noMlekHTZH3KyGgvJLmhSgykeAQ9j2SYPDosM0Bg3wHfzibAQ==
837 silly tarball trying jsbn@~0.1.0 by hash: sha512-UVU9dibq2JcFWxQPA6KCqj5O42VOmAY3zQUfEKxU0KpTGXwNoCjkX1e13eHNvw/xPynt6pU0rZ1htjWTNTSXsg==
838 silly tarball trying is-typedarray@~1.0.0 by hash: sha512-cyA56iCMHAh5CdzjJIa4aohJyeO1YbwLi3Jc35MmRU6poroFjIGZzUzupGiRPOjgHg9TLu43xbpwXk523fMxKA==
839 silly tarball trying isstream@~0.1.2 by hash: sha512-Yljz7ffyPbrLpLngrMtZ7NduUgVvi6wG9RJ9IUcyCd59YQ911PBJphODUcbOVbqYfxe1wuYf/LJ8PauMRwsM/g==
840 silly tarball trying json-schema@0.4.0 by hash: sha512-es94M3nTIfsEPisRafak+HDLfHXnKBhV3vU5eqPcS3flIWqcxJWgXHXiey3YrpaNsanY5ei1VoYEbOzijuq9BA==
841 silly tarball trying ecc-jsbn@~0.1.1 by hash: sha512-eh9O+hwRHNbG4BLTjEl3nw044CkGm5X6LoaCf7LPp7UU8Qrt47JYNi6nPX8xjW97TKGKm1ouctg0QSpZe9qrnw==
842 silly tarball trying json-stringify-safe@~5.0.1 by hash: sha512-ZClg6AaYvamvYEE82d3Iyd3vSSIjQ+odgjaTzRuO3s7toCdFKczob2i0zCh7JE8kWn17yvAWhUVxvqGwUalsRA==
843 silly tarball trying jsonfile@^2.1.0 by hash: sha512-PKllAqbgLgxHaj8TElYymKCAgrASebJrWpTnEkOaTowt23VKXXN0sUeriJ+eh7y6ufb/CC5ap11pz71/cM0hUw==
844 silly tarball trying kew@^0.7.0 by hash: sha512-IG6nm0+QtAMdXt9KvbgbGdvY50RSrw+U4sGZg+KlrSKPJEwVE5JVoI3d7RWfSMdBQneRheeAOj3lIjX5VL/9RQ==
845 silly tarball trying fs-extra@^1.0.0 by hash: sha512-VerQV6vEKuhDWD2HGOybV6v5I73syoc/cXAbKlgTC7M/oFVEtklWlp9QH2Ijw3IaWDOQcMkldSPa7zXy79Z/UQ==
846 silly tarball trying klaw@^1.0.0 by hash: sha512-TED5xi9gGQjGpNnvRWknrwAB1eL5GciPfVFOt3Vk1OJCVDQbzuSfrF3hkUQKlsgKrG1F+0t5W0m+Fje1jIt8rw==
847 silly tarball trying pend@~1.2.0 by hash: sha512-F3asv42UuXchdzt+xXqfW1OGlVBe+mxa2mqI0pg5yAHZPvFmY3Y6drSf/GQ1A86WgWEN9Kzh/WrgKa6iGcHXLg==
848 silly tarball trying oauth-sign@~0.9.0 by hash: sha512-fexhUFFPTGV8ybAtSIGbV6gOkSv8UtRbDBnAyLQw4QPKkgNlsH2ByPGtMUqdWkos6YCRmAqViwgZrJc/mRDzZQ==
849 silly tarball trying fd-slicer@~1.1.0 by hash: sha512-cE1qsB/VwyQozZ+q1dGxR8LBYNZeofhEdUNGSMbQD3Gw2lAzX9Zb3uIU6Ebc/Fmyjo9AWWfnn0AUCHqtevs/8g==
850 silly tarball trying performance-now@^2.1.0 by hash: sha512-7EAHlyLHI56VEIdK57uwHdHKIaAGbnXPiw0yWbarQZOKaKpvUIgW0jWRVLiatnM+XXlSwsanIBH/hzGMJulMow==
851 silly tarball trying psl@^1.1.28 by hash: sha512-E/ZsdU4HLs/68gYzgGTkMicWTLPdAftJLfJFlLUAAKZGkStNU72sZjT66SnMDVOfOWY/YAoiD7Jxa9iHvngcag==
852 silly tarball trying progress@^1.1.8 by hash: sha512-UdA8mJ4weIkUBO224tIarHzuHs4HuYiJvsuGT7j/SPQiUJVjYvNDBIPa0hAorduOfjGohB/qHWRa/lrrWX/mXw==
853 silly tarball trying qs@~6.5.2 by hash: sha512-qxXIEh4pCGfHICj1mAJQ2/2XVZkjCDTcEgfoSQxc/fYivUZxTkk7L3bDBJSoNrEzXI17oUO5Dp07ktqE5KzczA==
854 silly tarball trying throttleit@^1.0.0 by hash: sha512-rkTVqu6IjfQ/6+uNuuc3sZek4CEYxTJom3IktzgdSxcZqdARuebbA/f4QmAxMQIxqq9ZLEUkSYqvuk1I6VKq4g==
855 silly tarball trying request-progress@^2.0.1 by hash: sha512-dxdraeZVUNEn9AvLrxkgB2k6buTlym71dJk1fk4v8j3Ou3RKNm07BcgbHdj2lLgYGfqX71F+awb1MR+tWPFJzA==
856 silly tarball trying tough-cookie@~2.5.0 by hash: sha512-nlLsUzgm1kfLXSXfRZMc1KLAugd4hqJHDTvc2hDIwS3mZAfMEuMbc03SujMF+GEcpaX/qboeycw6iO8JwVv2+g==
857 silly tarball trying tunnel-agent@^0.6.0 by hash: sha512-McnNiV1l8RYeY8tBgEpuodCC1mLUdbSN+CYBL7kJsJNInOP8UjDDEwdk6Mw60vdLLrr5NHKZhMAOSrR2NZuQ+w==
858 silly tarball trying tweetnacl@~0.14.0 by hash: sha512-KXXFFdAbFXY4geFIwoyNK+f5Z1b7swfXABfL7HXCmoIWMKU3dmS26672A4EeQtDzLKy7SXmfBu51JolvEKwtGA==
859 silly tarball trying bcrypt-pbkdf@^1.0.0 by hash: sha512-qeFIXtP4MSoi6NLqO12WfqARWWuCKi2Rn/9hJLEmtB5yTNr9DqFWkJRCf2qShWzPeAMRnOgCrq0sg/KLv5ES9w==
860 silly tarball trying core-util-is@1.0.2 by hash: sha512-3lqz5YjWTYnW6dlDa5TLaTCcShfar1e40rmcJVwCBJC6mWlFuj0eCHIElmG1g5kyuJ/GD+8Wn4FFCcz4gJPfaQ==
861 silly tarball trying sshpk@^1.7.0 by hash: sha512-/9HIEs1ZXGhSPE8X6Ccm7Nam1z8KcoCqPdI7ecm1N33EzAetWahvQWVqLZtaZQ+IDKX4IyA2o0gBzqIMkAagHQ==
862 silly tarball trying verror@1.10.0 by hash: sha512-ZZKSmDAEFOijERBLkmYfJ+vmk3w+7hOLYDNkRCuRuMJGEmqYNCNLyBBFwWKVMhfwaEF3WOd0Zlw86U/WC/+nYw==
863 silly tarball trying jsprim@^1.2.2 by hash: sha512-P2bSOMAc/ciLz6DzgjVlGJP9+BrJWu5UDGK70C2iweC5QBIeFf0ZXRvGjEj2uYgrY2MkAAhsSWHDWlFtEroZWw==
864 silly tarball trying http-signature@~1.2.0 by hash: sha512-CAbnr6Rz4CYQkLYUtSNXxQPUH2gK8f3iWexVlsnMeD+GjlsQ0Xsy1cOX+mN3dtxYomRy21CiOzU8Uhw6OwncEQ==
865 silly tarball trying request@^2.81.0 by hash: sha512-MsvtOrfG9ZcrOwAW+Qi+F6HbD0CWXEh9ou77uOb7FM2WPhwT7smM833PzanhJLsgXjN89Ir6V2PczXNnMpwKhw==
866 silly extract hasha@^2.2.0 extracted to D:\software\CodeLibrary\es-vue-project\node_modules\.staging\hasha-136f87b8 (140ms)
867 silly extract oauth-sign@~0.9.0 extracted to D:\software\CodeLibrary\es-vue-project\node_modules\.staging\oauth-sign-957a5f52 (140ms)
868 silly extract assert-plus@^1.0.0 extracted to D:\software\CodeLibrary\es-vue-project\node_modules\.staging\assert-plus-d7dbca18 (145ms)
869 silly extract buffer-crc32@~0.2.3 extracted to D:\software\CodeLibrary\es-vue-project\node_modules\.staging\buffer-crc32-5bd7979a (144ms)
870 silly extract forever-agent@~0.6.1 extracted to D:\software\CodeLibrary\es-vue-project\node_modules\.staging\forever-agent-672c1158 (147ms)
871 silly extract is-typedarray@~1.0.0 extracted to D:\software\CodeLibrary\es-vue-project\node_modules\.staging\is-typedarray-e028e3bf (146ms)
872 silly extract karma-phantomjs-launcher@1.0.4
873 silly extract pend@~1.2.0 extracted to D:\software\CodeLibrary\es-vue-project\node_modules\.staging\pend-3ecc8d4f (146ms)
874 silly extract phantomjs-prebuilt@2.1.16
875 silly extract tunnel-agent@^0.6.0 extracted to D:\software\CodeLibrary\es-vue-project\node_modules\.staging\tunnel-agent-827d307d (146ms)
876 silly extract extract-zip@1.7.0
877 silly extract yauzl@2.10.0
878 silly extract aws-sign2@~0.7.0 extracted to D:\software\CodeLibrary\es-vue-project\node_modules\.staging\aws-sign2-b4871031 (151ms)
879 silly extract caseless@~0.12.0 extracted to D:\software\CodeLibrary\es-vue-project\node_modules\.staging\caseless-e919b5dd (150ms)
880 silly tarball trying karma-phantomjs-launcher@^1.0.2 by hash: sha512-tf4P3plsE7wb5Pqh8GJ6RnElxfI/UM4MtVnjbSIZFpdFJlKnjRzfIx8MLCcSYJBwZ1+qSKFz4uBe3XNoq2t3KA==
881 silly tarball trying phantomjs-prebuilt@^2.1.14 by hash: sha512-PIiRzBhW85xco2fuj41FmsyuYHKjKuXWmhjy3A/Y+CMpN/63TV+s9uzfVhsUwFe0G77xWtHBG8xmXf5BqEUEuQ==
882 silly tarball trying extract-zip@^1.6.5 by hash: sha512-xoh5G1W/PB0/27lXgMQyIhP5DSY/LhoCsOyZgb+6iMmRtCwVBo55uKaMoEYrDCKQhWvqEip5ZPKAc6eFNyf/MA==
883 silly tarball trying yauzl@^2.10.0 by hash: sha512-p4a9I6X6nu6IhoGmBqAcbJy1mlC4j27vEPZX9F4L4/vZT3Lyq1VkFHw/V/PUcB9Buo+DG3iHkT0x3Qya58zc3g==
884 silly extract jsonfile@^2.1.0 extracted to D:\software\CodeLibrary\es-vue-project\node_modules\.staging\jsonfile-b7e241ad (156ms)
885 silly extract bcrypt-pbkdf@^1.0.0 extracted to D:\software\CodeLibrary\es-vue-project\node_modules\.staging\bcrypt-pbkdf-8cbe6936 (156ms)
886 silly extract combined-stream@~1.0.6 extracted to D:\software\CodeLibrary\es-vue-project\node_modules\.staging\combined-stream-85ccf278 (160ms)
887 silly extract getpass@^0.1.1 extracted to D:\software\CodeLibrary\es-vue-project\node_modules\.staging\getpass-a4002b35 (161ms)
888 silly extract har-validator@~5.1.3 extracted to D:\software\CodeLibrary\es-vue-project\node_modules\.staging\har-validator-8f0ab4b8 (160ms)
889 silly extract throttleit@^1.0.0 extracted to D:\software\CodeLibrary\es-vue-project\node_modules\.staging\throttleit-38a0d51e (164ms)
890 silly extract delayed-stream@~1.0.0 extracted to D:\software\CodeLibrary\es-vue-project\node_modules\.staging\delayed-stream-969f2e74 (167ms)
891 silly extract json-schema@0.4.0 extracted to D:\software\CodeLibrary\es-vue-project\node_modules\.staging\json-schema-1e62cd43 (168ms)
892 silly extract isstream@~0.1.2 extracted to D:\software\CodeLibrary\es-vue-project\node_modules\.staging\isstream-5c3618a9 (168ms)
893 silly extract klaw@^1.0.0 extracted to D:\software\CodeLibrary\es-vue-project\node_modules\.staging\klaw-a4e78a38 (167ms)
894 silly extract jsbn@~0.1.0 extracted to D:\software\CodeLibrary\es-vue-project\node_modules\.staging\jsbn-c5c838cd (169ms)
895 silly extract core-util-is@1.0.2 extracted to D:\software\CodeLibrary\es-vue-project\node_modules\.staging\core-util-is-4511f0df (167ms)
896 silly extract progress@^1.1.8 extracted to D:\software\CodeLibrary\es-vue-project\node_modules\.staging\progress-a5eb22c3 (170ms)
897 silly extract jsprim@^1.2.2 extracted to D:\software\CodeLibrary\es-vue-project\node_modules\.staging\jsprim-f9a18e49 (170ms)
898 silly extract aws4@^1.8.0 extracted to D:\software\CodeLibrary\es-vue-project\node_modules\.staging\aws4-f8b93ce5 (174ms)
899 silly extract request-progress@^2.0.1 extracted to D:\software\CodeLibrary\es-vue-project\node_modules\.staging\request-progress-a58ad2ce (171ms)
900 silly extract verror@1.10.0 extracted to D:\software\CodeLibrary\es-vue-project\node_modules\.staging\verror-a909e2af (171ms)
901 silly extract extsprintf@1.3.0 extracted to D:\software\CodeLibrary\es-vue-project\node_modules\.staging\extsprintf-5bea92e3 (175ms)
902 silly extract json-stringify-safe@~5.0.1 extracted to D:\software\CodeLibrary\es-vue-project\node_modules\.staging\json-stringify-safe-32c77994 (174ms)
903 silly extract fd-slicer@~1.1.0 extracted to D:\software\CodeLibrary\es-vue-project\node_modules\.staging\fd-slicer-0157cb10 (174ms)
904 silly extract fast-deep-equal@^3.1.1 extracted to D:\software\CodeLibrary\es-vue-project\node_modules\.staging\fast-deep-equal-2032fd68 (181ms)
905 silly extract json-schema-traverse@^0.4.1 extracted to D:\software\CodeLibrary\es-vue-project\node_modules\.staging\json-schema-traverse-80170a13 (192ms)
906 silly extract tough-cookie@~2.5.0 extracted to D:\software\CodeLibrary\es-vue-project\node_modules\.staging\tough-cookie-375877cc (191ms)
907 silly extract asn1@~0.2.3 extracted to D:\software\CodeLibrary\es-vue-project\node_modules\.staging\asn1-5e480360 (196ms)
908 silly extract dashdash@^1.12.0 extracted to D:\software\CodeLibrary\es-vue-project\node_modules\.staging\dashdash-3aeecec4 (195ms)
909 silly extract form-data@~2.3.2 extracted to D:\software\CodeLibrary\es-vue-project\node_modules\.staging\form-data-d00fa996 (197ms)
910 silly extract ecc-jsbn@~0.1.1 extracted to D:\software\CodeLibrary\es-vue-project\node_modules\.staging\ecc-jsbn-95aa363a (196ms)
911 silly extract http-signature@~1.2.0 extracted to D:\software\CodeLibrary\es-vue-project\node_modules\.staging\http-signature-04c06783 (195ms)
912 silly extract extract-zip@^1.6.5 extracted to D:\software\CodeLibrary\es-vue-project\node_modules\.staging\extract-zip-7ec76776 (48ms)
913 silly extract yauzl@^2.10.0 extracted to D:\software\CodeLibrary\es-vue-project\node_modules\.staging\yauzl-8510c93e (49ms)
914 silly extract kew@^0.7.0 extracted to D:\software\CodeLibrary\es-vue-project\node_modules\.staging\kew-cdde0b71 (198ms)
915 silly extract asynckit@^0.4.0 extracted to D:\software\CodeLibrary\es-vue-project\node_modules\.staging\asynckit-497a4795 (201ms)
916 silly extract tweetnacl@~0.14.0 extracted to D:\software\CodeLibrary\es-vue-project\node_modules\.staging\tweetnacl-c7c789b9 (200ms)
917 silly extract har-schema@^2.0.0 extracted to D:\software\CodeLibrary\es-vue-project\node_modules\.staging\har-schema-67de926e (204ms)
918 silly extract performance-now@^2.1.0 extracted to D:\software\CodeLibrary\es-vue-project\node_modules\.staging\performance-now-956f81a6 (206ms)
919 silly extract karma-phantomjs-launcher@^1.0.2 extracted to D:\software\CodeLibrary\es-vue-project\node_modules\.staging\karma-phantomjs-launcher-f43b8d6c (65ms)
920 silly extract request@^2.81.0 extracted to D:\software\CodeLibrary\es-vue-project\node_modules\.staging\request-ff187534 (209ms)
921 silly extract qs@~6.5.2 extracted to D:\software\CodeLibrary\es-vue-project\node_modules\.staging\qs-9c75e89f (214ms)
922 silly extract phantomjs-prebuilt@^2.1.14 extracted to D:\software\CodeLibrary\es-vue-project\node_modules\.staging\phantomjs-prebuilt-b80f5867 (68ms)
923 silly extract psl@^1.1.28 extracted to D:\software\CodeLibrary\es-vue-project\node_modules\.staging\psl-ab3739c5 (215ms)
924 silly extract es6-promise@^4.0.3 extracted to D:\software\CodeLibrary\es-vue-project\node_modules\.staging\es6-promise-dfa895d8 (226ms)
925 silly extract sshpk@^1.7.0 extracted to D:\software\CodeLibrary\es-vue-project\node_modules\.staging\sshpk-9c9a5b3e (228ms)
926 silly extract fs-extra@^1.0.0 extracted to D:\software\CodeLibrary\es-vue-project\node_modules\.staging\fs-extra-c5071f95 (235ms)
927 silly extract ajv@^6.12.3 extracted to D:\software\CodeLibrary\es-vue-project\node_modules\.staging\ajv-16a227a5 (257ms)
928 timing action:extract Completed in 261ms
929 silly doReverseSerial unbuild 448
930 silly doSerial remove 448
931 silly doSerial move 448
932 silly doSerial finalize 448
933 silly finalize D:\software\CodeLibrary\es-vue-project\node_modules\asn1
934 silly finalize D:\software\CodeLibrary\es-vue-project\node_modules\assert-plus
935 silly finalize D:\software\CodeLibrary\es-vue-project\node_modules\asynckit
936 silly finalize D:\software\CodeLibrary\es-vue-project\node_modules\aws-sign2
937 silly finalize D:\software\CodeLibrary\es-vue-project\node_modules\aws4
938 silly finalize D:\software\CodeLibrary\es-vue-project\node_modules\buffer-crc32
939 silly finalize D:\software\CodeLibrary\es-vue-project\node_modules\caseless
940 silly finalize D:\software\CodeLibrary\es-vue-project\node_modules\dashdash
941 silly finalize D:\software\CodeLibrary\es-vue-project\node_modules\delayed-stream
942 silly finalize D:\software\CodeLibrary\es-vue-project\node_modules\combined-stream
943 silly finalize D:\software\CodeLibrary\es-vue-project\node_modules\es6-promise
944 silly finalize D:\software\CodeLibrary\es-vue-project\node_modules\extsprintf
945 silly finalize D:\software\CodeLibrary\es-vue-project\node_modules\forever-agent
946 silly finalize D:\software\CodeLibrary\es-vue-project\node_modules\form-data
947 silly finalize D:\software\CodeLibrary\es-vue-project\node_modules\getpass
948 silly finalize D:\software\CodeLibrary\es-vue-project\node_modules\har-schema
949 silly finalize D:\software\CodeLibrary\es-vue-project\node_modules\har-validator\node_modules\fast-deep-equal
950 silly finalize D:\software\CodeLibrary\es-vue-project\node_modules\har-validator\node_modules\json-schema-traverse
951 silly finalize D:\software\CodeLibrary\es-vue-project\node_modules\har-validator\node_modules\ajv
952 silly finalize D:\software\CodeLibrary\es-vue-project\node_modules\har-validator
953 silly finalize D:\software\CodeLibrary\es-vue-project\node_modules\hasha
954 silly finalize D:\software\CodeLibrary\es-vue-project\node_modules\is-typedarray
955 silly finalize D:\software\CodeLibrary\es-vue-project\node_modules\isstream
956 silly finalize D:\software\CodeLibrary\es-vue-project\node_modules\jsbn
957 silly finalize D:\software\CodeLibrary\es-vue-project\node_modules\ecc-jsbn
958 silly finalize D:\software\CodeLibrary\es-vue-project\node_modules\json-schema
959 silly finalize D:\software\CodeLibrary\es-vue-project\node_modules\json-stringify-safe
960 silly finalize D:\software\CodeLibrary\es-vue-project\node_modules\jsonfile
961 silly finalize D:\software\CodeLibrary\es-vue-project\node_modules\kew
962 silly finalize D:\software\CodeLibrary\es-vue-project\node_modules\klaw
963 silly finalize D:\software\CodeLibrary\es-vue-project\node_modules\fs-extra
964 silly finalize D:\software\CodeLibrary\es-vue-project\node_modules\oauth-sign
965 silly finalize D:\software\CodeLibrary\es-vue-project\node_modules\pend
966 silly finalize D:\software\CodeLibrary\es-vue-project\node_modules\fd-slicer
967 silly finalize D:\software\CodeLibrary\es-vue-project\node_modules\performance-now
968 silly finalize D:\software\CodeLibrary\es-vue-project\node_modules\phantomjs-prebuilt\node_modules\progress
969 silly finalize D:\software\CodeLibrary\es-vue-project\node_modules\psl
970 silly finalize D:\software\CodeLibrary\es-vue-project\node_modules\request\node_modules\qs
971 silly finalize D:\software\CodeLibrary\es-vue-project\node_modules\throttleit
972 silly finalize D:\software\CodeLibrary\es-vue-project\node_modules\request-progress
973 silly finalize D:\software\CodeLibrary\es-vue-project\node_modules\tough-cookie
974 silly finalize D:\software\CodeLibrary\es-vue-project\node_modules\tunnel-agent
975 silly finalize D:\software\CodeLibrary\es-vue-project\node_modules\tweetnacl
976 silly finalize D:\software\CodeLibrary\es-vue-project\node_modules\bcrypt-pbkdf
977 silly finalize D:\software\CodeLibrary\es-vue-project\node_modules\sshpk
978 silly finalize D:\software\CodeLibrary\es-vue-project\node_modules\verror\node_modules\core-util-is
979 silly finalize D:\software\CodeLibrary\es-vue-project\node_modules\verror
980 silly finalize D:\software\CodeLibrary\es-vue-project\node_modules\jsprim
981 silly finalize D:\software\CodeLibrary\es-vue-project\node_modules\http-signature
982 silly finalize D:\software\CodeLibrary\es-vue-project\node_modules\request
983 silly finalize D:\software\CodeLibrary\es-vue-project\node_modules\yauzl
984 silly finalize D:\software\CodeLibrary\es-vue-project\node_modules\extract-zip
985 silly finalize D:\software\CodeLibrary\es-vue-project\node_modules\phantomjs-prebuilt
986 silly finalize D:\software\CodeLibrary\es-vue-project\node_modules\karma-phantomjs-launcher
987 timing action:finalize Completed in 203ms
988 silly doParallel refresh-package-json 56
989 silly refresh-package-json D:\software\CodeLibrary\es-vue-project\node_modules\asn1
990 silly refresh-package-json D:\software\CodeLibrary\es-vue-project\node_modules\assert-plus
991 silly refresh-package-json D:\software\CodeLibrary\es-vue-project\node_modules\asynckit
992 silly refresh-package-json D:\software\CodeLibrary\es-vue-project\node_modules\aws-sign2
993 silly refresh-package-json D:\software\CodeLibrary\es-vue-project\node_modules\aws4
994 silly refresh-package-json D:\software\CodeLibrary\es-vue-project\node_modules\buffer-crc32
995 silly refresh-package-json D:\software\CodeLibrary\es-vue-project\node_modules\caseless
996 silly refresh-package-json D:\software\CodeLibrary\es-vue-project\node_modules\dashdash
997 silly refresh-package-json D:\software\CodeLibrary\es-vue-project\node_modules\delayed-stream
998 silly refresh-package-json D:\software\CodeLibrary\es-vue-project\node_modules\combined-stream
999 silly refresh-package-json D:\software\CodeLibrary\es-vue-project\node_modules\es6-promise
1000 silly refresh-package-json D:\software\CodeLibrary\es-vue-project\node_modules\extsprintf
1001 silly refresh-package-json D:\software\CodeLibrary\es-vue-project\node_modules\forever-agent
1002 silly refresh-package-json D:\software\CodeLibrary\es-vue-project\node_modules\form-data
1003 silly refresh-package-json D:\software\CodeLibrary\es-vue-project\node_modules\getpass
1004 silly refresh-package-json D:\software\CodeLibrary\es-vue-project\node_modules\har-schema
1005 silly refresh-package-json D:\software\CodeLibrary\es-vue-project\node_modules\har-validator\node_modules\fast-deep-equal
1006 silly refresh-package-json D:\software\CodeLibrary\es-vue-project\node_modules\har-validator\node_modules\json-schema-traverse
1007 silly refresh-package-json D:\software\CodeLibrary\es-vue-project\node_modules\har-validator\node_modules\ajv
1008 silly refresh-package-json D:\software\CodeLibrary\es-vue-project\node_modules\har-validator
1009 silly refresh-package-json D:\software\CodeLibrary\es-vue-project\node_modules\hasha
1010 silly refresh-package-json D:\software\CodeLibrary\es-vue-project\node_modules\is-typedarray
1011 silly refresh-package-json D:\software\CodeLibrary\es-vue-project\node_modules\isstream
1012 silly refresh-package-json D:\software\CodeLibrary\es-vue-project\node_modules\jsbn
1013 silly refresh-package-json D:\software\CodeLibrary\es-vue-project\node_modules\ecc-jsbn
1014 silly refresh-package-json D:\software\CodeLibrary\es-vue-project\node_modules\json-schema
1015 silly refresh-package-json D:\software\CodeLibrary\es-vue-project\node_modules\json-stringify-safe
1016 silly refresh-package-json D:\software\CodeLibrary\es-vue-project\node_modules\jsonfile
1017 silly refresh-package-json D:\software\CodeLibrary\es-vue-project\node_modules\kew
1018 silly refresh-package-json D:\software\CodeLibrary\es-vue-project\node_modules\klaw
1019 silly refresh-package-json D:\software\CodeLibrary\es-vue-project\node_modules\fs-extra
1020 silly refresh-package-json D:\software\CodeLibrary\es-vue-project\node_modules\oauth-sign
1021 silly refresh-package-json D:\software\CodeLibrary\es-vue-project\node_modules\pend
1022 silly refresh-package-json D:\software\CodeLibrary\es-vue-project\node_modules\fd-slicer
1023 silly refresh-package-json D:\software\CodeLibrary\es-vue-project\node_modules\performance-now
1024 silly refresh-package-json D:\software\CodeLibrary\es-vue-project\node_modules\phantomjs-prebuilt\node_modules\progress
1025 silly refresh-package-json D:\software\CodeLibrary\es-vue-project\node_modules\psl
1026 silly refresh-package-json D:\software\CodeLibrary\es-vue-project\node_modules\request\node_modules\qs
1027 silly refresh-package-json D:\software\CodeLibrary\es-vue-project\node_modules\throttleit
1028 silly refresh-package-json D:\software\CodeLibrary\es-vue-project\node_modules\request-progress
1029 silly refresh-package-json D:\software\CodeLibrary\es-vue-project\node_modules\tough-cookie
1030 silly refresh-package-json D:\software\CodeLibrary\es-vue-project\node_modules\tunnel-agent
1031 silly refresh-package-json D:\software\CodeLibrary\es-vue-project\node_modules\tweetnacl
1032 silly refresh-package-json D:\software\CodeLibrary\es-vue-project\node_modules\bcrypt-pbkdf
1033 silly refresh-package-json D:\software\CodeLibrary\es-vue-project\node_modules\sshpk
1034 silly refresh-package-json D:\software\CodeLibrary\es-vue-project\node_modules\verror\node_modules\core-util-is
1035 silly refresh-package-json D:\software\CodeLibrary\es-vue-project\node_modules\verror
1036 silly refresh-package-json D:\software\CodeLibrary\es-vue-project\node_modules\jsprim
1037 silly refresh-package-json D:\software\CodeLibrary\es-vue-project\node_modules\http-signature
1038 silly refresh-package-json D:\software\CodeLibrary\es-vue-project\node_modules\request
1039 silly refresh-package-json D:\software\CodeLibrary\es-vue-project\node_modules\karma-phantomjs-launcher
1040 silly refresh-package-json D:\software\CodeLibrary\es-vue-project\node_modules\phantomjs-prebuilt
1041 silly refresh-package-json D:\software\CodeLibrary\es-vue-project\node_modules\extract-zip
1042 silly refresh-package-json D:\software\CodeLibrary\es-vue-project\node_modules\yauzl
1043 timing action:refresh-package-json Completed in 270ms
1044 silly doParallel preinstall 56
1045 silly preinstall asn1@0.2.6
1046 info lifecycle asn1@0.2.6~preinstall: asn1@0.2.6
1047 silly preinstall assert-plus@1.0.0
1048 info lifecycle assert-plus@1.0.0~preinstall: assert-plus@1.0.0
1049 silly preinstall asynckit@0.4.0
1050 info lifecycle asynckit@0.4.0~preinstall: asynckit@0.4.0
1051 silly preinstall aws-sign2@0.7.0
1052 info lifecycle aws-sign2@0.7.0~preinstall: aws-sign2@0.7.0
1053 silly preinstall aws4@1.12.0
1054 info lifecycle aws4@1.12.0~preinstall: aws4@1.12.0
1055 silly preinstall buffer-crc32@0.2.13
1056 info lifecycle buffer-crc32@0.2.13~preinstall: buffer-crc32@0.2.13
1057 silly preinstall caseless@0.12.0
1058 info lifecycle caseless@0.12.0~preinstall: caseless@0.12.0
1059 silly preinstall dashdash@1.14.1
1060 info lifecycle dashdash@1.14.1~preinstall: dashdash@1.14.1
1061 silly preinstall delayed-stream@1.0.0
1062 info lifecycle delayed-stream@1.0.0~preinstall: delayed-stream@1.0.0
1063 silly preinstall combined-stream@1.0.8
1064 info lifecycle combined-stream@1.0.8~preinstall: combined-stream@1.0.8
1065 silly preinstall es6-promise@4.2.8
1066 info lifecycle es6-promise@4.2.8~preinstall: es6-promise@4.2.8
1067 silly preinstall extsprintf@1.3.0
1068 info lifecycle extsprintf@1.3.0~preinstall: extsprintf@1.3.0
1069 silly preinstall forever-agent@0.6.1
1070 info lifecycle forever-agent@0.6.1~preinstall: forever-agent@0.6.1
1071 silly preinstall form-data@2.3.3
1072 info lifecycle form-data@2.3.3~preinstall: form-data@2.3.3
1073 silly preinstall getpass@0.1.7
1074 info lifecycle getpass@0.1.7~preinstall: getpass@0.1.7
1075 silly preinstall har-schema@2.0.0
1076 info lifecycle har-schema@2.0.0~preinstall: har-schema@2.0.0
1077 silly preinstall fast-deep-equal@3.1.3
1078 info lifecycle fast-deep-equal@3.1.3~preinstall: fast-deep-equal@3.1.3
1079 silly preinstall json-schema-traverse@0.4.1
1080 info lifecycle json-schema-traverse@0.4.1~preinstall: json-schema-traverse@0.4.1
1081 silly preinstall ajv@6.12.6
1082 info lifecycle ajv@6.12.6~preinstall: ajv@6.12.6
1083 silly preinstall har-validator@5.1.5
1084 info lifecycle har-validator@5.1.5~preinstall: har-validator@5.1.5
1085 silly preinstall hasha@2.2.0
1086 info lifecycle hasha@2.2.0~preinstall: hasha@2.2.0
1087 silly preinstall is-typedarray@1.0.0
1088 info lifecycle is-typedarray@1.0.0~preinstall: is-typedarray@1.0.0
1089 silly preinstall isstream@0.1.2
1090 info lifecycle isstream@0.1.2~preinstall: isstream@0.1.2
1091 silly preinstall jsbn@0.1.1
1092 info lifecycle jsbn@0.1.1~preinstall: jsbn@0.1.1
1093 silly preinstall ecc-jsbn@0.1.2
1094 info lifecycle ecc-jsbn@0.1.2~preinstall: ecc-jsbn@0.1.2
1095 silly preinstall json-schema@0.4.0
1096 info lifecycle json-schema@0.4.0~preinstall: json-schema@0.4.0
1097 silly preinstall json-stringify-safe@5.0.1
1098 info lifecycle json-stringify-safe@5.0.1~preinstall: json-stringify-safe@5.0.1
1099 silly preinstall jsonfile@2.4.0
1100 info lifecycle jsonfile@2.4.0~preinstall: jsonfile@2.4.0
1101 silly preinstall kew@0.7.0
1102 info lifecycle kew@0.7.0~preinstall: kew@0.7.0
1103 silly preinstall klaw@1.3.1
1104 info lifecycle klaw@1.3.1~preinstall: klaw@1.3.1
1105 silly preinstall fs-extra@1.0.0
1106 info lifecycle fs-extra@1.0.0~preinstall: fs-extra@1.0.0
1107 silly preinstall oauth-sign@0.9.0
1108 info lifecycle oauth-sign@0.9.0~preinstall: oauth-sign@0.9.0
1109 silly preinstall pend@1.2.0
1110 info lifecycle pend@1.2.0~preinstall: pend@1.2.0
1111 silly preinstall fd-slicer@1.1.0
1112 info lifecycle fd-slicer@1.1.0~preinstall: fd-slicer@1.1.0
1113 silly preinstall performance-now@2.1.0
1114 info lifecycle performance-now@2.1.0~preinstall: performance-now@2.1.0
1115 silly preinstall progress@1.1.8
1116 info lifecycle progress@1.1.8~preinstall: progress@1.1.8
1117 silly preinstall psl@1.9.0
1118 info lifecycle psl@1.9.0~preinstall: psl@1.9.0
1119 silly preinstall qs@6.5.3
1120 info lifecycle qs@6.5.3~preinstall: qs@6.5.3
1121 silly preinstall throttleit@1.0.0
1122 info lifecycle throttleit@1.0.0~preinstall: throttleit@1.0.0
1123 silly preinstall request-progress@2.0.1
1124 info lifecycle request-progress@2.0.1~preinstall: request-progress@2.0.1
1125 silly preinstall tough-cookie@2.5.0
1126 info lifecycle tough-cookie@2.5.0~preinstall: tough-cookie@2.5.0
1127 silly preinstall tunnel-agent@0.6.0
1128 info lifecycle tunnel-agent@0.6.0~preinstall: tunnel-agent@0.6.0
1129 silly preinstall tweetnacl@0.14.5
1130 info lifecycle tweetnacl@0.14.5~preinstall: tweetnacl@0.14.5
1131 silly preinstall bcrypt-pbkdf@1.0.2
1132 info lifecycle bcrypt-pbkdf@1.0.2~preinstall: bcrypt-pbkdf@1.0.2
1133 silly preinstall sshpk@1.17.0
1134 info lifecycle sshpk@1.17.0~preinstall: sshpk@1.17.0
1135 silly preinstall core-util-is@1.0.2
1136 info lifecycle core-util-is@1.0.2~preinstall: core-util-is@1.0.2
1137 silly preinstall verror@1.10.0
1138 info lifecycle verror@1.10.0~preinstall: verror@1.10.0
1139 silly preinstall jsprim@1.4.2
1140 info lifecycle jsprim@1.4.2~preinstall: jsprim@1.4.2
1141 silly preinstall http-signature@1.2.0
1142 info lifecycle http-signature@1.2.0~preinstall: http-signature@1.2.0
1143 silly preinstall request@2.88.2
1144 info lifecycle request@2.88.2~preinstall: request@2.88.2
1145 silly preinstall karma-phantomjs-launcher@1.0.4
1146 info lifecycle karma-phantomjs-launcher@1.0.4~preinstall: karma-phantomjs-launcher@1.0.4
1147 silly preinstall phantomjs-prebuilt@2.1.16
1148 info lifecycle phantomjs-prebuilt@2.1.16~preinstall: phantomjs-prebuilt@2.1.16
1149 silly preinstall extract-zip@1.7.0
1150 info lifecycle extract-zip@1.7.0~preinstall: extract-zip@1.7.0
1151 silly preinstall yauzl@2.10.0
1152 info lifecycle yauzl@2.10.0~preinstall: yauzl@2.10.0
1153 timing action:preinstall Completed in 2ms
1154 silly doSerial build 448
1155 silly build asn1@0.2.6
1156 info linkStuff asn1@0.2.6
1157 silly linkStuff asn1@0.2.6 has D:\software\CodeLibrary\es-vue-project\node_modules as its parent node_modules
1158 silly build assert-plus@1.0.0
1159 info linkStuff assert-plus@1.0.0
1160 silly linkStuff assert-plus@1.0.0 has D:\software\CodeLibrary\es-vue-project\node_modules as its parent node_modules
1161 silly build asynckit@0.4.0
1162 info linkStuff asynckit@0.4.0
1163 silly linkStuff asynckit@0.4.0 has D:\software\CodeLibrary\es-vue-project\node_modules as its parent node_modules
1164 silly build aws-sign2@0.7.0
1165 info linkStuff aws-sign2@0.7.0
1166 silly linkStuff aws-sign2@0.7.0 has D:\software\CodeLibrary\es-vue-project\node_modules as its parent node_modules
1167 silly build aws4@1.12.0
1168 info linkStuff aws4@1.12.0
1169 silly linkStuff aws4@1.12.0 has D:\software\CodeLibrary\es-vue-project\node_modules as its parent node_modules
1170 silly build buffer-crc32@0.2.13
1171 info linkStuff buffer-crc32@0.2.13
1172 silly linkStuff buffer-crc32@0.2.13 has D:\software\CodeLibrary\es-vue-project\node_modules as its parent node_modules
1173 silly build caseless@0.12.0
1174 info linkStuff caseless@0.12.0
1175 silly linkStuff caseless@0.12.0 has D:\software\CodeLibrary\es-vue-project\node_modules as its parent node_modules
1176 silly build dashdash@1.14.1
1177 info linkStuff dashdash@1.14.1
1178 silly linkStuff dashdash@1.14.1 has D:\software\CodeLibrary\es-vue-project\node_modules as its parent node_modules
1179 silly build delayed-stream@1.0.0
1180 info linkStuff delayed-stream@1.0.0
1181 silly linkStuff delayed-stream@1.0.0 has D:\software\CodeLibrary\es-vue-project\node_modules as its parent node_modules
1182 silly build combined-stream@1.0.8
1183 info linkStuff combined-stream@1.0.8
1184 silly linkStuff combined-stream@1.0.8 has D:\software\CodeLibrary\es-vue-project\node_modules as its parent node_modules
1185 silly build es6-promise@4.2.8
1186 info linkStuff es6-promise@4.2.8
1187 silly linkStuff es6-promise@4.2.8 has D:\software\CodeLibrary\es-vue-project\node_modules as its parent node_modules
1188 silly build extsprintf@1.3.0
1189 info linkStuff extsprintf@1.3.0
1190 silly linkStuff extsprintf@1.3.0 has D:\software\CodeLibrary\es-vue-project\node_modules as its parent node_modules
1191 silly build forever-agent@0.6.1
1192 info linkStuff forever-agent@0.6.1
1193 silly linkStuff forever-agent@0.6.1 has D:\software\CodeLibrary\es-vue-project\node_modules as its parent node_modules
1194 silly build form-data@2.3.3
1195 info linkStuff form-data@2.3.3
1196 silly linkStuff form-data@2.3.3 has D:\software\CodeLibrary\es-vue-project\node_modules as its parent node_modules
1197 silly build getpass@0.1.7
1198 info linkStuff getpass@0.1.7
1199 silly linkStuff getpass@0.1.7 has D:\software\CodeLibrary\es-vue-project\node_modules as its parent node_modules
1200 silly build har-schema@2.0.0
1201 info linkStuff har-schema@2.0.0
1202 silly linkStuff har-schema@2.0.0 has D:\software\CodeLibrary\es-vue-project\node_modules as its parent node_modules
1203 silly build fast-deep-equal@3.1.3
1204 info linkStuff fast-deep-equal@3.1.3
1205 silly linkStuff fast-deep-equal@3.1.3 has D:\software\CodeLibrary\es-vue-project\node_modules\har-validator\node_modules as its parent node_modules
1206 silly build json-schema-traverse@0.4.1
1207 info linkStuff json-schema-traverse@0.4.1
1208 silly linkStuff json-schema-traverse@0.4.1 has D:\software\CodeLibrary\es-vue-project\node_modules\har-validator\node_modules as its parent node_modules
1209 silly build ajv@6.12.6
1210 info linkStuff ajv@6.12.6
1211 silly linkStuff ajv@6.12.6 has D:\software\CodeLibrary\es-vue-project\node_modules\har-validator\node_modules as its parent node_modules
1212 silly build har-validator@5.1.5
1213 info linkStuff har-validator@5.1.5
1214 silly linkStuff har-validator@5.1.5 has D:\software\CodeLibrary\es-vue-project\node_modules as its parent node_modules
1215 silly build hasha@2.2.0
1216 info linkStuff hasha@2.2.0
1217 silly linkStuff hasha@2.2.0 has D:\software\CodeLibrary\es-vue-project\node_modules as its parent node_modules
1218 silly build is-typedarray@1.0.0
1219 info linkStuff is-typedarray@1.0.0
1220 silly linkStuff is-typedarray@1.0.0 has D:\software\CodeLibrary\es-vue-project\node_modules as its parent node_modules
1221 silly build isstream@0.1.2
1222 info linkStuff isstream@0.1.2
1223 silly linkStuff isstream@0.1.2 has D:\software\CodeLibrary\es-vue-project\node_modules as its parent node_modules
1224 silly build jsbn@0.1.1
1225 info linkStuff jsbn@0.1.1
1226 silly linkStuff jsbn@0.1.1 has D:\software\CodeLibrary\es-vue-project\node_modules as its parent node_modules
1227 silly build ecc-jsbn@0.1.2
1228 info linkStuff ecc-jsbn@0.1.2
1229 silly linkStuff ecc-jsbn@0.1.2 has D:\software\CodeLibrary\es-vue-project\node_modules as its parent node_modules
1230 silly build json-schema@0.4.0
1231 info linkStuff json-schema@0.4.0
1232 silly linkStuff json-schema@0.4.0 has D:\software\CodeLibrary\es-vue-project\node_modules as its parent node_modules
1233 silly build json-stringify-safe@5.0.1
1234 info linkStuff json-stringify-safe@5.0.1
1235 silly linkStuff json-stringify-safe@5.0.1 has D:\software\CodeLibrary\es-vue-project\node_modules as its parent node_modules
1236 silly build jsonfile@2.4.0
1237 info linkStuff jsonfile@2.4.0
1238 silly linkStuff jsonfile@2.4.0 has D:\software\CodeLibrary\es-vue-project\node_modules as its parent node_modules
1239 silly build kew@0.7.0
1240 info linkStuff kew@0.7.0
1241 silly linkStuff kew@0.7.0 has D:\software\CodeLibrary\es-vue-project\node_modules as its parent node_modules
1242 silly build klaw@1.3.1
1243 info linkStuff klaw@1.3.1
1244 silly linkStuff klaw@1.3.1 has D:\software\CodeLibrary\es-vue-project\node_modules as its parent node_modules
1245 silly build fs-extra@1.0.0
1246 info linkStuff fs-extra@1.0.0
1247 silly linkStuff fs-extra@1.0.0 has D:\software\CodeLibrary\es-vue-project\node_modules as its parent node_modules
1248 silly build oauth-sign@0.9.0
1249 info linkStuff oauth-sign@0.9.0
1250 silly linkStuff oauth-sign@0.9.0 has D:\software\CodeLibrary\es-vue-project\node_modules as its parent node_modules
1251 silly build pend@1.2.0
1252 info linkStuff pend@1.2.0
1253 silly linkStuff pend@1.2.0 has D:\software\CodeLibrary\es-vue-project\node_modules as its parent node_modules
1254 silly build fd-slicer@1.1.0
1255 info linkStuff fd-slicer@1.1.0
1256 silly linkStuff fd-slicer@1.1.0 has D:\software\CodeLibrary\es-vue-project\node_modules as its parent node_modules
1257 silly build performance-now@2.1.0
1258 info linkStuff performance-now@2.1.0
1259 silly linkStuff performance-now@2.1.0 has D:\software\CodeLibrary\es-vue-project\node_modules as its parent node_modules
1260 silly build progress@1.1.8
1261 info linkStuff progress@1.1.8
1262 silly linkStuff progress@1.1.8 has D:\software\CodeLibrary\es-vue-project\node_modules\phantomjs-prebuilt\node_modules as its parent node_modules
1263 silly build psl@1.9.0
1264 info linkStuff psl@1.9.0
1265 silly linkStuff psl@1.9.0 has D:\software\CodeLibrary\es-vue-project\node_modules as its parent node_modules
1266 silly build qs@6.5.3
1267 info linkStuff qs@6.5.3
1268 silly linkStuff qs@6.5.3 has D:\software\CodeLibrary\es-vue-project\node_modules\request\node_modules as its parent node_modules
1269 silly build throttleit@1.0.0
1270 info linkStuff throttleit@1.0.0
1271 silly linkStuff throttleit@1.0.0 has D:\software\CodeLibrary\es-vue-project\node_modules as its parent node_modules
1272 silly build request-progress@2.0.1
1273 info linkStuff request-progress@2.0.1
1274 silly linkStuff request-progress@2.0.1 has D:\software\CodeLibrary\es-vue-project\node_modules as its parent node_modules
1275 silly build tough-cookie@2.5.0
1276 info linkStuff tough-cookie@2.5.0
1277 silly linkStuff tough-cookie@2.5.0 has D:\software\CodeLibrary\es-vue-project\node_modules as its parent node_modules
1278 silly build tunnel-agent@0.6.0
1279 info linkStuff tunnel-agent@0.6.0
1280 silly linkStuff tunnel-agent@0.6.0 has D:\software\CodeLibrary\es-vue-project\node_modules as its parent node_modules
1281 silly build tweetnacl@0.14.5
1282 info linkStuff tweetnacl@0.14.5
1283 silly linkStuff tweetnacl@0.14.5 has D:\software\CodeLibrary\es-vue-project\node_modules as its parent node_modules
1284 silly build bcrypt-pbkdf@1.0.2
1285 info linkStuff bcrypt-pbkdf@1.0.2
1286 silly linkStuff bcrypt-pbkdf@1.0.2 has D:\software\CodeLibrary\es-vue-project\node_modules as its parent node_modules
1287 silly build sshpk@1.17.0
1288 info linkStuff sshpk@1.17.0
1289 silly linkStuff sshpk@1.17.0 has D:\software\CodeLibrary\es-vue-project\node_modules as its parent node_modules
1290 verbose linkBins [
1290 verbose linkBins   {
1290 verbose linkBins     'sshpk-conv': 'bin/sshpk-conv',
1290 verbose linkBins     'sshpk-sign': 'bin/sshpk-sign',
1290 verbose linkBins     'sshpk-verify': 'bin/sshpk-verify'
1290 verbose linkBins   },
1290 verbose linkBins   'D:\\software\\CodeLibrary\\es-vue-project\\node_modules\\.bin',
1290 verbose linkBins   false
1290 verbose linkBins ]
1291 silly build core-util-is@1.0.2
1292 info linkStuff core-util-is@1.0.2
1293 silly linkStuff core-util-is@1.0.2 has D:\software\CodeLibrary\es-vue-project\node_modules\verror\node_modules as its parent node_modules
1294 silly build verror@1.10.0
1295 info linkStuff verror@1.10.0
1296 silly linkStuff verror@1.10.0 has D:\software\CodeLibrary\es-vue-project\node_modules as its parent node_modules
1297 silly build jsprim@1.4.2
1298 info linkStuff jsprim@1.4.2
1299 silly linkStuff jsprim@1.4.2 has D:\software\CodeLibrary\es-vue-project\node_modules as its parent node_modules
1300 silly build http-signature@1.2.0
1301 info linkStuff http-signature@1.2.0
1302 silly linkStuff http-signature@1.2.0 has D:\software\CodeLibrary\es-vue-project\node_modules as its parent node_modules
1303 silly build request@2.88.2
1304 info linkStuff request@2.88.2
1305 silly linkStuff request@2.88.2 has D:\software\CodeLibrary\es-vue-project\node_modules as its parent node_modules
1306 silly build yauzl@2.10.0
1307 info linkStuff yauzl@2.10.0
1308 silly linkStuff yauzl@2.10.0 has D:\software\CodeLibrary\es-vue-project\node_modules as its parent node_modules
1309 silly build extract-zip@1.7.0
1310 info linkStuff extract-zip@1.7.0
1311 silly linkStuff extract-zip@1.7.0 has D:\software\CodeLibrary\es-vue-project\node_modules as its parent node_modules
1312 verbose linkBins [
1312 verbose linkBins   { 'extract-zip': 'cli.js' },
1312 verbose linkBins   'D:\\software\\CodeLibrary\\es-vue-project\\node_modules\\.bin',
1312 verbose linkBins   false
1312 verbose linkBins ]
1313 silly build phantomjs-prebuilt@2.1.16
1314 info linkStuff phantomjs-prebuilt@2.1.16
1315 silly linkStuff phantomjs-prebuilt@2.1.16 has D:\software\CodeLibrary\es-vue-project\node_modules as its parent node_modules
1316 verbose linkBins [
1316 verbose linkBins   { phantomjs: 'bin/phantomjs' },
1316 verbose linkBins   'D:\\software\\CodeLibrary\\es-vue-project\\node_modules\\.bin',
1316 verbose linkBins   false
1316 verbose linkBins ]
1317 silly build karma-phantomjs-launcher@1.0.4
1318 info linkStuff karma-phantomjs-launcher@1.0.4
1319 silly linkStuff karma-phantomjs-launcher@1.0.4 has D:\software\CodeLibrary\es-vue-project\node_modules as its parent node_modules
1320 timing action:build Completed in 37ms
1321 silly doSerial global-link 448
1322 silly doParallel update-linked 0
1323 silly doSerial install 448
1324 silly install asn1@0.2.6
1325 info lifecycle asn1@0.2.6~install: asn1@0.2.6
1326 silly install assert-plus@1.0.0
1327 info lifecycle assert-plus@1.0.0~install: assert-plus@1.0.0
1328 silly install asynckit@0.4.0
1329 info lifecycle asynckit@0.4.0~install: asynckit@0.4.0
1330 silly install aws-sign2@0.7.0
1331 info lifecycle aws-sign2@0.7.0~install: aws-sign2@0.7.0
1332 silly install aws4@1.12.0
1333 info lifecycle aws4@1.12.0~install: aws4@1.12.0
1334 silly install buffer-crc32@0.2.13
1335 info lifecycle buffer-crc32@0.2.13~install: buffer-crc32@0.2.13
1336 silly install caseless@0.12.0
1337 info lifecycle caseless@0.12.0~install: caseless@0.12.0
1338 silly install dashdash@1.14.1
1339 info lifecycle dashdash@1.14.1~install: dashdash@1.14.1
1340 silly install delayed-stream@1.0.0
1341 info lifecycle delayed-stream@1.0.0~install: delayed-stream@1.0.0
1342 silly install combined-stream@1.0.8
1343 info lifecycle combined-stream@1.0.8~install: combined-stream@1.0.8
1344 silly install es6-promise@4.2.8
1345 info lifecycle es6-promise@4.2.8~install: es6-promise@4.2.8
1346 silly install extsprintf@1.3.0
1347 info lifecycle extsprintf@1.3.0~install: extsprintf@1.3.0
1348 silly install forever-agent@0.6.1
1349 info lifecycle forever-agent@0.6.1~install: forever-agent@0.6.1
1350 silly install form-data@2.3.3
1351 info lifecycle form-data@2.3.3~install: form-data@2.3.3
1352 silly install getpass@0.1.7
1353 info lifecycle getpass@0.1.7~install: getpass@0.1.7
1354 silly install har-schema@2.0.0
1355 info lifecycle har-schema@2.0.0~install: har-schema@2.0.0
1356 silly install fast-deep-equal@3.1.3
1357 info lifecycle fast-deep-equal@3.1.3~install: fast-deep-equal@3.1.3
1358 silly install json-schema-traverse@0.4.1
1359 info lifecycle json-schema-traverse@0.4.1~install: json-schema-traverse@0.4.1
1360 silly install ajv@6.12.6
1361 info lifecycle ajv@6.12.6~install: ajv@6.12.6
1362 silly install har-validator@5.1.5
1363 info lifecycle har-validator@5.1.5~install: har-validator@5.1.5
1364 silly install hasha@2.2.0
1365 info lifecycle hasha@2.2.0~install: hasha@2.2.0
1366 silly install is-typedarray@1.0.0
1367 info lifecycle is-typedarray@1.0.0~install: is-typedarray@1.0.0
1368 silly install isstream@0.1.2
1369 info lifecycle isstream@0.1.2~install: isstream@0.1.2
1370 silly install jsbn@0.1.1
1371 info lifecycle jsbn@0.1.1~install: jsbn@0.1.1
1372 silly install ecc-jsbn@0.1.2
1373 info lifecycle ecc-jsbn@0.1.2~install: ecc-jsbn@0.1.2
1374 silly install json-schema@0.4.0
1375 info lifecycle json-schema@0.4.0~install: json-schema@0.4.0
1376 silly install json-stringify-safe@5.0.1
1377 info lifecycle json-stringify-safe@5.0.1~install: json-stringify-safe@5.0.1
1378 silly install jsonfile@2.4.0
1379 info lifecycle jsonfile@2.4.0~install: jsonfile@2.4.0
1380 silly install kew@0.7.0
1381 info lifecycle kew@0.7.0~install: kew@0.7.0
1382 silly install klaw@1.3.1
1383 info lifecycle klaw@1.3.1~install: klaw@1.3.1
1384 silly install fs-extra@1.0.0
1385 info lifecycle fs-extra@1.0.0~install: fs-extra@1.0.0
1386 silly install oauth-sign@0.9.0
1387 info lifecycle oauth-sign@0.9.0~install: oauth-sign@0.9.0
1388 silly install pend@1.2.0
1389 info lifecycle pend@1.2.0~install: pend@1.2.0
1390 silly install fd-slicer@1.1.0
1391 info lifecycle fd-slicer@1.1.0~install: fd-slicer@1.1.0
1392 silly install performance-now@2.1.0
1393 info lifecycle performance-now@2.1.0~install: performance-now@2.1.0
1394 silly install progress@1.1.8
1395 info lifecycle progress@1.1.8~install: progress@1.1.8
1396 silly install psl@1.9.0
1397 info lifecycle psl@1.9.0~install: psl@1.9.0
1398 silly install qs@6.5.3
1399 info lifecycle qs@6.5.3~install: qs@6.5.3
1400 silly install throttleit@1.0.0
1401 info lifecycle throttleit@1.0.0~install: throttleit@1.0.0
1402 silly install request-progress@2.0.1
1403 info lifecycle request-progress@2.0.1~install: request-progress@2.0.1
1404 silly install tough-cookie@2.5.0
1405 info lifecycle tough-cookie@2.5.0~install: tough-cookie@2.5.0
1406 silly install tunnel-agent@0.6.0
1407 info lifecycle tunnel-agent@0.6.0~install: tunnel-agent@0.6.0
1408 silly install tweetnacl@0.14.5
1409 info lifecycle tweetnacl@0.14.5~install: tweetnacl@0.14.5
1410 silly install bcrypt-pbkdf@1.0.2
1411 info lifecycle bcrypt-pbkdf@1.0.2~install: bcrypt-pbkdf@1.0.2
1412 silly install sshpk@1.17.0
1413 info lifecycle sshpk@1.17.0~install: sshpk@1.17.0
1414 silly install core-util-is@1.0.2
1415 info lifecycle core-util-is@1.0.2~install: core-util-is@1.0.2
1416 silly install verror@1.10.0
1417 info lifecycle verror@1.10.0~install: verror@1.10.0
1418 silly install jsprim@1.4.2
1419 info lifecycle jsprim@1.4.2~install: jsprim@1.4.2
1420 silly install http-signature@1.2.0
1421 info lifecycle http-signature@1.2.0~install: http-signature@1.2.0
1422 silly install request@2.88.2
1423 info lifecycle request@2.88.2~install: request@2.88.2
1424 silly install yauzl@2.10.0
1425 info lifecycle yauzl@2.10.0~install: yauzl@2.10.0
1426 silly install extract-zip@1.7.0
1427 info lifecycle extract-zip@1.7.0~install: extract-zip@1.7.0
1428 silly install phantomjs-prebuilt@2.1.16
1429 info lifecycle phantomjs-prebuilt@2.1.16~install: phantomjs-prebuilt@2.1.16
1430 verbose lifecycle phantomjs-prebuilt@2.1.16~install: unsafe-perm in lifecycle true
1431 verbose lifecycle phantomjs-prebuilt@2.1.16~install: PATH: D:\software\development\node_modules\npm\node_modules\npm-lifecycle\node-gyp-bin;D:\software\CodeLibrary\es-vue-project\node_modules\phantomjs-prebuilt\node_modules\.bin;D:\software\CodeLibrary\es-vue-project\node_modules\.bin;D:\software\Git\mingw64\bin;D:\software\Git\usr\bin;C:\Users\jiami\bin;D:\software\CodeLibrary\es-vue-project\node_modules\.bin;C:\program files (x86)\common files\oracle\java\javapath;C:\windows\system32;C:\windows;C:\windows\system32\wbem;C:\windows\system32\windowspowershell\v1.0;C:\windows\system32\openssh;D:\software\apache-maven-3.8.4-bin\apache-maven-3.8.4\bin;C:\program files\java\jdk1.8.0_333\bin;D:\software\apache-tomcat-8.5.81-windows-x64\apache-tomcat-8.5.81\lib;D:\software\apache-tomcat-8.5.81-windows-x64\apache-tomcat-8.5.81\bin;D:\software\apache-tomcat-8.5.81-windows-x64\apache-tomcat-8.5.81\lib\servlet-api.jar;D:\software\git\cmd;C:\program files\mysql\mysql server 8.0\bin;D:\software\development\node_global\node_modules;D:\software\development;C:\program files\dotnet;D:\software\environment\xshell;D:\software\environment\xftp;C:\Program Files (x86)\NVIDIA Corporation\PhysX\Common;C:\Program Files\MySQL\MySQL Shell 8.0\bin;C:\Users\jiami\AppData\Local\Microsoft\WindowsApps;C:\Users\jiami\AppData\Local\Programs\Microsoft VS Code\bin;D:\software\Microsoft VS Code\bin;D:\software\development\node_global;C:\Users\jiami\AppData\Roaming\npm
1432 verbose lifecycle phantomjs-prebuilt@2.1.16~install: CWD: D:\software\CodeLibrary\es-vue-project\node_modules\phantomjs-prebuilt
1433 silly lifecycle phantomjs-prebuilt@2.1.16~install: Args: [ '/d /s /c', 'node install.js' ]
1434 silly lifecycle phantomjs-prebuilt@2.1.16~install: Returned: code: 1  signal: null
1435 info lifecycle phantomjs-prebuilt@2.1.16~install: Failed to exec install script
1436 timing action:install Completed in 781ms
1437 verbose unlock done using D:\software\CodeLibrary\es-vue-project\software\development\Nodejs\node_cache\_locks\staging-dce884d4f5892ddb.lock for D:\software\CodeLibrary\es-vue-project\node_modules\.staging
1438 timing stage:rollbackFailedOptional Completed in 346ms
1439 timing stage:runTopLevelLifecycles Completed in 9621ms
1440 silly saveTree es-vue-project@1.0.0
1440 silly saveTree +-- autoprefixer@7.2.6
1440 silly saveTree | +-- browserslist@2.11.3
1440 silly saveTree | | +-- caniuse-lite@1.0.30001481
1440 silly saveTree | | `-- electron-to-chromium@1.4.371
1440 silly saveTree | +-- caniuse-lite@1.0.30001481
1440 silly saveTree | +-- normalize-range@0.1.2
1440 silly saveTree | +-- num2fraction@1.2.2
1440 silly saveTree | +-- postcss-value-parser@3.3.1
1440 silly saveTree | `-- postcss@6.0.23
1440 silly saveTree |   +-- chalk@2.4.2
1440 silly saveTree |   | +-- ansi-styles@3.2.1
1440 silly saveTree |   | | `-- color-convert@1.9.3
1440 silly saveTree |   | |   `-- color-name@1.1.3
1440 silly saveTree |   | +-- escape-string-regexp@1.0.5
1440 silly saveTree |   | `-- supports-color@5.5.0
1440 silly saveTree |   |   `-- has-flag@3.0.0
1440 silly saveTree |   +-- source-map@0.6.1
1440 silly saveTree |   `-- supports-color@5.5.0
1440 silly saveTree +-- axios@0.25.0
1440 silly saveTree | `-- follow-redirects@1.15.2
1440 silly saveTree +-- babel-core@6.26.3
1440 silly saveTree | +-- babel-code-frame@6.26.0
1440 silly saveTree | | +-- chalk@1.1.3
1440 silly saveTree | | | +-- ansi-styles@2.2.1
1440 silly saveTree | | | +-- has-ansi@2.0.0
1440 silly saveTree | | | | `-- ansi-regex@2.1.1
1440 silly saveTree | | | +-- strip-ansi@3.0.1
1440 silly saveTree | | | `-- supports-color@2.0.0
1440 silly saveTree | | +-- esutils@2.0.3
1440 silly saveTree | | `-- js-tokens@3.0.2
1440 silly saveTree | +-- babel-generator@6.26.1
1440 silly saveTree | | +-- babel-messages@6.23.0
1440 silly saveTree | | | `-- babel-runtime@6.26.0
1440 silly saveTree | | |   +-- core-js@2.6.12
1440 silly saveTree | | |   `-- regenerator-runtime@0.11.1
1440 silly saveTree | | +-- babel-runtime@6.26.0
1440 silly saveTree | | +-- babel-types@6.26.0
1440 silly saveTree | | | +-- lodash@4.17.21
1440 silly saveTree | | | `-- to-fast-properties@1.0.3
1440 silly saveTree | | +-- detect-indent@4.0.0
1440 silly saveTree | | | `-- repeating@2.0.1
1440 silly saveTree | | |   `-- is-finite@1.1.0
1440 silly saveTree | | +-- jsesc@1.3.0
1440 silly saveTree | | +-- lodash@4.17.21
1440 silly saveTree | | +-- source-map@0.5.7
1440 silly saveTree | | `-- trim-right@1.0.1
1440 silly saveTree | +-- babel-helpers@6.24.1
1440 silly saveTree | | `-- babel-template@6.26.0
1440 silly saveTree | |   +-- babel-traverse@6.26.0
1440 silly saveTree | |   | +-- babylon@6.18.0
1440 silly saveTree | |   | +-- debug@2.6.9
1440 silly saveTree | |   | | `-- ms@2.0.0
1440 silly saveTree | |   | +-- globals@9.18.0
1440 silly saveTree | |   | `-- invariant@2.2.4
1440 silly saveTree | |   |   `-- loose-envify@1.4.0
1440 silly saveTree | |   `-- babylon@6.18.0
1440 silly saveTree | +-- babel-messages@6.23.0
1440 silly saveTree | +-- babel-register@6.26.0
1440 silly saveTree | | +-- home-or-tmp@2.0.0
1440 silly saveTree | | | +-- os-homedir@1.0.2
1440 silly saveTree | | | `-- os-tmpdir@1.0.2
1440 silly saveTree | | +-- mkdirp@0.5.6
1440 silly saveTree | | | `-- minimist@1.2.8
1440 silly saveTree | | `-- source-map-support@0.4.18
1440 silly saveTree | |   `-- source-map@0.5.7
1440 silly saveTree | +-- babel-runtime@6.26.0
1440 silly saveTree | +-- babel-template@6.26.0
1440 silly saveTree | +-- babel-traverse@6.26.0
1440 silly saveTree | +-- babel-types@6.26.0
1440 silly saveTree | +-- babylon@6.18.0
1440 silly saveTree | +-- convert-source-map@1.9.0
1440 silly saveTree | +-- debug@2.6.9
1440 silly saveTree | +-- json5@0.5.1
1440 silly saveTree | +-- lodash@4.17.21
1440 silly saveTree | +-- minimatch@3.1.2
1440 silly saveTree | | `-- brace-expansion@1.1.11
1440 silly saveTree | |   +-- balanced-match@1.0.2
1440 silly saveTree | |   `-- concat-map@0.0.1
1440 silly saveTree | +-- path-is-absolute@1.0.1
1440 silly saveTree | +-- private@0.1.8
1440 silly saveTree | +-- slash@1.0.0
1440 silly saveTree | `-- source-map@0.5.7
1440 silly saveTree +-- babel-eslint@8.2.6
1440 silly saveTree | +-- @babel/code-frame@7.0.0-beta.44
1440 silly saveTree | | `-- @babel/highlight@7.0.0-beta.44
1440 silly saveTree | +-- @babel/traverse@7.0.0-beta.44
1440 silly saveTree | | +-- @babel/generator@7.0.0-beta.44
1440 silly saveTree | | | +-- @babel/types@7.0.0-beta.44
1440 silly saveTree | | | | `-- to-fast-properties@2.0.0
1440 silly saveTree | | | +-- jsesc@2.5.2
1440 silly saveTree | | | `-- source-map@0.5.7
1440 silly saveTree | | +-- @babel/helper-function-name@7.0.0-beta.44
1440 silly saveTree | | | +-- @babel/helper-get-function-arity@7.0.0-beta.44
1440 silly saveTree | | | `-- @babel/template@7.0.0-beta.44
1440 silly saveTree | | |   `-- babylon@7.0.0-beta.44
1440 silly saveTree | | +-- @babel/helper-split-export-declaration@7.0.0-beta.44
1440 silly saveTree | | +-- @babel/types@7.0.0-beta.44
1440 silly saveTree | | +-- babylon@7.0.0-beta.44
1440 silly saveTree | | +-- debug@3.2.7
1440 silly saveTree | | | `-- ms@2.1.3
1440 silly saveTree | | `-- globals@11.12.0
1440 silly saveTree | +-- @babel/types@7.0.0-beta.44
1440 silly saveTree | +-- babylon@7.0.0-beta.44
1440 silly saveTree | +-- eslint-scope@3.7.1
1440 silly saveTree | | +-- esrecurse@4.3.0
1440 silly saveTree | | | `-- estraverse@5.3.0
1440 silly saveTree | | `-- estraverse@4.3.0
1440 silly saveTree | `-- eslint-visitor-keys@1.3.0
1440 silly saveTree +-- babel-helper-vue-jsx-merge-props@2.0.3
1440 silly saveTree +-- babel-loader@7.1.5
1440 silly saveTree | +-- find-cache-dir@1.0.0
1440 silly saveTree | | +-- commondir@1.0.1
1440 silly saveTree | | +-- make-dir@1.3.0
1440 silly saveTree | | | `-- pify@3.0.0
1440 silly saveTree | | `-- pkg-dir@2.0.0
1440 silly saveTree | |   `-- find-up@2.1.0
1440 silly saveTree | |     `-- locate-path@2.0.0
1440 silly saveTree | |       +-- p-locate@2.0.0
1440 silly saveTree | |       | `-- p-limit@1.3.0
1440 silly saveTree | |       |   `-- p-try@1.0.0
1440 silly saveTree | |       `-- path-exists@3.0.0
1440 silly saveTree | `-- loader-utils@1.4.2
1440 silly saveTree |   +-- big.js@5.2.2
1440 silly saveTree |   +-- emojis-list@3.0.0
1440 silly saveTree |   `-- json5@1.0.2
1440 silly saveTree +-- babel-plugin-istanbul@4.1.6
1440 silly saveTree | +-- babel-plugin-syntax-object-rest-spread@6.13.0
1440 silly saveTree | +-- istanbul-lib-instrument@1.10.2
1440 silly saveTree | | +-- istanbul-lib-coverage@1.2.1
1440 silly saveTree | | `-- semver@5.7.1
1440 silly saveTree | `-- test-exclude@4.2.3
1440 silly saveTree |   +-- arrify@1.0.1
1440 silly saveTree |   +-- micromatch@2.3.11
1440 silly saveTree |   | +-- arr-diff@2.0.0
1440 silly saveTree |   | | `-- arr-flatten@1.1.0
1440 silly saveTree |   | +-- array-unique@0.2.1
1440 silly saveTree |   | +-- braces@1.8.5
1440 silly saveTree |   | | +-- expand-range@1.8.2
1440 silly saveTree |   | | | `-- fill-range@2.2.4
1440 silly saveTree |   | | |   +-- is-number@2.1.0
1440 silly saveTree |   | | |   | `-- kind-of@3.2.2
1440 silly saveTree |   | | |   |   `-- is-buffer@1.1.6
1440 silly saveTree |   | | |   +-- isobject@2.1.0
1440 silly saveTree |   | | |   | `-- isarray@1.0.0
1440 silly saveTree |   | | |   +-- randomatic@3.1.1
1440 silly saveTree |   | | |   | +-- is-number@4.0.0
1440 silly saveTree |   | | |   | +-- kind-of@6.0.3
1440 silly saveTree |   | | |   | `-- math-random@1.0.4
1440 silly saveTree |   | | |   +-- repeat-element@1.1.4
1440 silly saveTree |   | | |   `-- repeat-string@1.6.1
1440 silly saveTree |   | | +-- preserve@0.2.0
1440 silly saveTree |   | | `-- repeat-element@1.1.4
1440 silly saveTree |   | +-- expand-brackets@0.1.5
1440 silly saveTree |   | | `-- is-posix-bracket@0.1.1
1440 silly saveTree |   | +-- extglob@0.3.2
1440 silly saveTree |   | | `-- is-extglob@1.0.0
1440 silly saveTree |   | +-- filename-regex@2.0.1
1440 silly saveTree |   | +-- is-extglob@1.0.0
1440 silly saveTree |   | +-- is-glob@2.0.1
1440 silly saveTree |   | +-- kind-of@3.2.2
1440 silly saveTree |   | +-- normalize-path@2.1.1
1440 silly saveTree |   | | `-- remove-trailing-separator@1.1.0
1440 silly saveTree |   | +-- object.omit@2.0.1
1440 silly saveTree |   | | +-- for-own@0.1.5
1440 silly saveTree |   | | | `-- for-in@1.0.2
1440 silly saveTree |   | | `-- is-extendable@0.1.1
1440 silly saveTree |   | +-- parse-glob@3.0.4
1440 silly saveTree |   | | +-- glob-base@0.3.0
1440 silly saveTree |   | | | `-- glob-parent@2.0.0
1440 silly saveTree |   | | `-- is-dotfile@1.0.3
1440 silly saveTree |   | `-- regex-cache@0.4.4
1440 silly saveTree |   |   `-- is-equal-shallow@0.1.3
1440 silly saveTree |   |     `-- is-primitive@2.0.0
1440 silly saveTree |   +-- object-assign@4.1.1
1440 silly saveTree |   +-- read-pkg-up@1.0.1
1440 silly saveTree |   | +-- find-up@1.1.2
1440 silly saveTree |   | | +-- path-exists@2.1.0
1440 silly saveTree |   | | | `-- pinkie-promise@2.0.1
1440 silly saveTree |   | | |   `-- pinkie@2.0.4
1440 silly saveTree |   | | `-- pinkie-promise@2.0.1
1440 silly saveTree |   | `-- read-pkg@1.1.0
1440 silly saveTree |   |   +-- load-json-file@1.1.0
1440 silly saveTree |   |   | +-- graceful-fs@4.2.11
1440 silly saveTree |   |   | +-- parse-json@2.2.0
1440 silly saveTree |   |   | | `-- error-ex@1.3.2
1440 silly saveTree |   |   | |   `-- is-arrayish@0.2.1
1440 silly saveTree |   |   | +-- pify@2.3.0
1440 silly saveTree |   |   | `-- strip-bom@2.0.0
1440 silly saveTree |   |   |   `-- is-utf8@0.2.1
1440 silly saveTree |   |   +-- normalize-package-data@2.5.0
1440 silly saveTree |   |   | +-- hosted-git-info@2.8.9
1440 silly saveTree |   |   | +-- resolve@1.22.2
1440 silly saveTree |   |   | | +-- is-core-module@2.12.0
1440 silly saveTree |   |   | | | `-- has@1.0.3
1440 silly saveTree |   |   | | |   `-- function-bind@1.1.1
1440 silly saveTree |   |   | | +-- path-parse@1.0.7
1440 silly saveTree |   |   | | `-- supports-preserve-symlinks-flag@1.0.0
1440 silly saveTree |   |   | `-- validate-npm-package-license@3.0.4
1440 silly saveTree |   |   |   +-- spdx-correct@3.2.0
1440 silly saveTree |   |   |   | +-- spdx-expression-parse@3.0.1
1440 silly saveTree |   |   |   | | +-- spdx-exceptions@2.3.0
1440 silly saveTree |   |   |   | | `-- spdx-license-ids@3.0.13
1440 silly saveTree |   |   |   | `-- spdx-license-ids@3.0.13
1440 silly saveTree |   |   |   `-- spdx-expression-parse@3.0.1
1440 silly saveTree |   |   `-- path-type@1.1.0
1440 silly saveTree |   |     `-- pify@2.3.0
1440 silly saveTree |   `-- require-main-filename@1.0.1
1440 silly saveTree +-- babel-plugin-syntax-jsx@6.18.0
1440 silly saveTree +-- babel-plugin-transform-runtime@6.23.0
1440 silly saveTree +-- babel-plugin-transform-vue-jsx@3.7.0
1440 silly saveTree +-- babel-preset-env@1.7.0
1440 silly saveTree | +-- babel-plugin-check-es2015-constants@6.22.0
1440 silly saveTree | +-- babel-plugin-syntax-trailing-function-commas@6.22.0
1440 silly saveTree | +-- babel-plugin-transform-async-to-generator@6.24.1
1440 silly saveTree | | +-- babel-helper-remap-async-to-generator@6.24.1
1440 silly saveTree | | | `-- babel-helper-function-name@6.24.1
1440 silly saveTree | | |   `-- babel-helper-get-function-arity@6.24.1
1440 silly saveTree | | `-- babel-plugin-syntax-async-functions@6.13.0
1440 silly saveTree | +-- babel-plugin-transform-es2015-arrow-functions@6.22.0
1440 silly saveTree | +-- babel-plugin-transform-es2015-block-scoped-functions@6.22.0
1440 silly saveTree | +-- babel-plugin-transform-es2015-block-scoping@6.26.0
1440 silly saveTree | +-- babel-plugin-transform-es2015-classes@6.24.1
1440 silly saveTree | | +-- babel-helper-define-map@6.26.0
1440 silly saveTree | | +-- babel-helper-optimise-call-expression@6.24.1
1440 silly saveTree | | `-- babel-helper-replace-supers@6.24.1
1440 silly saveTree | +-- babel-plugin-transform-es2015-computed-properties@6.24.1
1440 silly saveTree | +-- babel-plugin-transform-es2015-destructuring@6.23.0
1440 silly saveTree | +-- babel-plugin-transform-es2015-duplicate-keys@6.24.1
1440 silly saveTree | +-- babel-plugin-transform-es2015-for-of@6.23.0
1440 silly saveTree | +-- babel-plugin-transform-es2015-function-name@6.24.1
1440 silly saveTree | +-- babel-plugin-transform-es2015-literals@6.22.0
1440 silly saveTree | +-- babel-plugin-transform-es2015-modules-amd@6.24.1
1440 silly saveTree | | `-- babel-plugin-transform-es2015-modules-commonjs@6.26.2
1440 silly saveTree | |   `-- babel-plugin-transform-strict-mode@6.24.1
1440 silly saveTree | +-- babel-plugin-transform-es2015-modules-commonjs@6.26.2
1440 silly saveTree | +-- babel-plugin-transform-es2015-modules-systemjs@6.24.1
1440 silly saveTree | | `-- babel-helper-hoist-variables@6.24.1
1440 silly saveTree | +-- babel-plugin-transform-es2015-modules-umd@6.24.1
1440 silly saveTree | +-- babel-plugin-transform-es2015-object-super@6.24.1
1440 silly saveTree | +-- babel-plugin-transform-es2015-parameters@6.24.1
1440 silly saveTree | | `-- babel-helper-call-delegate@6.24.1
1440 silly saveTree | +-- babel-plugin-transform-es2015-shorthand-properties@6.24.1
1440 silly saveTree | +-- babel-plugin-transform-es2015-spread@6.22.0
1440 silly saveTree | +-- babel-plugin-transform-es2015-sticky-regex@6.24.1
1440 silly saveTree | | `-- babel-helper-regex@6.26.0
1440 silly saveTree | +-- babel-plugin-transform-es2015-template-literals@6.22.0
1440 silly saveTree | +-- babel-plugin-transform-es2015-typeof-symbol@6.23.0
1440 silly saveTree | +-- babel-plugin-transform-es2015-unicode-regex@6.24.1
1440 silly saveTree | | `-- regexpu-core@2.0.0
1440 silly saveTree | |   +-- regenerate@1.4.2
1440 silly saveTree | |   +-- regjsgen@0.2.0
1440 silly saveTree | |   `-- regjsparser@0.1.5
1440 silly saveTree | |     `-- jsesc@0.5.0
1440 silly saveTree | +-- babel-plugin-transform-exponentiation-operator@6.24.1
1440 silly saveTree | | +-- babel-helper-builder-binary-assignment-operator-visitor@6.24.1
1440 silly saveTree | | | `-- babel-helper-explode-assignable-expression@6.24.1
1440 silly saveTree | | `-- babel-plugin-syntax-exponentiation-operator@6.13.0
1440 silly saveTree | +-- babel-plugin-transform-regenerator@6.26.0
1440 silly saveTree | | `-- regenerator-transform@0.10.1
1440 silly saveTree | `-- browserslist@3.2.8
1440 silly saveTree +-- babel-preset-stage-2@6.24.1
1440 silly saveTree | +-- babel-plugin-syntax-dynamic-import@6.18.0
1440 silly saveTree | +-- babel-plugin-transform-class-properties@6.24.1
1440 silly saveTree | | `-- babel-plugin-syntax-class-properties@6.13.0
1440 silly saveTree | +-- babel-plugin-transform-decorators@6.24.1
1440 silly saveTree | | +-- babel-helper-explode-class@6.24.1
1440 silly saveTree | | | `-- babel-helper-bindify-decorators@6.24.1
1440 silly saveTree | | `-- babel-plugin-syntax-decorators@6.13.0
1440 silly saveTree | `-- babel-preset-stage-3@6.24.1
1440 silly saveTree |   +-- babel-plugin-transform-async-generator-functions@6.24.1
1440 silly saveTree |   | `-- babel-plugin-syntax-async-generators@6.13.0
1440 silly saveTree |   `-- babel-plugin-transform-object-rest-spread@6.26.0
1440 silly saveTree +-- chai@4.3.7
1440 silly saveTree | +-- assertion-error@1.1.0
1440 silly saveTree | +-- check-error@1.0.2
1440 silly saveTree | +-- deep-eql@4.1.3
1440 silly saveTree | | `-- type-detect@4.0.8
1440 silly saveTree | +-- get-func-name@2.0.0
1440 silly saveTree | +-- loupe@2.3.6
1440 silly saveTree | +-- pathval@1.1.1
1440 silly saveTree | `-- type-detect@4.0.8
1440 silly saveTree +-- chalk@2.4.2
1440 silly saveTree +-- copy-webpack-plugin@4.6.0
1440 silly saveTree | +-- cacache@10.0.4
1440 silly saveTree | | +-- bluebird@3.7.2
1440 silly saveTree | | +-- chownr@1.1.4
1440 silly saveTree | | +-- glob@7.2.3
1440 silly saveTree | | | +-- fs.realpath@1.0.0
1440 silly saveTree | | | +-- inflight@1.0.6
1440 silly saveTree | | | | +-- once@1.4.0
1440 silly saveTree | | | | | `-- wrappy@1.0.2
1440 silly saveTree | | | | `-- wrappy@1.0.2
1440 silly saveTree | | | +-- inherits@2.0.4
1440 silly saveTree | | | `-- once@1.4.0
1440 silly saveTree | | +-- lru-cache@4.1.5
1440 silly saveTree | | | +-- pseudomap@1.0.2
1440 silly saveTree | | | `-- yallist@2.1.2
1440 silly saveTree | | +-- mississippi@2.0.0
1440 silly saveTree | | | +-- concat-stream@1.6.2
1440 silly saveTree | | | | +-- buffer-from@1.1.2
1440 silly saveTree | | | | +-- readable-stream@2.3.8
1440 silly saveTree | | | | | +-- core-util-is@1.0.3
1440 silly saveTree | | | | | +-- process-nextick-args@2.0.1
1440 silly saveTree | | | | | +-- safe-buffer@5.1.2
1440 silly saveTree | | | | | +-- string_decoder@1.1.1
1440 silly saveTree | | | | | `-- util-deprecate@1.0.2
1440 silly saveTree | | | | `-- typedarray@0.0.6
1440 silly saveTree | | | +-- duplexify@3.7.1
1440 silly saveTree | | | | +-- end-of-stream@1.4.4
1440 silly saveTree | | | | `-- stream-shift@1.0.1
1440 silly saveTree | | | +-- end-of-stream@1.4.4
1440 silly saveTree | | | +-- flush-write-stream@1.1.1
1440 silly saveTree | | | +-- from2@2.3.0
1440 silly saveTree | | | +-- parallel-transform@1.2.0
1440 silly saveTree | | | | `-- cyclist@1.0.1
1440 silly saveTree | | | +-- pump@2.0.1
1440 silly saveTree | | | +-- pumpify@1.5.1
1440 silly saveTree | | | +-- stream-each@1.2.3
1440 silly saveTree | | | `-- through2@2.0.5
1440 silly saveTree | | |   `-- xtend@4.0.2
1440 silly saveTree | | +-- move-concurrently@1.0.1
1440 silly saveTree | | | +-- aproba@1.2.0
1440 silly saveTree | | | +-- copy-concurrently@1.0.5
1440 silly saveTree | | | | +-- fs-write-stream-atomic@1.0.10
1440 silly saveTree | | | | | +-- iferr@0.1.5
1440 silly saveTree | | | | | `-- imurmurhash@0.1.4
1440 silly saveTree | | | | +-- iferr@0.1.5
1440 silly saveTree | | | | +-- rimraf@2.7.1
1440 silly saveTree | | | | `-- run-queue@1.0.3
1440 silly saveTree | | | +-- fs-write-stream-atomic@1.0.10
1440 silly saveTree | | | +-- rimraf@2.7.1
1440 silly saveTree | | | `-- run-queue@1.0.3
1440 silly saveTree | | +-- promise-inflight@1.0.1
1440 silly saveTree | | +-- rimraf@2.7.1
1440 silly saveTree | | +-- ssri@5.3.0
1440 silly saveTree | | +-- unique-filename@1.1.1
1440 silly saveTree | | | `-- unique-slug@2.0.2
1440 silly saveTree | | `-- y18n@4.0.3
1440 silly saveTree | +-- globby@7.1.1
1440 silly saveTree | | +-- array-union@1.0.2
1440 silly saveTree | | | `-- array-uniq@1.0.3
1440 silly saveTree | | +-- dir-glob@2.2.2
1440 silly saveTree | | | `-- path-type@3.0.0
1440 silly saveTree | | `-- ignore@3.3.10
1440 silly saveTree | +-- is-glob@4.0.3
1440 silly saveTree | | `-- is-extglob@2.1.1
1440 silly saveTree | `-- serialize-javascript@1.9.1
1440 silly saveTree +-- cross-env@5.2.1
1440 silly saveTree | `-- cross-spawn@6.0.5
1440 silly saveTree |   +-- nice-try@1.0.5
1440 silly saveTree |   +-- path-key@2.0.1
1440 silly saveTree |   +-- shebang-command@1.2.0
1440 silly saveTree |   | `-- shebang-regex@1.0.0
1440 silly saveTree |   `-- which@1.3.1
1440 silly saveTree |     `-- isexe@2.0.0
1440 silly saveTree +-- css-loader@0.28.11
1440 silly saveTree | +-- css-selector-tokenizer@0.7.3
1440 silly saveTree | | +-- cssesc@3.0.0
1440 silly saveTree | | `-- fastparse@1.1.2
1440 silly saveTree | +-- cssnano@3.10.0
1440 silly saveTree | | +-- autoprefixer@6.7.7
1440 silly saveTree | | | +-- browserslist@1.7.7
1440 silly saveTree | | | | `-- caniuse-db@1.0.30001481
1440 silly saveTree | | | +-- caniuse-db@1.0.30001481
1440 silly saveTree | | | `-- postcss@5.2.18
1440 silly saveTree | | |   +-- chalk@1.1.3
1440 silly saveTree | | |   | +-- ansi-styles@2.2.1
1440 silly saveTree | | |   | `-- supports-color@2.0.0
1440 silly saveTree | | |   +-- js-base64@2.6.4
1440 silly saveTree | | |   +-- source-map@0.5.7
1440 silly saveTree | | |   `-- supports-color@3.2.3
1440 silly saveTree | | |     `-- has-flag@1.0.0
1440 silly saveTree | | +-- decamelize@1.2.0
1440 silly saveTree | | +-- defined@1.0.1
1440 silly saveTree | | +-- postcss-calc@5.3.1
1440 silly saveTree | | | +-- postcss-message-helpers@2.0.0
1440 silly saveTree | | | +-- postcss@5.2.18
1440 silly saveTree | | | | +-- chalk@1.1.3
1440 silly saveTree | | | | | +-- ansi-styles@2.2.1
1440 silly saveTree | | | | | `-- supports-color@2.0.0
1440 silly saveTree | | | | +-- source-map@0.5.7
1440 silly saveTree | | | | `-- supports-color@3.2.3
1440 silly saveTree | | | |   `-- has-flag@1.0.0
1440 silly saveTree | | | `-- reduce-css-calc@1.3.0
1440 silly saveTree | | |   +-- balanced-match@0.4.2
1440 silly saveTree | | |   +-- math-expression-evaluator@1.4.0
1440 silly saveTree | | |   `-- reduce-function-call@1.0.3
1440 silly saveTree | | +-- postcss-colormin@2.2.2
1440 silly saveTree | | | +-- colormin@1.1.2
1440 silly saveTree | | | | +-- color@0.11.4
1440 silly saveTree | | | | | +-- clone@1.0.4
1440 silly saveTree | | | | | `-- color-string@0.3.0
1440 silly saveTree | | | | `-- css-color-names@0.0.4
1440 silly saveTree | | | `-- postcss@5.2.18
1440 silly saveTree | | |   +-- chalk@1.1.3
1440 silly saveTree | | |   | +-- ansi-styles@2.2.1
1440 silly saveTree | | |   | `-- supports-color@2.0.0
1440 silly saveTree | | |   +-- source-map@0.5.7
1440 silly saveTree | | |   `-- supports-color@3.2.3
1440 silly saveTree | | |     `-- has-flag@1.0.0
1440 silly saveTree | | +-- postcss-convert-values@2.6.1
1440 silly saveTree | | | `-- postcss@5.2.18
1440 silly saveTree | | |   +-- chalk@1.1.3
1440 silly saveTree | | |   | +-- ansi-styles@2.2.1
1440 silly saveTree | | |   | `-- supports-color@2.0.0
1440 silly saveTree | | |   +-- source-map@0.5.7
1440 silly saveTree | | |   `-- supports-color@3.2.3
1440 silly saveTree | | |     `-- has-flag@1.0.0
1440 silly saveTree | | +-- postcss-discard-comments@2.0.4
1440 silly saveTree | | | `-- postcss@5.2.18
1440 silly saveTree | | |   +-- chalk@1.1.3
1440 silly saveTree | | |   | +-- ansi-styles@2.2.1
1440 silly saveTree | | |   | `-- supports-color@2.0.0
1440 silly saveTree | | |   +-- source-map@0.5.7
1440 silly saveTree | | |   `-- supports-color@3.2.3
1440 silly saveTree | | |     `-- has-flag@1.0.0
1440 silly saveTree | | +-- postcss-discard-duplicates@2.1.0
1440 silly saveTree | | | `-- postcss@5.2.18
1440 silly saveTree | | |   +-- chalk@1.1.3
1440 silly saveTree | | |   | +-- ansi-styles@2.2.1
1440 silly saveTree | | |   | `-- supports-color@2.0.0
1440 silly saveTree | | |   +-- source-map@0.5.7
1440 silly saveTree | | |   `-- supports-color@3.2.3
1440 silly saveTree | | |     `-- has-flag@1.0.0
1440 silly saveTree | | +-- postcss-discard-empty@2.1.0
1440 silly saveTree | | | `-- postcss@5.2.18
1440 silly saveTree | | |   +-- chalk@1.1.3
1440 silly saveTree | | |   | +-- ansi-styles@2.2.1
1440 silly saveTree | | |   | `-- supports-color@2.0.0
1440 silly saveTree | | |   +-- source-map@0.5.7
1440 silly saveTree | | |   `-- supports-color@3.2.3
1440 silly saveTree | | |     `-- has-flag@1.0.0
1440 silly saveTree | | +-- postcss-discard-overridden@0.1.1
1440 silly saveTree | | | `-- postcss@5.2.18
1440 silly saveTree | | |   +-- chalk@1.1.3
1440 silly saveTree | | |   | +-- ansi-styles@2.2.1
1440 silly saveTree | | |   | `-- supports-color@2.0.0
1440 silly saveTree | | |   +-- source-map@0.5.7
1440 silly saveTree | | |   `-- supports-color@3.2.3
1440 silly saveTree | | |     `-- has-flag@1.0.0
1440 silly saveTree | | +-- postcss-discard-unused@2.2.3
1440 silly saveTree | | | +-- postcss@5.2.18
1440 silly saveTree | | | | +-- chalk@1.1.3
1440 silly saveTree | | | | | +-- ansi-styles@2.2.1
1440 silly saveTree | | | | | `-- supports-color@2.0.0
1440 silly saveTree | | | | +-- source-map@0.5.7
1440 silly saveTree | | | | `-- supports-color@3.2.3
1440 silly saveTree | | | |   `-- has-flag@1.0.0
1440 silly saveTree | | | `-- uniqs@2.0.0
1440 silly saveTree | | +-- postcss-filter-plugins@2.0.3
1440 silly saveTree | | | `-- postcss@5.2.18
1440 silly saveTree | | |   +-- chalk@1.1.3
1440 silly saveTree | | |   | +-- ansi-styles@2.2.1
1440 silly saveTree | | |   | `-- supports-color@2.0.0
1440 silly saveTree | | |   +-- source-map@0.5.7
1440 silly saveTree | | |   `-- supports-color@3.2.3
1440 silly saveTree | | |     `-- has-flag@1.0.0
1440 silly saveTree | | +-- postcss-merge-idents@2.1.7
1440 silly saveTree | | | `-- postcss@5.2.18
1440 silly saveTree | | |   +-- chalk@1.1.3
1440 silly saveTree | | |   | +-- ansi-styles@2.2.1
1440 silly saveTree | | |   | `-- supports-color@2.0.0
1440 silly saveTree | | |   +-- source-map@0.5.7
1440 silly saveTree | | |   `-- supports-color@3.2.3
1440 silly saveTree | | |     `-- has-flag@1.0.0
1440 silly saveTree | | +-- postcss-merge-longhand@2.0.2
1440 silly saveTree | | | `-- postcss@5.2.18
1440 silly saveTree | | |   +-- chalk@1.1.3
1440 silly saveTree | | |   | +-- ansi-styles@2.2.1
1440 silly saveTree | | |   | `-- supports-color@2.0.0
1440 silly saveTree | | |   +-- source-map@0.5.7
1440 silly saveTree | | |   `-- supports-color@3.2.3
1440 silly saveTree | | |     `-- has-flag@1.0.0
1440 silly saveTree | | +-- postcss-merge-rules@2.1.2
1440 silly saveTree | | | +-- browserslist@1.7.7
1440 silly saveTree | | | +-- caniuse-api@1.6.1
1440 silly saveTree | | | | +-- browserslist@1.7.7
1440 silly saveTree | | | | +-- lodash.memoize@4.1.2
1440 silly saveTree | | | | `-- lodash.uniq@4.5.0
1440 silly saveTree | | | +-- postcss-selector-parser@2.2.3
1440 silly saveTree | | | | +-- flatten@1.0.3
1440 silly saveTree | | | | +-- indexes-of@1.0.1
1440 silly saveTree | | | | `-- uniq@1.0.1
1440 silly saveTree | | | +-- postcss@5.2.18
1440 silly saveTree | | | | +-- chalk@1.1.3
1440 silly saveTree | | | | | +-- ansi-styles@2.2.1
1440 silly saveTree | | | | | `-- supports-color@2.0.0
1440 silly saveTree | | | | +-- source-map@0.5.7
1440 silly saveTree | | | | `-- supports-color@3.2.3
1440 silly saveTree | | | |   `-- has-flag@1.0.0
1440 silly saveTree | | | `-- vendors@1.0.4
1440 silly saveTree | | +-- postcss-minify-font-values@1.0.5
1440 silly saveTree | | | `-- postcss@5.2.18
1440 silly saveTree | | |   +-- chalk@1.1.3
1440 silly saveTree | | |   | +-- ansi-styles@2.2.1
1440 silly saveTree | | |   | `-- supports-color@2.0.0
1440 silly saveTree | | |   +-- source-map@0.5.7
1440 silly saveTree | | |   `-- supports-color@3.2.3
1440 silly saveTree | | |     `-- has-flag@1.0.0
1440 silly saveTree | | +-- postcss-minify-gradients@1.0.5
1440 silly saveTree | | | `-- postcss@5.2.18
1440 silly saveTree | | |   +-- chalk@1.1.3
1440 silly saveTree | | |   | +-- ansi-styles@2.2.1
1440 silly saveTree | | |   | `-- supports-color@2.0.0
1440 silly saveTree | | |   +-- source-map@0.5.7
1440 silly saveTree | | |   `-- supports-color@3.2.3
1440 silly saveTree | | |     `-- has-flag@1.0.0
1440 silly saveTree | | +-- postcss-minify-params@1.2.2
1440 silly saveTree | | | +-- alphanum-sort@1.0.2
1440 silly saveTree | | | `-- postcss@5.2.18
1440 silly saveTree | | |   +-- chalk@1.1.3
1440 silly saveTree | | |   | +-- ansi-styles@2.2.1
1440 silly saveTree | | |   | `-- supports-color@2.0.0
1440 silly saveTree | | |   +-- source-map@0.5.7
1440 silly saveTree | | |   `-- supports-color@3.2.3
1440 silly saveTree | | |     `-- has-flag@1.0.0
1440 silly saveTree | | +-- postcss-minify-selectors@2.1.1
1440 silly saveTree | | | `-- postcss@5.2.18
1440 silly saveTree | | |   +-- chalk@1.1.3
1440 silly saveTree | | |   | +-- ansi-styles@2.2.1
1440 silly saveTree | | |   | `-- supports-color@2.0.0
1440 silly saveTree | | |   +-- source-map@0.5.7
1440 silly saveTree | | |   `-- supports-color@3.2.3
1440 silly saveTree | | |     `-- has-flag@1.0.0
1440 silly saveTree | | +-- postcss-normalize-charset@1.1.1
1440 silly saveTree | | | `-- postcss@5.2.18
1440 silly saveTree | | |   +-- chalk@1.1.3
1440 silly saveTree | | |   | +-- ansi-styles@2.2.1
1440 silly saveTree | | |   | `-- supports-color@2.0.0
1440 silly saveTree | | |   +-- source-map@0.5.7
1440 silly saveTree | | |   `-- supports-color@3.2.3
1440 silly saveTree | | |     `-- has-flag@1.0.0
1440 silly saveTree | | +-- postcss-normalize-url@3.0.8
1440 silly saveTree | | | +-- is-absolute-url@2.1.0
1440 silly saveTree | | | +-- normalize-url@1.9.1
1440 silly saveTree | | | | +-- prepend-http@1.0.4
1440 silly saveTree | | | | +-- query-string@4.3.4
1440 silly saveTree | | | | | `-- strict-uri-encode@1.1.0
1440 silly saveTree | | | | `-- sort-keys@1.1.2
1440 silly saveTree | | | |   `-- is-plain-obj@1.1.0
1440 silly saveTree | | | `-- postcss@5.2.18
1440 silly saveTree | | |   +-- chalk@1.1.3
1440 silly saveTree | | |   | +-- ansi-styles@2.2.1
1440 silly saveTree | | |   | `-- supports-color@2.0.0
1440 silly saveTree | | |   +-- source-map@0.5.7
1440 silly saveTree | | |   `-- supports-color@3.2.3
1440 silly saveTree | | |     `-- has-flag@1.0.0
1440 silly saveTree | | +-- postcss-ordered-values@2.2.3
1440 silly saveTree | | | `-- postcss@5.2.18
1440 silly saveTree | | |   +-- chalk@1.1.3
1440 silly saveTree | | |   | +-- ansi-styles@2.2.1
1440 silly saveTree | | |   | `-- supports-color@2.0.0
1440 silly saveTree | | |   +-- source-map@0.5.7
1440 silly saveTree | | |   `-- supports-color@3.2.3
1440 silly saveTree | | |     `-- has-flag@1.0.0
1440 silly saveTree | | +-- postcss-reduce-idents@2.4.0
1440 silly saveTree | | | `-- postcss@5.2.18
1440 silly saveTree | | |   +-- chalk@1.1.3
1440 silly saveTree | | |   | +-- ansi-styles@2.2.1
1440 silly saveTree | | |   | `-- supports-color@2.0.0
1440 silly saveTree | | |   +-- source-map@0.5.7
1440 silly saveTree | | |   `-- supports-color@3.2.3
1440 silly saveTree | | |     `-- has-flag@1.0.0
1440 silly saveTree | | +-- postcss-reduce-initial@1.0.1
1440 silly saveTree | | | `-- postcss@5.2.18
1440 silly saveTree | | |   +-- chalk@1.1.3
1440 silly saveTree | | |   | +-- ansi-styles@2.2.1
1440 silly saveTree | | |   | `-- supports-color@2.0.0
1440 silly saveTree | | |   +-- source-map@0.5.7
1440 silly saveTree | | |   `-- supports-color@3.2.3
1440 silly saveTree | | |     `-- has-flag@1.0.0
1440 silly saveTree | | +-- postcss-reduce-transforms@1.0.4
1440 silly saveTree | | | `-- postcss@5.2.18
1440 silly saveTree | | |   +-- chalk@1.1.3
1440 silly saveTree | | |   | +-- ansi-styles@2.2.1
1440 silly saveTree | | |   | `-- supports-color@2.0.0
1440 silly saveTree | | |   +-- source-map@0.5.7
1440 silly saveTree | | |   `-- supports-color@3.2.3
1440 silly saveTree | | |     `-- has-flag@1.0.0
1440 silly saveTree | | +-- postcss-svgo@2.1.6
1440 silly saveTree | | | +-- is-svg@2.1.0
1440 silly saveTree | | | | `-- html-comment-regex@1.1.2
1440 silly saveTree | | | +-- postcss@5.2.18
1440 silly saveTree | | | | +-- chalk@1.1.3
1440 silly saveTree | | | | | +-- ansi-styles@2.2.1
1440 silly saveTree | | | | | `-- supports-color@2.0.0
1440 silly saveTree | | | | +-- source-map@0.5.7
1440 silly saveTree | | | | `-- supports-color@3.2.3
1440 silly saveTree | | | |   `-- has-flag@1.0.0
1440 silly saveTree | | | `-- svgo@0.7.2
1440 silly saveTree | | |   +-- coa@1.0.4
1440 silly saveTree | | |   | `-- q@1.5.1
1440 silly saveTree | | |   +-- colors@1.1.2
1440 silly saveTree | | |   +-- csso@2.3.2
1440 silly saveTree | | |   | +-- clap@1.2.3
1440 silly saveTree | | |   | | `-- chalk@1.1.3
1440 silly saveTree | | |   | |   +-- ansi-styles@2.2.1
1440 silly saveTree | | |   | |   `-- supports-color@2.0.0
1440 silly saveTree | | |   | `-- source-map@0.5.7
1440 silly saveTree | | |   +-- js-yaml@3.7.0
1440 silly saveTree | | |   | +-- argparse@1.0.10
1440 silly saveTree | | |   | | `-- sprintf-js@1.0.3
1440 silly saveTree | | |   | `-- esprima@2.7.3
1440 silly saveTree | | |   +-- sax@1.2.4
1440 silly saveTree | | |   `-- whet.extend@0.9.9
1440 silly saveTree | | +-- postcss-unique-selectors@2.0.2
1440 silly saveTree | | | `-- postcss@5.2.18
1440 silly saveTree | | |   +-- chalk@1.1.3
1440 silly saveTree | | |   | +-- ansi-styles@2.2.1
1440 silly saveTree | | |   | `-- supports-color@2.0.0
1440 silly saveTree | | |   +-- source-map@0.5.7
1440 silly saveTree | | |   `-- supports-color@3.2.3
1440 silly saveTree | | |     `-- has-flag@1.0.0
1440 silly saveTree | | +-- postcss-zindex@2.2.0
1440 silly saveTree | | | `-- postcss@5.2.18
1440 silly saveTree | | |   +-- chalk@1.1.3
1440 silly saveTree | | |   | +-- ansi-styles@2.2.1
1440 silly saveTree | | |   | `-- supports-color@2.0.0
1440 silly saveTree | | |   +-- source-map@0.5.7
1440 silly saveTree | | |   `-- supports-color@3.2.3
1440 silly saveTree | | |     `-- has-flag@1.0.0
1440 silly saveTree | | `-- postcss@5.2.18
1440 silly saveTree | +-- icss-utils@2.1.0
1440 silly saveTree | | `-- postcss@6.0.23
1440 silly saveTree | +-- lodash.camelcase@4.3.0
1440 silly saveTree | +-- postcss-modules-extract-imports@1.2.1
1440 silly saveTree | | `-- postcss@6.0.23
1440 silly saveTree | +-- postcss-modules-local-by-default@1.2.0
1440 silly saveTree | | `-- postcss@6.0.23
1440 silly saveTree | +-- postcss-modules-scope@1.1.0
1440 silly saveTree | | `-- postcss@6.0.23
1440 silly saveTree | +-- postcss-modules-values@1.3.0
1440 silly saveTree | | +-- icss-replace-symbols@1.1.0
1440 silly saveTree | | `-- postcss@6.0.23
1440 silly saveTree | +-- postcss@5.2.18
1440 silly saveTree | | +-- chalk@1.1.3
1440 silly saveTree | | | +-- ansi-styles@2.2.1
1440 silly saveTree | | | `-- supports-color@2.0.0
1440 silly saveTree | | +-- source-map@0.5.7
1440 silly saveTree | | `-- supports-color@3.2.3
1440 silly saveTree | |   `-- has-flag@1.0.0
1440 silly saveTree | `-- source-list-map@2.0.1
1440 silly saveTree +-- element-ui@2.15.13
1440 silly saveTree | +-- async-validator@1.8.5
1440 silly saveTree | +-- deepmerge@1.5.2
1440 silly saveTree | +-- normalize-wheel@1.0.1
1440 silly saveTree | +-- resize-observer-polyfill@1.5.1
1440 silly saveTree | `-- throttle-debounce@1.1.0
1440 silly saveTree +-- eslint-config-standard@10.2.1
1440 silly saveTree +-- eslint-friendly-formatter@3.0.0
1440 silly saveTree | +-- chalk@1.1.3
1440 silly saveTree | | +-- ansi-styles@2.2.1
1440 silly saveTree | | `-- supports-color@2.0.0
1440 silly saveTree | +-- coalescy@1.0.0
1440 silly saveTree | +-- extend@3.0.2
1440 silly saveTree | `-- text-table@0.2.0
1440 silly saveTree +-- eslint-loader@1.9.0
1440 silly saveTree | +-- loader-fs-cache@1.0.3
1440 silly saveTree | | `-- find-cache-dir@0.1.1
1440 silly saveTree | |   `-- pkg-dir@1.0.0
1440 silly saveTree | |     `-- find-up@1.1.2
1440 silly saveTree | |       `-- path-exists@2.1.0
1440 silly saveTree | `-- object-hash@1.3.1
1440 silly saveTree +-- eslint-plugin-import@2.27.5
1440 silly saveTree | +-- array-includes@3.1.6
1440 silly saveTree | | +-- call-bind@1.0.2
1440 silly saveTree | | | `-- get-intrinsic@1.2.0
1440 silly saveTree | | |   `-- has-symbols@1.0.3
1440 silly saveTree | | +-- define-properties@1.2.0
1440 silly saveTree | | | +-- has-property-descriptors@1.0.0
1440 silly saveTree | | | `-- object-keys@1.1.1
1440 silly saveTree | | +-- es-abstract@1.21.2
1440 silly saveTree | | | +-- array-buffer-byte-length@1.0.0
1440 silly saveTree | | | | `-- is-array-buffer@3.0.2
1440 silly saveTree | | | |   `-- is-typed-array@1.1.10
1440 silly saveTree | | | |     +-- available-typed-arrays@1.0.5
1440 silly saveTree | | | |     +-- for-each@0.3.3
1440 silly saveTree | | | |     | `-- is-callable@1.2.7
1440 silly saveTree | | | |     +-- gopd@1.0.1
1440 silly saveTree | | | |     `-- has-tostringtag@1.0.0
1440 silly saveTree | | | +-- available-typed-arrays@1.0.5
1440 silly saveTree | | | +-- es-set-tostringtag@2.0.1
1440 silly saveTree | | | +-- es-to-primitive@1.2.1
1440 silly saveTree | | | | +-- is-date-object@1.0.5
1440 silly saveTree | | | | `-- is-symbol@1.0.4
1440 silly saveTree | | | +-- function.prototype.name@1.1.5
1440 silly saveTree | | | | `-- functions-have-names@1.2.3
1440 silly saveTree | | | +-- get-symbol-description@1.0.0
1440 silly saveTree | | | +-- globalthis@1.0.3
1440 silly saveTree | | | +-- gopd@1.0.1
1440 silly saveTree | | | +-- has-proto@1.0.1
1440 silly saveTree | | | +-- internal-slot@1.0.5
1440 silly saveTree | | | | `-- side-channel@1.0.4
1440 silly saveTree | | | |   `-- object-inspect@1.12.3
1440 silly saveTree | | | +-- is-array-buffer@3.0.2
1440 silly saveTree | | | +-- is-callable@1.2.7
1440 silly saveTree | | | +-- is-negative-zero@2.0.2
1440 silly saveTree | | | +-- is-regex@1.1.4
1440 silly saveTree | | | +-- is-shared-array-buffer@1.0.2
1440 silly saveTree | | | +-- is-string@1.0.7
1440 silly saveTree | | | +-- is-typed-array@1.1.10
1440 silly saveTree | | | +-- is-weakref@1.0.2
1440 silly saveTree | | | +-- object-inspect@1.12.3
1440 silly saveTree | | | +-- object.assign@4.1.4
1440 silly saveTree | | | +-- regexp.prototype.flags@1.5.0
1440 silly saveTree | | | +-- safe-regex-test@1.0.0
1440 silly saveTree | | | +-- string.prototype.trim@1.2.7
1440 silly saveTree | | | +-- string.prototype.trimend@1.0.6
1440 silly saveTree | | | +-- string.prototype.trimstart@1.0.6
1440 silly saveTree | | | +-- typed-array-length@1.0.4
1440 silly saveTree | | | +-- unbox-primitive@1.0.2
1440 silly saveTree | | | | +-- has-bigints@1.0.2
1440 silly saveTree | | | | `-- which-boxed-primitive@1.0.2
1440 silly saveTree | | | |   +-- is-bigint@1.0.4
1440 silly saveTree | | | |   +-- is-boolean-object@1.1.2
1440 silly saveTree | | | |   `-- is-number-object@1.0.7
1440 silly saveTree | | | `-- which-typed-array@1.1.9
1440 silly saveTree | | +-- get-intrinsic@1.2.0
1440 silly saveTree | | `-- is-string@1.0.7
1440 silly saveTree | +-- array.prototype.flat@1.3.1
1440 silly saveTree | | `-- es-shim-unscopables@1.0.0
1440 silly saveTree | +-- array.prototype.flatmap@1.3.1
1440 silly saveTree | +-- debug@3.2.7
1440 silly saveTree | | `-- ms@2.1.3
1440 silly saveTree | +-- doctrine@2.1.0
1440 silly saveTree | +-- eslint-import-resolver-node@0.3.7
1440 silly saveTree | | `-- debug@3.2.7
1440 silly saveTree | |   `-- ms@2.1.3
1440 silly saveTree | +-- eslint-module-utils@2.8.0
1440 silly saveTree | | `-- debug@3.2.7
1440 silly saveTree | |   `-- ms@2.1.3
1440 silly saveTree | +-- is-glob@4.0.3
1440 silly saveTree | | `-- is-extglob@2.1.1
1440 silly saveTree | +-- object.values@1.1.6
1440 silly saveTree | +-- semver@6.3.0
1440 silly saveTree | `-- tsconfig-paths@3.14.2
1440 silly saveTree |   +-- @types/json5@0.0.29
1440 silly saveTree |   +-- json5@1.0.2
1440 silly saveTree |   `-- strip-bom@3.0.0
1440 silly saveTree +-- eslint-plugin-node@5.2.1
1440 silly saveTree | `-- semver@5.3.0
1440 silly saveTree +-- eslint-plugin-promise@3.8.0
1440 silly saveTree +-- eslint-plugin-standard@3.1.0
1440 silly saveTree +-- eslint-plugin-vue@4.7.1
1440 silly saveTree | `-- vue-eslint-parser@2.0.3
1440 silly saveTree |   +-- debug@3.2.7
1440 silly saveTree |   | `-- ms@2.1.3
1440 silly saveTree |   +-- espree@3.5.4
1440 silly saveTree |   | +-- acorn-jsx@3.0.1
1440 silly saveTree |   | | `-- acorn@3.3.0
1440 silly saveTree |   | `-- acorn@5.7.4
1440 silly saveTree |   `-- esquery@1.5.0
1440 silly saveTree |     `-- estraverse@5.3.0
1440 silly saveTree +-- eslint@4.19.1
1440 silly saveTree | +-- ajv@5.5.2
1440 silly saveTree | | +-- co@4.6.0
1440 silly saveTree | | +-- fast-deep-equal@1.1.0
1440 silly saveTree | | +-- fast-json-stable-stringify@2.1.0
1440 silly saveTree | | `-- json-schema-traverse@0.3.1
1440 silly saveTree | +-- cross-spawn@5.1.0
1440 silly saveTree | +-- debug@3.2.7
1440 silly saveTree | | `-- ms@2.1.3
1440 silly saveTree | +-- file-entry-cache@2.0.0
1440 silly saveTree | | `-- flat-cache@1.3.4
1440 silly saveTree | |   +-- circular-json@0.3.3
1440 silly saveTree | |   +-- rimraf@2.6.3
1440 silly saveTree | |   `-- write@0.2.1
1440 silly saveTree | +-- functional-red-black-tree@1.0.1
1440 silly saveTree | +-- globals@11.12.0
1440 silly saveTree | +-- inquirer@3.3.0
1440 silly saveTree | | +-- ansi-escapes@3.2.0
1440 silly saveTree | | +-- cli-cursor@2.1.0
1440 silly saveTree | | | `-- restore-cursor@2.0.0
1440 silly saveTree | | |   +-- onetime@2.0.1
1440 silly saveTree | | |   | `-- mimic-fn@1.2.0
1440 silly saveTree | | |   `-- signal-exit@3.0.7
1440 silly saveTree | | +-- cli-width@2.2.1
1440 silly saveTree | | +-- external-editor@2.2.0
1440 silly saveTree | | | +-- chardet@0.4.2
1440 silly saveTree | | | +-- iconv-lite@0.4.24
1440 silly saveTree | | | | `-- safer-buffer@2.1.2
1440 silly saveTree | | | `-- tmp@0.0.33
1440 silly saveTree | | +-- figures@2.0.0
1440 silly saveTree | | +-- mute-stream@0.0.7
1440 silly saveTree | | +-- run-async@2.4.1
1440 silly saveTree | | +-- rx-lite-aggregates@4.0.8
1440 silly saveTree | | | `-- rx-lite@4.0.8
1440 silly saveTree | | +-- rx-lite@4.0.8
1440 silly saveTree | | +-- string-width@2.1.1
1440 silly saveTree | | | +-- is-fullwidth-code-point@2.0.0
1440 silly saveTree | | | `-- strip-ansi@4.0.0
1440 silly saveTree | | |   `-- ansi-regex@3.0.1
1440 silly saveTree | | +-- strip-ansi@4.0.0
1440 silly saveTree | | | `-- ansi-regex@3.0.1
1440 silly saveTree | | `-- through@2.3.8
1440 silly saveTree | +-- is-resolvable@1.1.0
1440 silly saveTree | +-- js-yaml@3.14.1
1440 silly saveTree | | `-- esprima@4.0.1
1440 silly saveTree | +-- json-stable-stringify-without-jsonify@1.0.1
1440 silly saveTree | +-- levn@0.3.0
1440 silly saveTree | | +-- prelude-ls@1.1.2
1440 silly saveTree | | `-- type-check@0.3.2
1440 silly saveTree | +-- natural-compare@1.4.0
1440 silly saveTree | +-- optionator@0.8.3
1440 silly saveTree | | +-- deep-is@0.1.4
1440 silly saveTree | | +-- fast-levenshtein@2.0.6
1440 silly saveTree | | `-- word-wrap@1.2.3
1440 silly saveTree | +-- path-is-inside@1.0.2
1440 silly saveTree | +-- pluralize@7.0.0
1440 silly saveTree | +-- progress@2.0.3
1440 silly saveTree | +-- regexpp@1.1.0
1440 silly saveTree | +-- require-uncached@1.0.3
1440 silly saveTree | | +-- caller-path@0.1.0
1440 silly saveTree | | | `-- callsites@0.2.0
1440 silly saveTree | | `-- resolve-from@1.0.1
1440 silly saveTree | +-- strip-ansi@4.0.0
1440 silly saveTree | | `-- ansi-regex@3.0.1
1440 silly saveTree | +-- strip-json-comments@2.0.1
1440 silly saveTree | `-- table@4.0.2
1440 silly saveTree |   +-- ajv-keywords@2.1.1
1440 silly saveTree |   `-- slice-ansi@1.0.0
1440 silly saveTree +-- extract-text-webpack-plugin@3.0.2
1440 silly saveTree | +-- async@2.6.4
1440 silly saveTree | +-- schema-utils@0.3.0
1440 silly saveTree | `-- webpack-sources@1.4.3
1440 silly saveTree +-- file-loader@1.1.11
1440 silly saveTree | `-- schema-utils@0.4.7
1440 silly saveTree |   +-- ajv-keywords@3.5.2
1440 silly saveTree |   `-- ajv@6.12.6
1440 silly saveTree |     +-- fast-deep-equal@3.1.3
1440 silly saveTree |     +-- json-schema-traverse@0.4.1
1440 silly saveTree |     `-- uri-js@4.4.1
1440 silly saveTree |       `-- punycode@2.3.0
1440 silly saveTree +-- friendly-errors-webpack-plugin@1.7.0
1440 silly saveTree | +-- chalk@1.1.3
1440 silly saveTree | | +-- ansi-styles@2.2.1
1440 silly saveTree | | `-- supports-color@2.0.0
1440 silly saveTree | `-- error-stack-parser@2.1.4
1440 silly saveTree |   `-- stackframe@1.3.4
1440 silly saveTree +-- html-webpack-plugin@2.30.1
1440 silly saveTree | +-- html-minifier@3.5.21
1440 silly saveTree | | +-- camel-case@3.0.0
1440 silly saveTree | | | +-- no-case@2.3.2
1440 silly saveTree | | | | `-- lower-case@1.1.4
1440 silly saveTree | | | `-- upper-case@1.1.3
1440 silly saveTree | | +-- clean-css@4.2.4
1440 silly saveTree | | +-- commander@2.17.1
1440 silly saveTree | | +-- he@1.2.0
1440 silly saveTree | | +-- param-case@2.1.1
1440 silly saveTree | | +-- relateurl@0.2.7
1440 silly saveTree | | `-- uglify-js@3.4.10
1440 silly saveTree | |   `-- commander@2.19.0
1440 silly saveTree | +-- loader-utils@0.2.17
1440 silly saveTree | | +-- big.js@3.2.0
1440 silly saveTree | | `-- emojis-list@2.1.0
1440 silly saveTree | +-- pretty-error@2.1.2
1440 silly saveTree | | `-- renderkid@2.0.7
1440 silly saveTree | |   +-- css-select@4.3.0
1440 silly saveTree | |   | +-- boolbase@1.0.0
1440 silly saveTree | |   | +-- css-what@6.1.0
1440 silly saveTree | |   | +-- domhandler@4.3.1
1440 silly saveTree | |   | | `-- domelementtype@2.3.0
1440 silly saveTree | |   | +-- domutils@2.8.0
1440 silly saveTree | |   | | `-- dom-serializer@1.4.1
1440 silly saveTree | |   | |   `-- entities@2.2.0
1440 silly saveTree | |   | `-- nth-check@2.1.1
1440 silly saveTree | |   +-- dom-converter@0.2.0
1440 silly saveTree | |   | `-- utila@0.4.0
1440 silly saveTree | |   `-- htmlparser2@6.1.0
1440 silly saveTree | `-- toposort@1.0.7
1440 silly saveTree +-- inject-loader@3.0.1
1440 silly saveTree +-- karma-coverage@1.1.2
1440 silly saveTree | +-- dateformat@1.0.12
1440 silly saveTree | | +-- get-stdin@4.0.1
1440 silly saveTree | | `-- meow@3.7.0
1440 silly saveTree | |   +-- camelcase-keys@2.1.0
1440 silly saveTree | |   | +-- camelcase@2.1.1
1440 silly saveTree | |   | `-- map-obj@1.0.1
1440 silly saveTree | |   +-- loud-rejection@1.6.0
1440 silly saveTree | |   | `-- currently-unhandled@0.4.1
1440 silly saveTree | |   |   `-- array-find-index@1.0.2
1440 silly saveTree | |   +-- map-obj@1.0.1
1440 silly saveTree | |   +-- redent@1.0.0
1440 silly saveTree | |   | +-- indent-string@2.1.0
1440 silly saveTree | |   | `-- strip-indent@1.0.1
1440 silly saveTree | |   `-- trim-newlines@1.0.0
1440 silly saveTree | +-- istanbul@0.4.5
1440 silly saveTree | | +-- abbrev@1.0.9
1440 silly saveTree | | +-- async@1.5.2
1440 silly saveTree | | +-- escodegen@1.8.1
1440 silly saveTree | | | +-- estraverse@1.9.3
1440 silly saveTree | | | `-- source-map@0.2.0
1440 silly saveTree | | |   `-- amdefine@1.0.1
1440 silly saveTree | | +-- glob@5.0.15
1440 silly saveTree | | +-- handlebars@4.7.7
1440 silly saveTree | | | +-- neo-async@2.6.2
1440 silly saveTree | | | `-- wordwrap@1.0.0
1440 silly saveTree | | +-- nopt@3.0.6
1440 silly saveTree | | +-- resolve@1.1.7
1440 silly saveTree | | +-- supports-color@3.2.3
1440 silly saveTree | | | `-- has-flag@1.0.0
1440 silly saveTree | | `-- wordwrap@1.0.0
1440 silly saveTree | `-- source-map@0.5.7
1440 silly saveTree +-- karma-mocha@1.3.0
1440 silly saveTree | `-- minimist@1.2.0
1440 silly saveTree +-- karma-phantomjs-launcher@1.0.4
1440 silly saveTree | `-- phantomjs-prebuilt@2.1.16
1440 silly saveTree |   +-- es6-promise@4.2.8
1440 silly saveTree |   +-- extract-zip@1.7.0
1440 silly saveTree |   | `-- yauzl@2.10.0
1440 silly saveTree |   |   +-- buffer-crc32@0.2.13
1440 silly saveTree |   |   `-- fd-slicer@1.1.0
1440 silly saveTree |   |     `-- pend@1.2.0
1440 silly saveTree |   +-- fs-extra@1.0.0
1440 silly saveTree |   | +-- jsonfile@2.4.0
1440 silly saveTree |   | `-- klaw@1.3.1
1440 silly saveTree |   +-- hasha@2.2.0
1440 silly saveTree |   | `-- is-stream@1.1.0
1440 silly saveTree |   +-- kew@0.7.0
1440 silly saveTree |   +-- progress@1.1.8
1440 silly saveTree |   +-- request-progress@2.0.1
1440 silly saveTree |   | `-- throttleit@1.0.0
1440 silly saveTree |   `-- request@2.88.2
1440 silly saveTree |     +-- aws-sign2@0.7.0
1440 silly saveTree |     +-- aws4@1.12.0
1440 silly saveTree |     +-- caseless@0.12.0
1440 silly saveTree |     +-- combined-stream@1.0.8
1440 silly saveTree |     | `-- delayed-stream@1.0.0
1440 silly saveTree |     +-- forever-agent@0.6.1
1440 silly saveTree |     +-- form-data@2.3.3
1440 silly saveTree |     | +-- asynckit@0.4.0
1440 silly saveTree |     | `-- mime-types@2.1.35
1440 silly saveTree |     |   `-- mime-db@1.52.0
1440 silly saveTree |     +-- har-validator@5.1.5
1440 silly saveTree |     | +-- ajv@6.12.6
1440 silly saveTree |     | | +-- fast-deep-equal@3.1.3
1440 silly saveTree |     | | `-- json-schema-traverse@0.4.1
1440 silly saveTree |     | `-- har-schema@2.0.0
1440 silly saveTree |     +-- http-signature@1.2.0
1440 silly saveTree |     | +-- assert-plus@1.0.0
1440 silly saveTree |     | +-- jsprim@1.4.2
1440 silly saveTree |     | | +-- extsprintf@1.3.0
1440 silly saveTree |     | | +-- json-schema@0.4.0
1440 silly saveTree |     | | `-- verror@1.10.0
1440 silly saveTree |     | |   `-- core-util-is@1.0.2
1440 silly saveTree |     | `-- sshpk@1.17.0
1440 silly saveTree |     |   +-- asn1@0.2.6
1440 silly saveTree |     |   +-- bcrypt-pbkdf@1.0.2
1440 silly saveTree |     |   | `-- tweetnacl@0.14.5
1440 silly saveTree |     |   +-- dashdash@1.14.1
1440 silly saveTree |     |   +-- ecc-jsbn@0.1.2
1440 silly saveTree |     |   | `-- jsbn@0.1.1
1440 silly saveTree |     |   +-- getpass@0.1.7
1440 silly saveTree |     |   +-- jsbn@0.1.1
1440 silly saveTree |     |   `-- tweetnacl@0.14.5
1440 silly saveTree |     +-- is-typedarray@1.0.0
1440 silly saveTree |     +-- isstream@0.1.2
1440 silly saveTree |     +-- json-stringify-safe@5.0.1
1440 silly saveTree |     +-- mime-types@2.1.35
1440 silly saveTree |     +-- oauth-sign@0.9.0
1440 silly saveTree |     +-- performance-now@2.1.0
1440 silly saveTree |     +-- qs@6.5.3
1440 silly saveTree |     +-- tough-cookie@2.5.0
1440 silly saveTree |     | `-- psl@1.9.0
1440 silly saveTree |     +-- tunnel-agent@0.6.0
1440 silly saveTree |     `-- uuid@3.4.0
1440 silly saveTree +-- karma-phantomjs-shim@1.5.0
1440 silly saveTree +-- karma-sinon-chai@1.3.4
1440 silly saveTree | `-- lolex@1.6.0
1440 silly saveTree +-- karma-sourcemap-loader@0.3.8
1440 silly saveTree +-- karma-spec-reporter@0.0.31
1440 silly saveTree +-- karma-webpack@2.0.13
1440 silly saveTree | +-- source-map@0.5.7
1440 silly saveTree | `-- webpack-dev-middleware@1.12.2
1440 silly saveTree |   +-- memory-fs@0.4.1
1440 silly saveTree |   | `-- errno@0.1.8
1440 silly saveTree |   |   `-- prr@1.0.1
1440 silly saveTree |   +-- mime@1.6.0
1440 silly saveTree |   +-- range-parser@1.2.1
1440 silly saveTree |   `-- time-stamp@2.2.0
1440 silly saveTree +-- karma@1.7.1
1440 silly saveTree | +-- body-parser@1.20.2
1440 silly saveTree | | +-- bytes@3.1.2
1440 silly saveTree | | +-- content-type@1.0.5
1440 silly saveTree | | +-- depd@2.0.0
1440 silly saveTree | | +-- destroy@1.2.0
1440 silly saveTree | | +-- http-errors@2.0.0
1440 silly saveTree | | | +-- setprototypeof@1.2.0
1440 silly saveTree | | | +-- statuses@2.0.1
1440 silly saveTree | | | `-- toidentifier@1.0.1
1440 silly saveTree | | +-- on-finished@2.4.1
1440 silly saveTree | | | `-- ee-first@1.1.1
1440 silly saveTree | | +-- qs@6.11.0
1440 silly saveTree | | +-- raw-body@2.5.2
1440 silly saveTree | | | `-- unpipe@1.0.0
1440 silly saveTree | | +-- type-is@1.6.18
1440 silly saveTree | | | `-- media-typer@0.3.0
1440 silly saveTree | | `-- unpipe@1.0.0
1440 silly saveTree | +-- chokidar@1.7.0
1440 silly saveTree | | +-- anymatch@1.3.2
1440 silly saveTree | | +-- async-each@1.0.6
1440 silly saveTree | | +-- fsevents@1.2.13
1440 silly saveTree | | | +-- bindings@1.5.0
1440 silly saveTree | | | | `-- file-uri-to-path@1.0.0
1440 silly saveTree | | | `-- nan@2.17.0
1440 silly saveTree | | +-- is-binary-path@1.0.1
1440 silly saveTree | | | `-- binary-extensions@1.13.1
1440 silly saveTree | | `-- readdirp@2.2.1
1440 silly saveTree | |   `-- micromatch@3.1.10
1440 silly saveTree | |     +-- arr-diff@4.0.0
1440 silly saveTree | |     +-- array-unique@0.3.2
1440 silly saveTree | |     +-- braces@2.3.2
1440 silly saveTree | |     | +-- extend-shallow@2.0.1
1440 silly saveTree | |     | +-- fill-range@4.0.0
1440 silly saveTree | |     | | +-- extend-shallow@2.0.1
1440 silly saveTree | |     | | +-- is-number@3.0.0
1440 silly saveTree | |     | | | `-- kind-of@3.2.2
1440 silly saveTree | |     | | `-- to-regex-range@2.1.1
1440 silly saveTree | |     | |   `-- is-number@3.0.0
1440 silly saveTree | |     | +-- isobject@3.0.1
1440 silly saveTree | |     | +-- snapdragon-node@2.1.1
1440 silly saveTree | |     | | +-- define-property@1.0.0
1440 silly saveTree | |     | | | `-- is-descriptor@1.0.2
1440 silly saveTree | |     | | |   +-- is-accessor-descriptor@1.0.0
1440 silly saveTree | |     | | |   | `-- kind-of@6.0.3
1440 silly saveTree | |     | | |   +-- is-data-descriptor@1.0.0
1440 silly saveTree | |     | | |   `-- kind-of@6.0.3
1440 silly saveTree | |     | | +-- isobject@3.0.1
1440 silly saveTree | |     | | `-- snapdragon-util@3.0.1
1440 silly saveTree | |     | +-- snapdragon@0.8.2
1440 silly saveTree | |     | | +-- base@0.11.2
1440 silly saveTree | |     | | | +-- cache-base@1.0.1
1440 silly saveTree | |     | | | | +-- collection-visit@1.0.0
1440 silly saveTree | |     | | | | | +-- map-visit@1.0.0
1440 silly saveTree | |     | | | | | | `-- object-visit@1.0.1
1440 silly saveTree | |     | | | | | |   `-- isobject@3.0.1
1440 silly saveTree | |     | | | | | `-- object-visit@1.0.1
1440 silly saveTree | |     | | | | +-- component-emitter@1.3.0
1440 silly saveTree | |     | | | | +-- get-value@2.0.6
1440 silly saveTree | |     | | | | +-- has-value@1.0.0
1440 silly saveTree | |     | | | | | +-- has-values@1.0.0
1440 silly saveTree | |     | | | | | | +-- is-number@3.0.0
1440 silly saveTree | |     | | | | | | | `-- kind-of@3.2.2
1440 silly saveTree | |     | | | | | | `-- kind-of@4.0.0
1440 silly saveTree | |     | | | | | `-- isobject@3.0.1
1440 silly saveTree | |     | | | | +-- isobject@3.0.1
1440 silly saveTree | |     | | | | +-- set-value@2.0.1
1440 silly saveTree | |     | | | | | +-- extend-shallow@2.0.1
1440 silly saveTree | |     | | | | | +-- is-plain-object@2.0.4
1440 silly saveTree | |     | | | | | | `-- isobject@3.0.1
1440 silly saveTree | |     | | | | | `-- split-string@3.1.0
1440 silly saveTree | |     | | | | |   `-- extend-shallow@3.0.2
1440 silly saveTree | |     | | | | |     +-- assign-symbols@1.0.0
1440 silly saveTree | |     | | | | |     `-- is-extendable@1.0.1
1440 silly saveTree | |     | | | | +-- to-object-path@0.3.0
1440 silly saveTree | |     | | | | +-- union-value@1.0.1
1440 silly saveTree | |     | | | | | `-- arr-union@3.1.0
1440 silly saveTree | |     | | | | `-- unset-value@1.0.0
1440 silly saveTree | |     | | | |   +-- has-value@0.3.1
1440 silly saveTree | |     | | | |   | +-- has-values@0.1.4
1440 silly saveTree | |     | | | |   | `-- isobject@2.1.0
1440 silly saveTree | |     | | | |   `-- isobject@3.0.1
1440 silly saveTree | |     | | | +-- class-utils@0.3.6
1440 silly saveTree | |     | | | | +-- define-property@0.2.5
1440 silly saveTree | |     | | | | | `-- is-descriptor@0.1.6
1440 silly saveTree | |     | | | | |   +-- is-accessor-descriptor@0.1.6
1440 silly saveTree | |     | | | | |   +-- is-data-descriptor@0.1.4
1440 silly saveTree | |     | | | | |   `-- kind-of@5.1.0
1440 silly saveTree | |     | | | | +-- isobject@3.0.1
1440 silly saveTree | |     | | | | `-- static-extend@0.1.2
1440 silly saveTree | |     | | | |   +-- define-property@0.2.5
1440 silly saveTree | |     | | | |   `-- object-copy@0.1.0
1440 silly saveTree | |     | | | |     +-- copy-descriptor@0.1.1
1440 silly saveTree | |     | | | |     `-- define-property@0.2.5
1440 silly saveTree | |     | | | +-- component-emitter@1.3.0
1440 silly saveTree | |     | | | +-- define-property@1.0.0
1440 silly saveTree | |     | | | | `-- is-descriptor@1.0.2
1440 silly saveTree | |     | | | |   +-- is-accessor-descriptor@1.0.0
1440 silly saveTree | |     | | | |   | `-- kind-of@6.0.3
1440 silly saveTree | |     | | | |   +-- is-data-descriptor@1.0.0
1440 silly saveTree | |     | | | |   `-- kind-of@6.0.3
1440 silly saveTree | |     | | | +-- isobject@3.0.1
1440 silly saveTree | |     | | | +-- mixin-deep@1.3.2
1440 silly saveTree | |     | | | | `-- is-extendable@1.0.1
1440 silly saveTree | |     | | | `-- pascalcase@0.1.1
1440 silly saveTree | |     | | +-- define-property@0.2.5
1440 silly saveTree | |     | | +-- extend-shallow@2.0.1
1440 silly saveTree | |     | | +-- map-cache@0.2.2
1440 silly saveTree | |     | | +-- source-map-resolve@0.5.3
1440 silly saveTree | |     | | | +-- atob@2.1.2
1440 silly saveTree | |     | | | +-- decode-uri-component@0.2.2
1440 silly saveTree | |     | | | +-- resolve-url@0.2.1
1440 silly saveTree | |     | | | +-- source-map-url@0.4.1
1440 silly saveTree | |     | | | `-- urix@0.1.0
1440 silly saveTree | |     | | +-- source-map@0.5.7
1440 silly saveTree | |     | | `-- use@3.1.1
1440 silly saveTree | |     | +-- split-string@3.1.0
1440 silly saveTree | |     | `-- to-regex@3.0.2
1440 silly saveTree | |     |   +-- define-property@2.0.2
1440 silly saveTree | |     |   | +-- is-descriptor@1.0.2
1440 silly saveTree | |     |   | | +-- is-accessor-descriptor@1.0.0
1440 silly saveTree | |     |   | | | `-- kind-of@6.0.3
1440 silly saveTree | |     |   | | +-- is-data-descriptor@1.0.0
1440 silly saveTree | |     |   | | `-- kind-of@6.0.3
1440 silly saveTree | |     |   | `-- isobject@3.0.1
1440 silly saveTree | |     |   +-- regex-not@1.0.2
1440 silly saveTree | |     |   | `-- safe-regex@1.1.0
1440 silly saveTree | |     |   |   `-- ret@0.1.15
1440 silly saveTree | |     |   `-- safe-regex@1.1.0
1440 silly saveTree | |     +-- define-property@2.0.2
1440 silly saveTree | |     +-- extend-shallow@3.0.2
1440 silly saveTree | |     +-- extglob@2.0.4
1440 silly saveTree | |     | +-- define-property@1.0.0
1440 silly saveTree | |     | | `-- is-descriptor@1.0.2
1440 silly saveTree | |     | |   +-- is-accessor-descriptor@1.0.0
1440 silly saveTree | |     | |   | `-- kind-of@6.0.3
1440 silly saveTree | |     | |   +-- is-data-descriptor@1.0.0
1440 silly saveTree | |     | |   `-- kind-of@6.0.3
1440 silly saveTree | |     | +-- expand-brackets@2.1.4
1440 silly saveTree | |     | | +-- define-property@0.2.5
1440 silly saveTree | |     | | | `-- is-descriptor@0.1.6
1440 silly saveTree | |     | | |   +-- is-accessor-descriptor@0.1.6
1440 silly saveTree | |     | | |   | `-- kind-of@3.2.2
1440 silly saveTree | |     | | |   +-- is-data-descriptor@0.1.4
1440 silly saveTree | |     | | |   | `-- kind-of@3.2.2
1440 silly saveTree | |     | | |   `-- kind-of@5.1.0
1440 silly saveTree | |     | | +-- extend-shallow@2.0.1
1440 silly saveTree | |     | | `-- posix-character-classes@0.1.1
1440 silly saveTree | |     | +-- extend-shallow@2.0.1
1440 silly saveTree | |     | `-- fragment-cache@0.2.1
1440 silly saveTree | |     +-- fragment-cache@0.2.1
1440 silly saveTree | |     +-- kind-of@6.0.3
1440 silly saveTree | |     +-- nanomatch@1.2.13
1440 silly saveTree | |     | +-- arr-diff@4.0.0
1440 silly saveTree | |     | +-- array-unique@0.3.2
1440 silly saveTree | |     | +-- is-windows@1.0.2
1440 silly saveTree | |     | +-- kind-of@6.0.3
1440 silly saveTree | |     | `-- object.pick@1.3.0
1440 silly saveTree | |     |   `-- isobject@3.0.1
1440 silly saveTree | |     +-- object.pick@1.3.0
1440 silly saveTree | |     +-- regex-not@1.0.2
1440 silly saveTree | |     +-- snapdragon@0.8.2
1440 silly saveTree | |     `-- to-regex@3.0.2
1440 silly saveTree | +-- combine-lists@1.0.1
1440 silly saveTree | +-- connect@3.7.0
1440 silly saveTree | | +-- finalhandler@1.1.2
1440 silly saveTree | | | +-- encodeurl@1.0.2
1440 silly saveTree | | | +-- escape-html@1.0.3
1440 silly saveTree | | | +-- on-finished@2.3.0
1440 silly saveTree | | | +-- parseurl@1.3.3
1440 silly saveTree | | | `-- statuses@1.5.0
1440 silly saveTree | | +-- parseurl@1.3.3
1440 silly saveTree | | `-- utils-merge@1.0.1
1440 silly saveTree | +-- di@0.0.1
1440 silly saveTree | +-- dom-serialize@2.2.1
1440 silly saveTree | | +-- custom-event@1.0.1
1440 silly saveTree | | +-- ent@2.2.0
1440 silly saveTree | | `-- void-elements@2.0.1
1440 silly saveTree | +-- expand-braces@0.1.2
1440 silly saveTree | | +-- array-slice@0.2.3
1440 silly saveTree | | `-- braces@0.1.5
1440 silly saveTree | |   `-- expand-range@0.1.1
1440 silly saveTree | |     +-- is-number@0.1.1
1440 silly saveTree | |     `-- repeat-string@0.2.2
1440 silly saveTree | +-- http-proxy@1.18.1
1440 silly saveTree | | +-- eventemitter3@4.0.7
1440 silly saveTree | | `-- requires-port@1.0.0
1440 silly saveTree | +-- isbinaryfile@3.0.3
1440 silly saveTree | | `-- buffer-alloc@1.2.0
1440 silly saveTree | |   +-- buffer-alloc-unsafe@1.1.0
1440 silly saveTree | |   `-- buffer-fill@1.0.0
1440 silly saveTree | +-- lodash@3.10.1
1440 silly saveTree | +-- log4js@0.6.38
1440 silly saveTree | | +-- readable-stream@1.0.34
1440 silly saveTree | | | +-- isarray@0.0.1
1440 silly saveTree | | | `-- string_decoder@0.10.31
1440 silly saveTree | | `-- semver@4.3.6
1440 silly saveTree | +-- optimist@0.6.1
1440 silly saveTree | | +-- minimist@0.0.10
1440 silly saveTree | | `-- wordwrap@0.0.3
1440 silly saveTree | +-- qjobs@1.2.0
1440 silly saveTree | +-- socket.io@1.7.3
1440 silly saveTree | | +-- debug@2.3.3
1440 silly saveTree | | | `-- ms@0.7.2
1440 silly saveTree | | +-- engine.io@1.8.3
1440 silly saveTree | | | +-- accepts@1.3.3
1440 silly saveTree | | | | `-- negotiator@0.6.1
1440 silly saveTree | | | +-- base64id@1.0.0
1440 silly saveTree | | | +-- cookie@0.3.1
1440 silly saveTree | | | +-- debug@2.3.3
1440 silly saveTree | | | | `-- ms@0.7.2
1440 silly saveTree | | | +-- engine.io-parser@1.3.2
1440 silly saveTree | | | | +-- after@0.8.2
1440 silly saveTree | | | | +-- arraybuffer.slice@0.0.6
1440 silly saveTree | | | | +-- base64-arraybuffer@0.1.5
1440 silly saveTree | | | | +-- blob@0.0.4
1440 silly saveTree | | | | +-- has-binary@0.1.7
1440 silly saveTree | | | | | `-- isarray@0.0.1
1440 silly saveTree | | | | `-- wtf-8@1.0.0
1440 silly saveTree | | | `-- ws@1.1.2
1440 silly saveTree | | |   +-- options@0.0.6
1440 silly saveTree | | |   `-- ultron@1.0.2
1440 silly saveTree | | +-- has-binary@0.1.7
1440 silly saveTree | | +-- object-assign@4.1.0
1440 silly saveTree | | +-- socket.io-adapter@0.5.0
1440 silly saveTree | | | +-- debug@2.3.3
1440 silly saveTree | | | | `-- ms@0.7.2
1440 silly saveTree | | | `-- socket.io-parser@2.3.1
1440 silly saveTree | | |   +-- component-emitter@1.1.2
1440 silly saveTree | | |   +-- debug@2.2.0
1440 silly saveTree | | |   | `-- ms@0.7.1
1440 silly saveTree | | |   +-- isarray@0.0.1
1440 silly saveTree | | |   `-- json3@3.3.2
1440 silly saveTree | | +-- socket.io-client@1.7.3
1440 silly saveTree | | | +-- backo2@1.0.2
1440 silly saveTree | | | +-- component-bind@1.0.0
1440 silly saveTree | | | +-- component-emitter@1.2.1
1440 silly saveTree | | | +-- debug@2.3.3
1440 silly saveTree | | | | `-- ms@0.7.2
1440 silly saveTree | | | +-- engine.io-client@1.8.3
1440 silly saveTree | | | | +-- component-emitter@1.2.1
1440 silly saveTree | | | | +-- component-inherit@0.0.3
1440 silly saveTree | | | | +-- debug@2.3.3
1440 silly saveTree | | | | | `-- ms@0.7.2
1440 silly saveTree | | | | +-- has-cors@1.1.0
1440 silly saveTree | | | | +-- indexof@0.0.1
1440 silly saveTree | | | | +-- parsejson@0.0.3
1440 silly saveTree | | | | | `-- better-assert@1.0.2
1440 silly saveTree | | | | |   `-- callsite@1.0.0
1440 silly saveTree | | | | +-- parseqs@0.0.5
1440 silly saveTree | | | | +-- parseuri@0.0.5
1440 silly saveTree | | | | +-- xmlhttprequest-ssl@1.5.3
1440 silly saveTree | | | | `-- yeast@0.1.2
1440 silly saveTree | | | +-- indexof@0.0.1
1440 silly saveTree | | | +-- object-component@0.0.3
1440 silly saveTree | | | +-- parseuri@0.0.5
1440 silly saveTree | | | `-- to-array@0.1.4
1440 silly saveTree | | `-- socket.io-parser@2.3.1
1440 silly saveTree | +-- source-map@0.5.7
1440 silly saveTree | +-- tmp@0.0.31
1440 silly saveTree | `-- useragent@2.3.0
1440 silly saveTree +-- mocha@3.5.3
1440 silly saveTree | +-- browser-stdout@1.3.0
1440 silly saveTree | +-- commander@2.9.0
1440 silly saveTree | | `-- graceful-readlink@1.0.1
1440 silly saveTree | +-- debug@2.6.8
1440 silly saveTree | +-- diff@3.2.0
1440 silly saveTree | +-- glob@7.1.1
1440 silly saveTree | +-- growl@1.9.2
1440 silly saveTree | +-- he@1.1.1
1440 silly saveTree | +-- lodash.create@3.1.1
1440 silly saveTree | | +-- lodash._baseassign@3.2.0
1440 silly saveTree | | | +-- lodash._basecopy@3.0.1
1440 silly saveTree | | | `-- lodash.keys@3.1.2
1440 silly saveTree | | |   +-- lodash._getnative@3.9.1
1440 silly saveTree | | |   +-- lodash.isarguments@3.1.0
1440 silly saveTree | | |   `-- lodash.isarray@3.0.4
1440 silly saveTree | | +-- lodash._basecreate@3.0.3
1440 silly saveTree | | `-- lodash._isiterateecall@3.0.9
1440 silly saveTree | +-- mkdirp@0.5.1
1440 silly saveTree | | `-- minimist@0.0.8
1440 silly saveTree | `-- supports-color@3.1.2
1440 silly saveTree |   `-- has-flag@1.0.0
1440 silly saveTree +-- node-notifier@5.4.5
1440 silly saveTree | +-- growly@1.3.0
1440 silly saveTree | +-- is-wsl@1.1.0
1440 silly saveTree | `-- shellwords@0.1.1
1440 silly saveTree +-- optimize-css-assets-webpack-plugin@3.2.1
1440 silly saveTree | +-- cssnano@4.1.11
1440 silly saveTree | | +-- cosmiconfig@5.2.1
1440 silly saveTree | | | +-- import-fresh@2.0.0
1440 silly saveTree | | | | +-- caller-path@2.0.0
1440 silly saveTree | | | | | `-- caller-callsite@2.0.0
1440 silly saveTree | | | | |   `-- callsites@2.0.0
1440 silly saveTree | | | | `-- resolve-from@3.0.0
1440 silly saveTree | | | +-- is-directory@0.3.1
1440 silly saveTree | | | +-- js-yaml@3.14.1
1440 silly saveTree | | | | `-- esprima@4.0.1
1440 silly saveTree | | | `-- parse-json@4.0.0
1440 silly saveTree | | |   `-- json-parse-better-errors@1.0.2
1440 silly saveTree | | +-- cssnano-preset-default@4.0.8
1440 silly saveTree | | | +-- css-declaration-sorter@4.0.1
1440 silly saveTree | | | | +-- postcss@7.0.39
1440 silly saveTree | | | | | `-- picocolors@0.2.1
1440 silly saveTree | | | | `-- timsort@0.3.0
1440 silly saveTree | | | +-- cssnano-util-raw-cache@4.0.1
1440 silly saveTree | | | | `-- postcss@7.0.39
1440 silly saveTree | | | |   `-- picocolors@0.2.1
1440 silly saveTree | | | +-- postcss-calc@7.0.5
1440 silly saveTree | | | | +-- postcss-selector-parser@6.0.11
1440 silly saveTree | | | | +-- postcss-value-parser@4.2.0
1440 silly saveTree | | | | `-- postcss@7.0.39
1440 silly saveTree | | | |   `-- picocolors@0.2.1
1440 silly saveTree | | | +-- postcss-colormin@4.0.3
1440 silly saveTree | | | | +-- browserslist@4.21.5
1440 silly saveTree | | | | | +-- node-releases@2.0.10
1440 silly saveTree | | | | | `-- update-browserslist-db@1.0.11
1440 silly saveTree | | | | |   +-- escalade@3.1.1
1440 silly saveTree | | | | |   `-- picocolors@1.0.0
1440 silly saveTree | | | | +-- color@3.2.1
1440 silly saveTree | | | | | `-- color-string@1.9.1
1440 silly saveTree | | | | |   `-- simple-swizzle@0.2.2
1440 silly saveTree | | | | |     `-- is-arrayish@0.3.2
1440 silly saveTree | | | | `-- postcss-value-parser@3.3.1
1440 silly saveTree | | | +-- postcss-convert-values@4.0.1
1440 silly saveTree | | | | `-- postcss-value-parser@3.3.1
1440 silly saveTree | | | +-- postcss-discard-comments@4.0.2
1440 silly saveTree | | | +-- postcss-discard-duplicates@4.0.2
1440 silly saveTree | | | +-- postcss-discard-empty@4.0.1
1440 silly saveTree | | | +-- postcss-discard-overridden@4.0.1
1440 silly saveTree | | | +-- postcss-merge-longhand@4.0.11
1440 silly saveTree | | | | +-- postcss-value-parser@3.3.1
1440 silly saveTree | | | | `-- stylehacks@4.0.3
1440 silly saveTree | | | |   +-- browserslist@4.21.5
1440 silly saveTree | | | |   +-- postcss-selector-parser@3.1.2
1440 silly saveTree | | | |   | `-- dot-prop@5.3.0
1440 silly saveTree | | | |   |   `-- is-obj@2.0.0
1440 silly saveTree | | | |   `-- postcss@7.0.39
1440 silly saveTree | | | |     `-- picocolors@0.2.1
1440 silly saveTree | | | +-- postcss-merge-rules@4.0.3
1440 silly saveTree | | | | +-- caniuse-api@3.0.0
1440 silly saveTree | | | | +-- cssnano-util-same-parent@4.0.1
1440 silly saveTree | | | | `-- postcss-selector-parser@3.1.2
1440 silly saveTree | | | +-- postcss-minify-font-values@4.0.2
1440 silly saveTree | | | | `-- postcss-value-parser@3.3.1
1440 silly saveTree | | | +-- postcss-minify-gradients@4.0.2
1440 silly saveTree | | | | +-- cssnano-util-get-arguments@4.0.0
1440 silly saveTree | | | | +-- is-color-stop@1.1.0
1440 silly saveTree | | | | | +-- hex-color-regex@1.1.0
1440 silly saveTree | | | | | +-- hsl-regex@1.0.0
1440 silly saveTree | | | | | +-- hsla-regex@1.0.0
1440 silly saveTree | | | | | +-- rgb-regex@1.0.1
1440 silly saveTree | | | | | `-- rgba-regex@1.0.0
1440 silly saveTree | | | | `-- postcss-value-parser@3.3.1
1440 silly saveTree | | | +-- postcss-minify-params@4.0.2
1440 silly saveTree | | | | `-- postcss-value-parser@3.3.1
1440 silly saveTree | | | +-- postcss-minify-selectors@4.0.2
1440 silly saveTree | | | | `-- postcss-selector-parser@3.1.2
1440 silly saveTree | | | +-- postcss-normalize-charset@4.0.1
1440 silly saveTree | | | +-- postcss-normalize-display-values@4.0.2
1440 silly saveTree | | | | +-- cssnano-util-get-match@4.0.0
1440 silly saveTree | | | | `-- postcss@7.0.39
1440 silly saveTree | | | |   `-- picocolors@0.2.1
1440 silly saveTree | | | +-- postcss-normalize-positions@4.0.2
1440 silly saveTree | | | | `-- postcss@7.0.39
1440 silly saveTree | | | |   `-- picocolors@0.2.1
1440 silly saveTree | | | +-- postcss-normalize-repeat-style@4.0.2
1440 silly saveTree | | | | `-- postcss@7.0.39
1440 silly saveTree | | | |   `-- picocolors@0.2.1
1440 silly saveTree | | | +-- postcss-normalize-string@4.0.2
1440 silly saveTree | | | | `-- postcss@7.0.39
1440 silly saveTree | | | |   `-- picocolors@0.2.1
1440 silly saveTree | | | +-- postcss-normalize-timing-functions@4.0.2
1440 silly saveTree | | | | `-- postcss@7.0.39
1440 silly saveTree | | | |   `-- picocolors@0.2.1
1440 silly saveTree | | | +-- postcss-normalize-unicode@4.0.1
1440 silly saveTree | | | | +-- browserslist@4.21.5
1440 silly saveTree | | | | `-- postcss@7.0.39
1440 silly saveTree | | | |   `-- picocolors@0.2.1
1440 silly saveTree | | | +-- postcss-normalize-url@4.0.1
1440 silly saveTree | | | | +-- normalize-url@3.3.0
1440 silly saveTree | | | | `-- postcss-value-parser@3.3.1
1440 silly saveTree | | | +-- postcss-normalize-whitespace@4.0.2
1440 silly saveTree | | | | `-- postcss@7.0.39
1440 silly saveTree | | | |   `-- picocolors@0.2.1
1440 silly saveTree | | | +-- postcss-ordered-values@4.1.2
1440 silly saveTree | | | | `-- postcss-value-parser@3.3.1
1440 silly saveTree | | | +-- postcss-reduce-initial@4.0.3
1440 silly saveTree | | | +-- postcss-reduce-transforms@4.0.2
1440 silly saveTree | | | | `-- postcss-value-parser@3.3.1
1440 silly saveTree | | | +-- postcss-svgo@4.0.3
1440 silly saveTree | | | | +-- postcss-value-parser@3.3.1
1440 silly saveTree | | | | `-- svgo@1.3.2
1440 silly saveTree | | | |   +-- coa@2.0.2
1440 silly saveTree | | | |   | `-- @types/q@1.5.5
1440 silly saveTree | | | |   +-- css-select-base-adapter@0.1.1
1440 silly saveTree | | | |   +-- css-select@2.1.0
1440 silly saveTree | | | |   | +-- css-what@3.4.2
1440 silly saveTree | | | |   | +-- domutils@1.7.0
1440 silly saveTree | | | |   | | +-- dom-serializer@0.2.2
1440 silly saveTree | | | |   | | | `-- domelementtype@2.3.0
1440 silly saveTree | | | |   | | `-- domelementtype@1.3.1
1440 silly saveTree | | | |   | `-- nth-check@1.0.2
1440 silly saveTree | | | |   +-- css-tree@1.0.0-alpha.37
1440 silly saveTree | | | |   | `-- mdn-data@2.0.4
1440 silly saveTree | | | |   +-- csso@4.2.0
1440 silly saveTree | | | |   | `-- css-tree@1.1.3
1440 silly saveTree | | | |   |   `-- mdn-data@2.0.14
1440 silly saveTree | | | |   +-- js-yaml@3.14.1
1440 silly saveTree | | | |   | `-- esprima@4.0.1
1440 silly saveTree | | | |   +-- stable@0.1.8
1440 silly saveTree | | | |   +-- unquote@1.1.1
1440 silly saveTree | | | |   `-- util.promisify@1.0.1
1440 silly saveTree | | | |     `-- object.getownpropertydescriptors@2.1.6
1440 silly saveTree | | | |       +-- array.prototype.reduce@1.0.5
1440 silly saveTree | | | |       | `-- es-array-method-boxes-properly@1.0.0
1440 silly saveTree | | | |       `-- safe-array-concat@1.0.0
1440 silly saveTree | | | |         `-- isarray@2.0.5
1440 silly saveTree | | | +-- postcss-unique-selectors@4.0.1
1440 silly saveTree | | | `-- postcss@7.0.39
1440 silly saveTree | | `-- postcss@7.0.39
1440 silly saveTree | |   `-- picocolors@0.2.1
1440 silly saveTree | `-- last-call-webpack-plugin@2.1.2
1440 silly saveTree +-- ora@1.4.0
1440 silly saveTree | +-- cli-spinners@1.3.1
1440 silly saveTree | `-- log-symbols@2.2.0
1440 silly saveTree +-- phantomjs-prebuilt@2.1.16
1440 silly saveTree +-- portfinder@1.0.32
1440 silly saveTree | `-- debug@3.2.7
1440 silly saveTree |   `-- ms@2.1.3
1440 silly saveTree +-- postcss-import@11.1.0
1440 silly saveTree | +-- postcss@6.0.23
1440 silly saveTree | `-- read-cache@1.0.0
1440 silly saveTree |   `-- pify@2.3.0
1440 silly saveTree +-- postcss-loader@2.1.6
1440 silly saveTree | +-- postcss-load-config@2.1.2
1440 silly saveTree | | `-- import-cwd@2.1.0
1440 silly saveTree | |   `-- import-from@2.1.0
1440 silly saveTree | |     `-- resolve-from@3.0.0
1440 silly saveTree | +-- postcss@6.0.23
1440 silly saveTree | `-- schema-utils@0.4.7
1440 silly saveTree |   +-- ajv-keywords@3.5.2
1440 silly saveTree |   `-- ajv@6.12.6
1440 silly saveTree |     +-- fast-deep-equal@3.1.3
1440 silly saveTree |     `-- json-schema-traverse@0.4.1
1440 silly saveTree +-- postcss-url@7.3.2
1440 silly saveTree | +-- postcss@6.0.23
1440 silly saveTree | `-- xxhashjs@0.2.2
1440 silly saveTree |   `-- cuint@0.2.2
1440 silly saveTree +-- rimraf@2.7.1
1440 silly saveTree +-- semver@5.7.1
1440 silly saveTree +-- shelljs@0.8.5
1440 silly saveTree | +-- interpret@1.4.0
1440 silly saveTree | `-- rechoir@0.6.2
1440 silly saveTree +-- sinon-chai@2.14.0
1440 silly saveTree +-- sinon@4.5.0
1440 silly saveTree | +-- @sinonjs/formatio@2.0.0
1440 silly saveTree | | `-- samsam@1.3.0
1440 silly saveTree | +-- lodash.get@4.4.2
1440 silly saveTree | +-- lolex@2.7.5
1440 silly saveTree | `-- nise@1.5.3
1440 silly saveTree |   +-- @sinonjs/formatio@3.2.2
1440 silly saveTree |   | +-- @sinonjs/commons@1.8.6
1440 silly saveTree |   | `-- @sinonjs/samsam@3.3.3
1440 silly saveTree |   |   `-- array-from@2.1.1
1440 silly saveTree |   +-- @sinonjs/text-encoding@0.7.2
1440 silly saveTree |   +-- just-extend@4.2.1
1440 silly saveTree |   +-- lolex@5.1.2
1440 silly saveTree |   `-- path-to-regexp@1.8.0
1440 silly saveTree |     `-- isarray@0.0.1
1440 silly saveTree +-- uglifyjs-webpack-plugin@1.3.0
1440 silly saveTree | +-- schema-utils@0.4.7
1440 silly saveTree | | +-- ajv-keywords@3.5.2
1440 silly saveTree | | `-- ajv@6.12.6
1440 silly saveTree | |   +-- fast-deep-equal@3.1.3
1440 silly saveTree | |   `-- json-schema-traverse@0.4.1
1440 silly saveTree | +-- uglify-es@3.3.9
1440 silly saveTree | | `-- commander@2.13.0
1440 silly saveTree | `-- worker-farm@1.7.0
1440 silly saveTree +-- url-loader@0.5.9
1440 silly saveTree | `-- mime@1.3.6
1440 silly saveTree +-- vue-loader@13.7.3
1440 silly saveTree | +-- consolidate@0.14.5
1440 silly saveTree | +-- hash-sum@1.0.2
1440 silly saveTree | +-- postcss-load-config@1.2.0
1440 silly saveTree | | +-- cosmiconfig@2.2.2
1440 silly saveTree | | | `-- require-from-string@1.2.1
1440 silly saveTree | | +-- postcss-load-options@1.2.0
1440 silly saveTree | | | `-- cosmiconfig@2.2.2
1440 silly saveTree | | `-- postcss-load-plugins@2.3.0
1440 silly saveTree | |   `-- cosmiconfig@2.2.2
1440 silly saveTree | +-- postcss@6.0.23
1440 silly saveTree | +-- prettier@1.19.1
1440 silly saveTree | +-- vue-hot-reload-api@2.3.4
1440 silly saveTree | +-- vue-style-loader@3.1.2
1440 silly saveTree | `-- vue-template-es2015-compiler@1.9.1
1440 silly saveTree +-- vue-router@3.6.5
1440 silly saveTree +-- vue-style-loader@3.1.2
1440 silly saveTree +-- vue-template-compiler@2.7.14
1440 silly saveTree | `-- de-indent@1.0.2
1440 silly saveTree +-- vue@2.7.14
1440 silly saveTree | +-- @vue/compiler-sfc@2.7.14
1440 silly saveTree | | +-- @babel/parser@7.21.4
1440 silly saveTree | | `-- postcss@8.4.23
1440 silly saveTree | |   +-- nanoid@3.3.6
1440 silly saveTree | |   `-- source-map-js@1.0.2
1440 silly saveTree | `-- csstype@3.1.2
1440 silly saveTree +-- webpack-bundle-analyzer@2.13.1
1440 silly saveTree | +-- bfj-node4@5.3.1
1440 silly saveTree | | +-- check-types@7.4.0
1440 silly saveTree | | `-- tryer@1.0.1
1440 silly saveTree | +-- ejs@2.7.4
1440 silly saveTree | +-- express@4.18.2
1440 silly saveTree | | +-- accepts@1.3.8
1440 silly saveTree | | | `-- negotiator@0.6.3
1440 silly saveTree | | +-- array-flatten@1.1.1
1440 silly saveTree | | +-- body-parser@1.20.1
1440 silly saveTree | | | `-- raw-body@2.5.1
1440 silly saveTree | | +-- content-disposition@0.5.4
1440 silly saveTree | | | `-- safe-buffer@5.2.1
1440 silly saveTree | | +-- cookie-signature@1.0.6
1440 silly saveTree | | +-- cookie@0.5.0
1440 silly saveTree | | +-- etag@1.8.1
1440 silly saveTree | | +-- finalhandler@1.2.0
1440 silly saveTree | | +-- fresh@0.5.2
1440 silly saveTree | | +-- merge-descriptors@1.0.1
1440 silly saveTree | | +-- methods@1.1.2
1440 silly saveTree | | +-- path-to-regexp@0.1.7
1440 silly saveTree | | +-- proxy-addr@2.0.7
1440 silly saveTree | | | +-- forwarded@0.2.0
1440 silly saveTree | | | `-- ipaddr.js@1.9.1
1440 silly saveTree | | +-- safe-buffer@5.2.1
1440 silly saveTree | | +-- send@0.18.0
1440 silly saveTree | | | `-- ms@2.1.3
1440 silly saveTree | | +-- serve-static@1.15.0
1440 silly saveTree | | `-- vary@1.1.2
1440 silly saveTree | +-- filesize@3.6.1
1440 silly saveTree | +-- gzip-size@4.1.0
1440 silly saveTree | | `-- duplexer@0.1.2
1440 silly saveTree | +-- opener@1.5.2
1440 silly saveTree | `-- ws@4.1.0
1440 silly saveTree |   `-- async-limiter@1.0.1
1440 silly saveTree +-- webpack-dev-server@2.11.5
1440 silly saveTree | +-- ansi-html@0.0.7
1440 silly saveTree | +-- bonjour@3.5.0
1440 silly saveTree | | +-- array-flatten@2.1.2
1440 silly saveTree | | +-- deep-equal@1.1.1
1440 silly saveTree | | | +-- is-arguments@1.1.1
1440 silly saveTree | | | `-- object-is@1.1.5
1440 silly saveTree | | +-- dns-equal@1.0.0
1440 silly saveTree | | +-- dns-txt@2.0.2
1440 silly saveTree | | | `-- buffer-indexof@1.1.1
1440 silly saveTree | | +-- multicast-dns-service-types@1.1.0
1440 silly saveTree | | `-- multicast-dns@6.2.3
1440 silly saveTree | |   +-- dns-packet@1.3.4
1440 silly saveTree | |   | `-- ip@1.1.8
1440 silly saveTree | |   `-- thunky@1.1.0
1440 silly saveTree | +-- chokidar@2.1.8
1440 silly saveTree | | +-- anymatch@2.0.0
1440 silly saveTree | | | +-- micromatch@3.1.10
1440 silly saveTree | | | | +-- arr-diff@4.0.0
1440 silly saveTree | | | | +-- array-unique@0.3.2
1440 silly saveTree | | | | +-- braces@2.3.2
1440 silly saveTree | | | | | +-- extend-shallow@2.0.1
1440 silly saveTree | | | | | +-- fill-range@4.0.0
1440 silly saveTree | | | | | | +-- extend-shallow@2.0.1
1440 silly saveTree | | | | | | `-- is-number@3.0.0
1440 silly saveTree | | | | | |   `-- kind-of@3.2.2
1440 silly saveTree | | | | | `-- isobject@3.0.1
1440 silly saveTree | | | | +-- extglob@2.0.4
1440 silly saveTree | | | | | +-- define-property@1.0.0
1440 silly saveTree | | | | | | `-- is-descriptor@1.0.2
1440 silly saveTree | | | | | |   +-- is-accessor-descriptor@1.0.0
1440 silly saveTree | | | | | |   | `-- kind-of@6.0.3
1440 silly saveTree | | | | | |   +-- is-data-descriptor@1.0.0
1440 silly saveTree | | | | | |   `-- kind-of@6.0.3
1440 silly saveTree | | | | | +-- expand-brackets@2.1.4
1440 silly saveTree | | | | | | +-- debug@2.6.9
1440 silly saveTree | | | | | | +-- define-property@0.2.5
1440 silly saveTree | | | | | | | `-- is-descriptor@0.1.6
1440 silly saveTree | | | | | | |   +-- is-accessor-descriptor@0.1.6
1440 silly saveTree | | | | | | |   | `-- kind-of@3.2.2
1440 silly saveTree | | | | | | |   +-- is-data-descriptor@0.1.4
1440 silly saveTree | | | | | | |   | `-- kind-of@3.2.2
1440 silly saveTree | | | | | | |   `-- kind-of@5.1.0
1440 silly saveTree | | | | | | `-- extend-shallow@2.0.1
1440 silly saveTree | | | | | `-- extend-shallow@2.0.1
1440 silly saveTree | | | | `-- kind-of@6.0.3
1440 silly saveTree | | | `-- normalize-path@2.1.1
1440 silly saveTree | | +-- braces@2.3.2
1440 silly saveTree | | +-- glob-parent@3.1.0
1440 silly saveTree | | | +-- is-glob@3.1.0
1440 silly saveTree | | | | `-- is-extglob@2.1.1
1440 silly saveTree | | | `-- path-dirname@1.0.2
1440 silly saveTree | | +-- is-glob@4.0.3
1440 silly saveTree | | +-- normalize-path@3.0.0
1440 silly saveTree | | `-- upath@1.2.0
1440 silly saveTree | +-- compression@1.7.4
1440 silly saveTree | | +-- accepts@1.3.8
1440 silly saveTree | | | `-- negotiator@0.6.3
1440 silly saveTree | | +-- bytes@3.0.0
1440 silly saveTree | | +-- compressible@2.0.18
1440 silly saveTree | | `-- on-headers@1.0.2
1440 silly saveTree | +-- connect-history-api-fallback@1.6.0
1440 silly saveTree | +-- debug@3.2.7
1440 silly saveTree | | `-- ms@2.1.3
1440 silly saveTree | +-- del@3.0.0
1440 silly saveTree | | +-- globby@6.1.0
1440 silly saveTree | | | `-- pify@2.3.0
1440 silly saveTree | | +-- is-path-cwd@1.0.0
1440 silly saveTree | | +-- is-path-in-cwd@1.0.1
1440 silly saveTree | | | `-- is-path-inside@1.0.1
1440 silly saveTree | | `-- p-map@1.2.0
1440 silly saveTree | +-- html-entities@1.4.0
1440 silly saveTree | +-- http-proxy-middleware@0.19.2
1440 silly saveTree | | +-- is-glob@4.0.3
1440 silly saveTree | | | `-- is-extglob@2.1.1
1440 silly saveTree | | `-- micromatch@3.1.10
1440 silly saveTree | |   +-- arr-diff@4.0.0
1440 silly saveTree | |   +-- array-unique@0.3.2
1440 silly saveTree | |   +-- braces@2.3.2
1440 silly saveTree | |   | +-- extend-shallow@2.0.1
1440 silly saveTree | |   | +-- fill-range@4.0.0
1440 silly saveTree | |   | | +-- extend-shallow@2.0.1
1440 silly saveTree | |   | | `-- is-number@3.0.0
1440 silly saveTree | |   | |   `-- kind-of@3.2.2
1440 silly saveTree | |   | `-- isobject@3.0.1
1440 silly saveTree | |   +-- extglob@2.0.4
1440 silly saveTree | |   | +-- define-property@1.0.0
1440 silly saveTree | |   | | `-- is-descriptor@1.0.2
1440 silly saveTree | |   | |   +-- is-accessor-descriptor@1.0.0
1440 silly saveTree | |   | |   | `-- kind-of@6.0.3
1440 silly saveTree | |   | |   +-- is-data-descriptor@1.0.0
1440 silly saveTree | |   | |   `-- kind-of@6.0.3
1440 silly saveTree | |   | +-- expand-brackets@2.1.4
1440 silly saveTree | |   | | +-- define-property@0.2.5
1440 silly saveTree | |   | | | `-- is-descriptor@0.1.6
1440 silly saveTree | |   | | |   +-- is-accessor-descriptor@0.1.6
1440 silly saveTree | |   | | |   | `-- kind-of@3.2.2
1440 silly saveTree | |   | | |   +-- is-data-descriptor@0.1.4
1440 silly saveTree | |   | | |   | `-- kind-of@3.2.2
1440 silly saveTree | |   | | |   `-- kind-of@5.1.0
1440 silly saveTree | |   | | `-- extend-shallow@2.0.1
1440 silly saveTree | |   | `-- extend-shallow@2.0.1
1440 silly saveTree | |   `-- kind-of@6.0.3
1440 silly saveTree | +-- import-local@1.0.0
1440 silly saveTree | | `-- resolve-cwd@2.0.0
1440 silly saveTree | |   `-- resolve-from@3.0.0
1440 silly saveTree | +-- internal-ip@1.2.0
1440 silly saveTree | +-- ip@1.1.8
1440 silly saveTree | +-- killable@1.0.1
1440 silly saveTree | +-- loglevel@1.8.1
1440 silly saveTree | +-- opn@5.5.0
1440 silly saveTree | +-- selfsigned@1.10.14
1440 silly saveTree | | `-- node-forge@0.10.0
1440 silly saveTree | +-- serve-index@1.9.1
1440 silly saveTree | | +-- accepts@1.3.8
1440 silly saveTree | | | `-- negotiator@0.6.3
1440 silly saveTree | | +-- batch@0.6.1
1440 silly saveTree | | `-- http-errors@1.6.3
1440 silly saveTree | |   +-- depd@1.1.2
1440 silly saveTree | |   +-- inherits@2.0.3
1440 silly saveTree | |   +-- setprototypeof@1.1.0
1440 silly saveTree | |   `-- statuses@1.5.0
1440 silly saveTree | +-- sockjs-client@1.1.5
1440 silly saveTree | | +-- eventsource@0.1.6
1440 silly saveTree | | | `-- original@1.0.2
1440 silly saveTree | | |   `-- url-parse@1.5.10
1440 silly saveTree | | |     `-- querystringify@2.2.0
1440 silly saveTree | | +-- faye-websocket@0.11.4
1440 silly saveTree | | | `-- websocket-driver@0.7.4
1440 silly saveTree | | |   +-- http-parser-js@0.5.8
1440 silly saveTree | | |   `-- websocket-extensions@0.1.4
1440 silly saveTree | | `-- url-parse@1.5.10
1440 silly saveTree | +-- sockjs@0.3.19
1440 silly saveTree | | `-- faye-websocket@0.10.0
1440 silly saveTree | +-- spdy@4.0.2
1440 silly saveTree | | +-- debug@4.3.4
1440 silly saveTree | | | `-- ms@2.1.2
1440 silly saveTree | | +-- handle-thing@2.0.1
1440 silly saveTree | | +-- http-deceiver@1.2.7
1440 silly saveTree | | +-- select-hose@2.0.0
1440 silly saveTree | | `-- spdy-transport@3.0.0
1440 silly saveTree | |   +-- debug@4.3.4
1440 silly saveTree | |   | `-- ms@2.1.2
1440 silly saveTree | |   +-- detect-node@2.1.0
1440 silly saveTree | |   +-- hpack.js@2.1.6
1440 silly saveTree | |   | +-- obuf@1.1.2
1440 silly saveTree | |   | `-- wbuf@1.7.3
1440 silly saveTree | |   |   `-- minimalistic-assert@1.0.1
1440 silly saveTree | |   +-- obuf@1.1.2
1440 silly saveTree | |   +-- readable-stream@3.6.2
1440 silly saveTree | |   `-- wbuf@1.7.3
1440 silly saveTree | `-- yargs@6.6.0
1440 silly saveTree |   +-- camelcase@3.0.0
1440 silly saveTree |   +-- cliui@3.2.0
1440 silly saveTree |   | +-- string-width@1.0.2
1440 silly saveTree |   | | +-- code-point-at@1.1.0
1440 silly saveTree |   | | `-- is-fullwidth-code-point@1.0.0
1440 silly saveTree |   | |   `-- number-is-nan@1.0.1
1440 silly saveTree |   | `-- wrap-ansi@2.1.0
1440 silly saveTree |   |   `-- string-width@1.0.2
1440 silly saveTree |   |     `-- is-fullwidth-code-point@1.0.0
1440 silly saveTree |   +-- get-caller-file@1.0.3
1440 silly saveTree |   +-- os-locale@1.4.0
1440 silly saveTree |   | `-- lcid@1.0.0
1440 silly saveTree |   |   `-- invert-kv@1.0.0
1440 silly saveTree |   +-- require-directory@2.1.1
1440 silly saveTree |   +-- set-blocking@2.0.0
1440 silly saveTree |   +-- string-width@1.0.2
1440 silly saveTree |   +-- which-module@1.0.0
1440 silly saveTree |   +-- y18n@3.2.2
1440 silly saveTree |   `-- yargs-parser@4.2.1
1440 silly saveTree +-- webpack-merge@4.2.2
1440 silly saveTree `-- webpack@3.12.0
1440 silly saveTree   +-- acorn-dynamic-import@2.0.2
1440 silly saveTree   | `-- acorn@4.0.13
1440 silly saveTree   +-- ajv-keywords@3.5.2
1440 silly saveTree   +-- ajv@6.12.6
1440 silly saveTree   | +-- fast-deep-equal@3.1.3
1440 silly saveTree   | `-- json-schema-traverse@0.4.1
1440 silly saveTree   +-- enhanced-resolve@3.4.1
1440 silly saveTree   | `-- tapable@0.2.9
1440 silly saveTree   +-- escope@3.6.0
1440 silly saveTree   | +-- es6-map@0.1.5
1440 silly saveTree   | | +-- d@1.0.1
1440 silly saveTree   | | | +-- es5-ext@0.10.62
1440 silly saveTree   | | | | +-- es6-iterator@2.0.3
1440 silly saveTree   | | | | | `-- es6-symbol@3.1.3
1440 silly saveTree   | | | | |   `-- ext@1.7.0
1440 silly saveTree   | | | | |     `-- type@2.7.2
1440 silly saveTree   | | | | +-- es6-symbol@3.1.3
1440 silly saveTree   | | | | `-- next-tick@1.1.0
1440 silly saveTree   | | | `-- type@1.2.0
1440 silly saveTree   | | +-- es5-ext@0.10.62
1440 silly saveTree   | | +-- es6-iterator@2.0.3
1440 silly saveTree   | | +-- es6-set@0.1.6
1440 silly saveTree   | | | +-- event-emitter@0.3.5
1440 silly saveTree   | | | `-- type@2.7.2
1440 silly saveTree   | | +-- es6-symbol@3.1.3
1440 silly saveTree   | | `-- event-emitter@0.3.5
1440 silly saveTree   | `-- es6-weak-map@2.0.3
1440 silly saveTree   +-- json-loader@0.5.7
1440 silly saveTree   +-- loader-runner@2.4.0
1440 silly saveTree   +-- node-libs-browser@2.2.1
1440 silly saveTree   | +-- assert@1.5.0
1440 silly saveTree   | | `-- util@0.10.3
1440 silly saveTree   | |   `-- inherits@2.0.1
1440 silly saveTree   | +-- browserify-zlib@0.2.0
1440 silly saveTree   | | `-- pako@1.0.11
1440 silly saveTree   | +-- buffer@4.9.2
1440 silly saveTree   | | +-- base64-js@1.5.1
1440 silly saveTree   | | `-- ieee754@1.2.1
1440 silly saveTree   | +-- console-browserify@1.2.0
1440 silly saveTree   | +-- constants-browserify@1.0.0
1440 silly saveTree   | +-- crypto-browserify@3.12.0
1440 silly saveTree   | | +-- browserify-cipher@1.0.1
1440 silly saveTree   | | | +-- browserify-aes@1.2.0
1440 silly saveTree   | | | | +-- buffer-xor@1.0.3
1440 silly saveTree   | | | | +-- cipher-base@1.0.4
1440 silly saveTree   | | | | +-- create-hash@1.2.0
1440 silly saveTree   | | | | | +-- md5.js@1.3.5
1440 silly saveTree   | | | | | | `-- hash-base@3.1.0
1440 silly saveTree   | | | | | |   +-- readable-stream@3.6.2
1440 silly saveTree   | | | | | |   `-- safe-buffer@5.2.1
1440 silly saveTree   | | | | | +-- ripemd160@2.0.2
1440 silly saveTree   | | | | | `-- sha.js@2.4.11
1440 silly saveTree   | | | | `-- evp_bytestokey@1.0.3
1440 silly saveTree   | | | +-- browserify-des@1.0.2
1440 silly saveTree   | | | | `-- des.js@1.0.1
1440 silly saveTree   | | | `-- evp_bytestokey@1.0.3
1440 silly saveTree   | | +-- browserify-sign@4.2.1
1440 silly saveTree   | | | +-- bn.js@5.2.1
1440 silly saveTree   | | | +-- browserify-rsa@4.1.0
1440 silly saveTree   | | | | `-- randombytes@2.1.0
1440 silly saveTree   | | | +-- create-hmac@1.1.7
1440 silly saveTree   | | | +-- elliptic@6.5.4
1440 silly saveTree   | | | | +-- bn.js@4.12.0
1440 silly saveTree   | | | | +-- brorand@1.1.0
1440 silly saveTree   | | | | +-- hash.js@1.1.7
1440 silly saveTree   | | | | +-- hmac-drbg@1.0.1
1440 silly saveTree   | | | | | `-- minimalistic-crypto-utils@1.0.1
1440 silly saveTree   | | | | `-- minimalistic-crypto-utils@1.0.1
1440 silly saveTree   | | | +-- parse-asn1@5.1.6
1440 silly saveTree   | | | | +-- asn1.js@5.4.1
1440 silly saveTree   | | | | | `-- bn.js@4.12.0
1440 silly saveTree   | | | | `-- pbkdf2@3.1.2
1440 silly saveTree   | | | +-- readable-stream@3.6.2
1440 silly saveTree   | | | `-- safe-buffer@5.2.1
1440 silly saveTree   | | +-- create-ecdh@4.0.4
1440 silly saveTree   | | | `-- bn.js@4.12.0
1440 silly saveTree   | | +-- create-hash@1.2.0
1440 silly saveTree   | | +-- create-hmac@1.1.7
1440 silly saveTree   | | +-- diffie-hellman@5.0.3
1440 silly saveTree   | | | +-- bn.js@4.12.0
1440 silly saveTree   | | | `-- miller-rabin@4.0.1
1440 silly saveTree   | | |   `-- bn.js@4.12.0
1440 silly saveTree   | | +-- pbkdf2@3.1.2
1440 silly saveTree   | | +-- public-encrypt@4.0.3
1440 silly saveTree   | | | `-- bn.js@4.12.0
1440 silly saveTree   | | +-- randombytes@2.1.0
1440 silly saveTree   | | `-- randomfill@1.0.4
1440 silly saveTree   | +-- domain-browser@1.2.0
1440 silly saveTree   | +-- events@3.3.0
1440 silly saveTree   | +-- https-browserify@1.0.0
1440 silly saveTree   | +-- os-browserify@0.3.0
1440 silly saveTree   | +-- path-browserify@0.0.1
1440 silly saveTree   | +-- process@0.11.10
1440 silly saveTree   | +-- punycode@1.4.1
1440 silly saveTree   | +-- querystring-es3@0.2.1
1440 silly saveTree   | +-- stream-browserify@2.0.2
1440 silly saveTree   | +-- stream-http@2.8.3
1440 silly saveTree   | | +-- builtin-status-codes@3.0.0
1440 silly saveTree   | | `-- to-arraybuffer@1.0.1
1440 silly saveTree   | +-- timers-browserify@2.0.12
1440 silly saveTree   | | `-- setimmediate@1.0.5
1440 silly saveTree   | +-- tty-browserify@0.0.0
1440 silly saveTree   | +-- url@0.11.0
1440 silly saveTree   | | +-- punycode@1.3.2
1440 silly saveTree   | | `-- querystring@0.2.0
1440 silly saveTree   | +-- util@0.11.1
1440 silly saveTree   | | `-- inherits@2.0.3
1440 silly saveTree   | `-- vm-browserify@1.1.2
1440 silly saveTree   +-- source-map@0.5.7
1440 silly saveTree   +-- supports-color@4.5.0
1440 silly saveTree   | `-- has-flag@2.0.0
1440 silly saveTree   +-- tapable@0.2.9
1440 silly saveTree   +-- uglifyjs-webpack-plugin@0.4.6
1440 silly saveTree   | `-- uglify-js@2.8.29
1440 silly saveTree   |   +-- uglify-to-browserify@1.0.2
1440 silly saveTree   |   `-- yargs@3.10.0
1440 silly saveTree   |     +-- camelcase@1.2.1
1440 silly saveTree   |     +-- cliui@2.1.0
1440 silly saveTree   |     | +-- center-align@0.1.3
1440 silly saveTree   |     | | +-- align-text@0.1.4
1440 silly saveTree   |     | | | `-- longest@1.0.1
1440 silly saveTree   |     | | `-- lazy-cache@1.0.4
1440 silly saveTree   |     | +-- right-align@0.1.3
1440 silly saveTree   |     | `-- wordwrap@0.0.2
1440 silly saveTree   |     `-- window-size@0.1.0
1440 silly saveTree   +-- watchpack@1.7.5
1440 silly saveTree   | +-- chokidar@3.5.3
1440 silly saveTree   | | +-- anymatch@3.1.3
1440 silly saveTree   | | | +-- normalize-path@3.0.0
1440 silly saveTree   | | | `-- picomatch@2.3.1
1440 silly saveTree   | | +-- braces@3.0.2
1440 silly saveTree   | | | `-- fill-range@7.0.1
1440 silly saveTree   | | |   `-- to-regex-range@5.0.1
1440 silly saveTree   | | |     `-- is-number@7.0.0
1440 silly saveTree   | | +-- fsevents@2.3.2
1440 silly saveTree   | | +-- glob-parent@5.1.2
1440 silly saveTree   | | | `-- is-glob@4.0.3
1440 silly saveTree   | | |   `-- is-extglob@2.1.1
1440 silly saveTree   | | +-- is-binary-path@2.1.0
1440 silly saveTree   | | | `-- binary-extensions@2.2.0
1440 silly saveTree   | | +-- is-glob@4.0.3
1440 silly saveTree   | | +-- normalize-path@3.0.0
1440 silly saveTree   | | `-- readdirp@3.6.0
1440 silly saveTree   | `-- watchpack-chokidar2@2.0.1
1440 silly saveTree   |   `-- chokidar@2.1.8
1440 silly saveTree   |     +-- anymatch@2.0.0
1440 silly saveTree   |     | +-- micromatch@3.1.10
1440 silly saveTree   |     | | +-- arr-diff@4.0.0
1440 silly saveTree   |     | | +-- array-unique@0.3.2
1440 silly saveTree   |     | | +-- braces@2.3.2
1440 silly saveTree   |     | | | +-- extend-shallow@2.0.1
1440 silly saveTree   |     | | | +-- fill-range@4.0.0
1440 silly saveTree   |     | | | | +-- extend-shallow@2.0.1
1440 silly saveTree   |     | | | | `-- is-number@3.0.0
1440 silly saveTree   |     | | | |   `-- kind-of@3.2.2
1440 silly saveTree   |     | | | `-- isobject@3.0.1
1440 silly saveTree   |     | | +-- extglob@2.0.4
1440 silly saveTree   |     | | | +-- define-property@1.0.0
1440 silly saveTree   |     | | | | `-- is-descriptor@1.0.2
1440 silly saveTree   |     | | | |   +-- is-accessor-descriptor@1.0.0
1440 silly saveTree   |     | | | |   | `-- kind-of@6.0.3
1440 silly saveTree   |     | | | |   +-- is-data-descriptor@1.0.0
1440 silly saveTree   |     | | | |   `-- kind-of@6.0.3
1440 silly saveTree   |     | | | +-- expand-brackets@2.1.4
1440 silly saveTree   |     | | | | +-- define-property@0.2.5
1440 silly saveTree   |     | | | | | `-- is-descriptor@0.1.6
1440 silly saveTree   |     | | | | |   +-- is-accessor-descriptor@0.1.6
1440 silly saveTree   |     | | | | |   | `-- kind-of@3.2.2
1440 silly saveTree   |     | | | | |   +-- is-data-descriptor@0.1.4
1440 silly saveTree   |     | | | | |   | `-- kind-of@3.2.2
1440 silly saveTree   |     | | | | |   `-- kind-of@5.1.0
1440 silly saveTree   |     | | | | `-- extend-shallow@2.0.1
1440 silly saveTree   |     | | | `-- extend-shallow@2.0.1
1440 silly saveTree   |     | | `-- kind-of@6.0.3
1440 silly saveTree   |     | `-- normalize-path@2.1.1
1440 silly saveTree   |     +-- braces@2.3.2
1440 silly saveTree   |     +-- glob-parent@3.1.0
1440 silly saveTree   |     | `-- is-glob@3.1.0
1440 silly saveTree   |     |   `-- is-extglob@2.1.1
1440 silly saveTree   |     +-- is-glob@4.0.3
1440 silly saveTree   |     `-- normalize-path@3.0.0
1440 silly saveTree   `-- yargs@8.0.2
1440 silly saveTree     +-- camelcase@4.1.0
1440 silly saveTree     +-- cliui@3.2.0
1440 silly saveTree     | `-- string-width@1.0.2
1440 silly saveTree     |   `-- is-fullwidth-code-point@1.0.0
1440 silly saveTree     +-- os-locale@2.1.0
1440 silly saveTree     | +-- execa@0.7.0
1440 silly saveTree     | | +-- cross-spawn@5.1.0
1440 silly saveTree     | | +-- get-stream@3.0.0
1440 silly saveTree     | | +-- npm-run-path@2.0.2
1440 silly saveTree     | | +-- p-finally@1.0.0
1440 silly saveTree     | | `-- strip-eof@1.0.0
1440 silly saveTree     | `-- mem@1.1.0
1440 silly saveTree     +-- read-pkg-up@2.0.0
1440 silly saveTree     | `-- read-pkg@2.0.0
1440 silly saveTree     |   +-- load-json-file@2.0.0
1440 silly saveTree     |   | +-- pify@2.3.0
1440 silly saveTree     |   | `-- strip-bom@3.0.0
1440 silly saveTree     |   `-- path-type@2.0.0
1440 silly saveTree     +-- which-module@2.0.1
1440 silly saveTree     +-- y18n@3.2.2
1440 silly saveTree     `-- yargs-parser@7.0.0
1440 silly saveTree       `-- camelcase@4.1.0
1441 warn optional SKIPPING OPTIONAL DEPENDENCY: fsevents@^1.0.0 (node_modules\chokidar\node_modules\fsevents):
1442 warn notsup SKIPPING OPTIONAL DEPENDENCY: Unsupported platform for fsevents@1.2.13: wanted {"os":"darwin","arch":"any"} (current: {"os":"win32","arch":"x64"})
1443 verbose notsup SKIPPING OPTIONAL DEPENDENCY: Valid OS:    darwin
1443 verbose notsup SKIPPING OPTIONAL DEPENDENCY: Valid Arch:  any
1443 verbose notsup SKIPPING OPTIONAL DEPENDENCY: Actual OS:   win32
1443 verbose notsup SKIPPING OPTIONAL DEPENDENCY: Actual Arch: x64
1444 warn optional SKIPPING OPTIONAL DEPENDENCY: fsevents@~2.3.2 (node_modules\watchpack\node_modules\chokidar\node_modules\fsevents):
1445 warn notsup SKIPPING OPTIONAL DEPENDENCY: Unsupported platform for fsevents@2.3.2: wanted {"os":"darwin","arch":"any"} (current: {"os":"win32","arch":"x64"})
1446 verbose notsup SKIPPING OPTIONAL DEPENDENCY: Valid OS:    darwin
1446 verbose notsup SKIPPING OPTIONAL DEPENDENCY: Valid Arch:  any
1446 verbose notsup SKIPPING OPTIONAL DEPENDENCY: Actual OS:   win32
1446 verbose notsup SKIPPING OPTIONAL DEPENDENCY: Actual Arch: x64
1447 warn update-browserslist-db@1.0.11 requires a peer of browserslist@>= 4.21.0 but none is installed. You must install peer dependencies yourself.
1448 verbose stack Error: phantomjs-prebuilt@2.1.16 install: `node install.js`
1448 verbose stack Exit status 1
1448 verbose stack     at EventEmitter.<anonymous> (D:\software\development\node_modules\npm\node_modules\npm-lifecycle\index.js:332:16)
1448 verbose stack     at EventEmitter.emit (events.js:315:20)
1448 verbose stack     at ChildProcess.<anonymous> (D:\software\development\node_modules\npm\node_modules\npm-lifecycle\lib\spawn.js:55:14)
1448 verbose stack     at ChildProcess.emit (events.js:315:20)
1448 verbose stack     at maybeClose (internal/child_process.js:1048:16)
1448 verbose stack     at Process.ChildProcess._handle.onexit (internal/child_process.js:288:5)
1449 verbose pkgid phantomjs-prebuilt@2.1.16
1450 verbose cwd D:\software\CodeLibrary\es-vue-project
1451 verbose Windows_NT 10.0.19045
1452 verbose argv "D:\\software\\development\\node.exe" "D:\\software\\development\\node_modules\\npm\\bin\\npm-cli.js" "install"
1453 verbose node v14.16.0
1454 verbose npm  v6.14.11
1455 error code ELIFECYCLE
1456 error errno 1
1457 error phantomjs-prebuilt@2.1.16 install: `node install.js`
1457 error Exit status 1
1458 error Failed at the phantomjs-prebuilt@2.1.16 install script.
1458 error This is probably not a problem with npm. There is likely additional logging output above.
1459 verbose exit [ 1, true ]
